Seq	Host	Starttime	JobRuntime	Send	Receive	Exitval	Signal	Command
1	:	1700000000.000	10.000	0	0	0	0	./bin/champsim_goldencove_1c_ddr5 --warmup-instructions 200000000 --ramulator-stats results/1c/ddr5/ramulator/600.perlbench_s-1273B.yaml --json results/1c/ddr5/champsim/600.perlbench_s-1273B.json traces/600.perlbench_s-1273B.champsimtrace.xz
2	:	1700000000.000	10.000	0	0	0	0	./bin/champsim_goldencove_1c_ddr5 --warmup-instructions 200000000 --ramulator-stats results/1c/ddr5/ramulator/600.perlbench_s-210B.yaml --json results/1c/ddr5/champsim/600.perlbench_s-210B.json traces/600.perlbench_s-210B.champsimtrace.xz
3	:	1700000000.000	10.000	0	0	0	0	./bin/champsim_goldencove_1c_ddr5 --warmup-instructions 200000000 --ramulator-stats results/1c/ddr5/ramulator/600.perlbench_s-570B.yaml --json results/1c/ddr5/champsim/600.perlbench_s-570B.json traces/600.perlbench_s-570B.champsimtrace.xz
4	:	1700000000.000	10.000	0	0	0	0	./bin/champsim_goldencove_1c_ddr5 --warmup-instructions 200000000 --ramulator-stats results/1c/ddr5/ramulator/602.gcc_s-1850B.yaml --json results/1c/ddr5/champsim/602.gcc_s-1850B.json traces/602.gcc_s-1850B.champsimtrace.xz
5	:	1700000000.000	10.000	0	0	0	0	./bin/champsim_goldencove_1c_ddr5 --warmup-instructions 200000000 --ramulator-stats results/1c/ddr5/ramulator/602.gcc_s-2226B.yaml --json results/1c/ddr5/champsim/602.gcc_s-2226B.json traces/602.gcc_s-2226B.champsimtrace.xz
6	:	1700000000.000	10.000	0	0	0	0	./bin/champsim_goldencove_1c_ddr5 --warmup-instructions 200000000 --ramulator-stats results/1c/ddr5/ramulator/602.gcc_s-2375B.yaml --json results/1c/ddr5/champsim/602.gcc_s-2375B.json traces/602.gcc_s-2375B.champsimtrace.xz
7	:	1700000000.000	10.000	0	0	0	0	./bin/champsim_goldencove_1c_ddr5 --warmup-instructions 200000000 --ramulator-stats results/1c/ddr5/ramulator/602.gcc_s-734B.yaml --json results/1c/ddr5/champsim/602.gcc_s-734B.json traces/602.gcc_s-734B.champsimtrace.xz
8	:	1700000000.000	10.000	0	0	0	0	./bin/champsim_goldencove_1c_ddr5 --warmup-instructions 200000000 --ramulator-stats results/1c/ddr5/ramulator/603.bwaves_s-1080B.yaml --json results/1c/ddr5/champsim/603.bwaves_s-1080B.json traces/603.bwaves_s-1080B.champsimtrace.xz
9	:	1700000000.000	10.000	0	0	0	0	./bin/champsim_goldencove_1c_ddr5 --warmup-instructions 200000000 --ramulator-stats results/1c/ddr5/ramulator/603.bwaves_s-1740B.yaml --json results/1c/ddr5/champsim/603.bwaves_s-1740B.json traces/603.bwaves_s-1740B.champsimtrace.xz
10	:	1700000000.000	10.000	0	0	0	0	./bin/champsim_goldencove_1c_ddr5 --warmup-instructions 200000000 --ramulator-stats results/1c/ddr5/ramulator/603.bwaves_s-2609B.yaml --json results/1c/ddr5/champsim/603.bwaves_s-2609B.json traces/603.bwaves_s-2609B.champsimtrace.xz
11	:	1700000000.000	10.000	0	0	0	0	./bin/champsim_goldencove_1c_ddr5 --warmup-instructions 200000000 --ramulator-stats results/1c/ddr5/ramulator/603.bwaves_s-2931B.yaml --json results/1c/ddr5/champsim/603.bwaves_s-2931B.json traces/603.bwaves_s-2931B.champsimtrace.xz
12	:	1700000000.000	10.000	0	0	0	0	./bin/champsim_goldencove_1c_ddr5 --warmup-instructions 200000000 --ramulator-stats results/1c/ddr5/ramulator/603.bwaves_s-3699B.yaml --json results/1c/ddr5/champsim/603.bwaves_s-3699B.json traces/603.bwaves_s-3699B.champsimtrace.xz
13	:	1700000000.000	10.000	0	0	0	0	./bin/champsim_goldencove_1c_ddr5 --warmup-instructions 200000000 --ramulator-stats results/1c/ddr5/ramulator/603.bwaves_s-5359B.yaml --json results/1c/ddr5/champsim/603.bwaves_s-5359B.json traces/603.bwaves_s-5359B.champsimtrace.xz
14	:	1700000000.000	10.000	0	0	0	0	./bin/champsim_goldencove_1c_ddr5 --warmup-instructions 200000000 --ramulator-stats results/1c/ddr5/ramulator/603.bwaves_s-891B.yaml --json results/1c/ddr5/champsim/603.bwaves_s-891B.json traces/603.bwaves_s-891B.champsimtrace.xz
15	:	1700000000.000	10.000	0	0	0	0	./bin/champsim_goldencove_1c_ddr5 --warmup-instructions 200000000 --ramulator-stats results/1c/ddr5/ramulator/605.mcf_s-1152B.yaml --json results/1c/ddr5/champsim/605.mcf_s-1152B.json traces/605.mcf_s-1152B.champsimtrace.xz
16	:	1700000000.000	10.000	0	0	0	0	./bin/champsim_goldencove_1c_ddr5 --warmup-instructions 200000000 --ramulator-stats results/1c/ddr5/ramulator/605.mcf_s-1536B.yaml --json results/1c/ddr5/champsim/605.mcf_s-1536B.json traces/605.mcf_s-1536B.champsimtrace.xz
17	:	1700000000.000	10.000	0	0	0	0	./bin/champsim_goldencove_1c_ddr5 --warmup-instructions 200000000 --ramulator-stats results/1c/ddr5/ramulator/605.mcf_s-1554B.yaml --json results/1c/ddr5/champsim/605.mcf_s-1554B.json traces/605.mcf_s-1554B.champsimtrace.xz
18	:	1700000000.000	10.000	0	0	0	0	./bin/champsim_goldencove_1c_ddr5 --warmup-instructions 200000000 --ramulator-stats results/1c/ddr5/ramulator/605.mcf_s-1644B.yaml --json results/1c/ddr5/champsim/605.mcf_s-1644B.json traces/605.mcf_s-1644B.champsimtrace.xz
19	:	1700000000.000	10.000	0	0	0	0	./bin/champsim_goldencove_1c_ddr5 --warmup-instructions 200000000 --ramulator-stats results/1c/ddr5/ramulator/605.mcf_s-472B.yaml --json results/1c/ddr5/champsim/605.mcf_s-472B.json traces/605.mcf_s-472B.champsimtrace.xz
20	:	1700000000.000	10.000	0	0	0	0	./bin/champsim_goldencove_1c_ddr5 --warmup-instructions 200000000 --ramulator-stats results/1c/ddr5/ramulator/605.mcf_s-484B.yaml --json results/1c/ddr5/champsim/605.mcf_s-484B.json traces/605.mcf_s-484B.champsimtrace.xz
21	:	1700000000.000	10.000	0	0	0	0	./bin/champsim_goldencove_1c_ddr5 --warmup-instructions 200000000 --ramulator-stats results/1c/ddr5/ramulator/605.mcf_s-665B.yaml --json results/1c/ddr5/champsim/605.mcf_s-665B.json traces/605.mcf_s-665B.champsimtrace.xz
22	:	1700000000.000	10.000	0	0	0	0	./bin/champsim_goldencove_1c_ddr5 --warmup-instructions 200000000 --ramulator-stats results/1c/ddr5/ramulator/605.mcf_s-782B.yaml --json results/1c/ddr5/champsim/605.mcf_s-782B.json traces/605.mcf_s-782B.champsimtrace.xz
23	:	1700000000.000	10.000	0	0	0	0	./bin/champsim_goldencove_1c_ddr5 --warmup-instructions 200000000 --ramulator-stats results/1c/ddr5/ramulator/605.mcf_s-994B.yaml --json results/1c/ddr5/champsim/605.mcf_s-994B.json traces/605.mcf_s-994B.champsimtrace.xz
24	:	1700000000.000	10.000	0	0	0	0	./bin/champsim_goldencove_1c_ddr5 --warmup-instructions 200000000 --ramulator-stats results/1c/ddr5/ramulator/607.cactuBSSN_s-2421B.yaml --json results/1c/ddr5/champsim/607.cactuBSSN_s-2421B.json traces/607.cactuBSSN_s-2421B.champsimtrace.xz
25	:	1700000000.000	10.000	0	0	0	0	./bin/champsim_goldencove_1c_ddr5 --warmup-instructions 200000000 --ramulator-stats results/1c/ddr5/ramulator/607.cactuBSSN_s-3477B.yaml --json results/1c/ddr5/champsim/607.cactuBSSN_s-3477B.json traces/607.cactuBSSN_s-3477B.champsimtrace.xz
26	:	1700000000.000	10.000	0	0	0	0	./bin/champsim_goldencove_1c_ddr5 --warmup-instructions 200000000 --ramulator-stats results/1c/ddr5/ramulator/607.cactuBSSN_s-4004B.yaml --json results/1c/ddr5/champsim/607.cactuBSSN_s-4004B.json traces/607.cactuBSSN_s-4004B.champsimtrace.xz
27	:	1700000000.000	10.000	0	0	0	0	./bin/champsim_goldencove_1c_ddr5 --warmup-instructions 200000000 --ramulator-stats results/1c/ddr5/ramulator/607.cactuBSSN_s-4248B.yaml --json results/1c/ddr5/champsim/607.cactuBSSN_s-4248B.json traces/607.cactuBSSN_s-4248B.champsimtrace.xz
28	:	1700000000.000	10.000	0	0	0	0	./bin/champsim_goldencove_1c_ddr5 --warmup-instructions 200000000 --ramulator-stats results/1c/ddr5/ramulator/619.lbm_s-2676B.yaml --json results/1c/ddr5/champsim/619.lbm_s-2676B.json traces/619.lbm_s-2676B.champsimtrace.xz
29	:	1700000000.000	10.000	0	0	0	0	./bin/champsim_goldencove_1c_ddr5 --warmup-instructions 200000000 --ramulator-stats results/1c/ddr5/ramulator/619.lbm_s-2677B.yaml --json results/1c/ddr5/champsim/619.lbm_s-2677B.json traces/619.lbm_s-2677B.champsimtrace.xz
30	:	1700000000.000	10.000	0	0	0	0	./bin/champsim_goldencove_1c_ddr5 --warmup-instructions 200000000 --ramulator-stats results/1c/ddr5/ramulator/619.lbm_s-3766B.yaml --json results/1c/ddr5/champsim/619.lbm_s-3766B.json traces/619.lbm_s-3766B.champsimtrace.xz
31	:	1700000000.000	10.000	0	0	0	0	./bin/champsim_goldencove_1c_ddr5 --warmup-instructions 200000000 --ramulator-stats results/1c/ddr5/ramulator/619.lbm_s-4268B.yaml --json results/1c/ddr5/champsim/619.lbm_s-4268B.json traces/619.lbm_s-4268B.champsimtrace.xz
32	:	1700000000.000	10.000	0	0	0	0	./bin/champsim_goldencove_1c_ddr5 --warmup-instructions 200000000 --ramulator-stats results/1c/ddr5/ramulator/620.omnetpp_s-141B.yaml --json results/1c/ddr5/champsim/620.omnetpp_s-141B.json traces/620.omnetpp_s-141B.champsimtrace.xz
33	:	1700000000.000	10.000	0	0	0	0	./bin/champsim_goldencove_1c_ddr5 --warmup-instructions 200000000 --ramulator-stats results/1c/ddr5/ramulator/620.omnetpp_s-874B.yaml --json results/1c/ddr5/champsim/620.omnetpp_s-874B.json traces/620.omnetpp_s-874B.champsimtrace.xz
34	:	1700000000.000	10.000	0	0	0	0	./bin/champsim_goldencove_1c_ddr5 --warmup-instructions 200000000 --ramulator-stats results/1c/ddr5/ramulator/621.wrf_s-575B.yaml --json results/1c/ddr5/champsim/621.wrf_s-575B.json traces/621.wrf_s-575B.champsimtrace.xz
35	:	1700000000.000	10.000	0	0	0	0	./bin/champsim_goldencove_1c_ddr5 --warmup-instructions 200000000 --ramulator-stats results/1c/ddr5/ramulator/621.wrf_s-6673B.yaml --json results/1c/ddr5/champsim/621.wrf_s-6673B.json traces/621.wrf_s-6673B.champsimtrace.xz
36	:	1700000000.000	10.000	0	0	0	0	./bin/champsim_goldencove_1c_ddr5 --warmup-instructions 200000000 --ramulator-stats results/1c/ddr5/ramulator/621.wrf_s-8065B.yaml --json results/1c/ddr5/champsim/621.wrf_s-8065B.json traces/621.wrf_s-8065B.champsimtrace.xz
37	:	1700000000.000	10.000	0	0	0	0	./bin/champsim_goldencove_1c_ddr5 --warmup-instructions 200000000 --ramulator-stats results/1c/ddr5/ramulator/621.wrf_s-8100B.yaml --json results/1c/ddr5/champsim/621.wrf_s-8100B.json traces/621.wrf_s-8100B.champsimtrace.xz
38	:	1700000000.000	10.000	0	0	0	0	./bin/champsim_goldencove_1c_ddr5 --warmup-instructions 200000000 --ramulator-stats results/1c/ddr5/ramulator/623.xalancbmk_s-10B.yaml --json results/1c/ddr5/champsim/623.xalancbmk_s-10B.json traces/623.xalancbmk_s-10B.champsimtrace.xz
39	:	1700000000.000	10.000	0	0	0	0	./bin/champsim_goldencove_1c_ddr5 --warmup-instructions 200000000 --ramulator-stats results/1c/ddr5/ramulator/623.xalancbmk_s-165B.yaml --json results/1c/ddr5/champsim/623.xalancbmk_s-165B.json traces/623.xalancbmk_s-165B.champsimtrace.xz
40	:	1700000000.000	10.000	0	0	0	0	./bin/champsim_goldencove_1c_ddr5 --warmup-instructions 200000000 --ramulator-stats results/1c/ddr5/ramulator/623.xalancbmk_s-202B.yaml --json results/1c/ddr5/champsim/623.xalancbmk_s-202B.json traces/623.xalancbmk_s-202B.champsimtrace.xz
41	:	1700000000.000	10.000	0	0	0	0	./bin/champsim_goldencove_1c_ddr5 --warmup-instructions 200000000 --ramulator-stats results/1c/ddr5/ramulator/623.xalancbmk_s-325B.yaml --json results/1c/ddr5/champsim/623.xalancbmk_s-325B.json traces/623.xalancbmk_s-325B.champsimtrace.xz
42	:	1700000000.000	10.000	0	0	0	0	./bin/champsim_goldencove_1c_ddr5 --warmup-instructions 200000000 --ramulator-stats results/1c/ddr5/ramulator/623.xalancbmk_s-592B.yaml --json results/1c/ddr5/champsim/623.xalancbmk_s-592B.json traces/623.xalancbmk_s-592B.champsimtrace.xz
43	:	1700000000.000	10.000	0	0	0	0	./bin/champsim_goldencove_1c_ddr5 --warmup-instructions 200000000 --ramulator-stats results/1c/ddr5/ramulator/623.xalancbmk_s-700B.yaml --json results/1c/ddr5/champsim/623.xalancbmk_s-700B.json traces/623.xalancbmk_s-700B.champsimtrace.xz
44	:	1700000000.000	10.000	0	0	0	0	./bin/champsim_goldencove_1c_ddr5 --warmup-instructions 200000000 --ramulator-stats results/1c/ddr5/ramulator/625.x264_s-12B.yaml --json results/1c/ddr5/champsim/625.x264_s-12B.json traces/625.x264_s-12B.champsimtrace.xz
45	:	1700000000.000	10.000	0	0	0	0	./bin/champsim_goldencove_1c_ddr5 --warmup-instructions 200000000 --ramulator-stats results/1c/ddr5/ramulator/625.x264_s-18B.yaml --json results/1c/ddr5/champsim/625.x264_s-18B.json traces/625.x264_s-18B.champsimtrace.xz
46	:	1700000000.000	10.000	0	0	0	0	./bin/champsim_goldencove_1c_ddr5 --warmup-instructions 200000000 --ramulator-stats results/1c/ddr5/ramulator/625.x264_s-20B.yaml --json results/1c/ddr5/champsim/625.x264_s-20B.json traces/625.x264_s-20B.champsimtrace.xz
47	:	1700000000.000	10.000	0	0	0	0	./bin/champsim_goldencove_1c_ddr5 --warmup-instructions 200000000 --ramulator-stats results/1c/ddr5/ramulator/625.x264_s-33B.yaml --json results/1c/ddr5/champsim/625.x264_s-33B.json traces/625.x264_s-33B.champsimtrace.xz
48	:	1700000000.000	10.000	0	0	0	0	./bin/champsim_goldencove_1c_ddr5 --warmup-instructions 200000000 --ramulator-stats results/1c/ddr5/ramulator/625.x264_s-39B.yaml --json results/1c/ddr5/champsim/625.x264_s-39B.json traces/625.x264_s-39B.champsimtrace.xz
49	:	1700000000.000	10.000	0	0	0	0	./bin/champsim_goldencove_1c_ddr5 --warmup-instructions 200000000 --ramulator-stats results/1c/ddr5/ramulator/627.cam4_s-490B.yaml --json results/1c/ddr5/champsim/627.cam4_s-490B.json traces/627.cam4_s-490B.champsimtrace.xz
50	:	1700000000.000	10.000	0	0	0	0	./bin/champsim_goldencove_1c_ddr5 --warmup-instructions 200000000 --ramulator-stats results/1c/ddr5/ramulator/627.cam4_s-573B.yaml --json results/1c/ddr5/champsim/627.cam4_s-573B.json traces/627.cam4_s-573B.champsimtrace.xz
51	:	1700000000.000	10.000	0	0	0	0	./bin/champsim_goldencove_1c_ddr5 --warmup-instructions 200000000 --ramulator-stats results/1c/ddr5/ramulator/628.pop2_s-17B.yaml --json results/1c/ddr5/champsim/628.pop2_s-17B.json traces/628.pop2_s-17B.champsimtrace.xz
52	:	1700000000.000	10.000	0	0	0	0	./bin/champsim_goldencove_1c_ddr5 --warmup-instructions 200000000 --ramulator-stats results/1c/ddr5/ramulator/631.deepsjeng_s-928B.yaml --json results/1c/ddr5/champsim/631.deepsjeng_s-928B.json traces/631.deepsjeng_s-928B.champsimtrace.xz
53	:	1700000000.000	10.000	0	0	0	0	./bin/champsim_goldencove_1c_ddr5 --warmup-instructions 200000000 --ramulator-stats results/1c/ddr5/ramulator/638.imagick_s-10316B.yaml --json results/1c/ddr5/champsim/638.imagick_s-10316B.json traces/638.imagick_s-10316B.champsimtrace.xz
54	:	1700000000.000	10.000	0	0	0	0	./bin/champsim_goldencove_1c_ddr5 --warmup-instructions 200000000 --ramulator-stats results/1c/ddr5/ramulator/638.imagick_s-4128B.yaml --json results/1c/ddr5/champsim/638.imagick_s-4128B.json traces/638.imagick_s-4128B.champsimtrace.xz
55	:	1700000000.000	10.000	0	0	0	0	./bin/champsim_goldencove_1c_ddr5 --warmup-instructions 200000000 --ramulator-stats results/1c/ddr5/ramulator/638.imagick_s-824B.yaml --json results/1c/ddr5/champsim/638.imagick_s-824B.json traces/638.imagick_s-824B.champsimtrace.xz
56	:	1700000000.000	10.000	0	0	0	0	./bin/champsim_goldencove_1c_ddr5 --warmup-instructions 200000000 --ramulator-stats results/1c/ddr5/ramulator/641.leela_s-1052B.yaml --json results/1c/ddr5/champsim/641.leela_s-1052B.json traces/641.leela_s-1052B.champsimtrace.xz
57	:	1700000000.000	10.000	0	0	0	0	./bin/champsim_goldencove_1c_ddr5 --warmup-instructions 200000000 --ramulator-stats results/1c/ddr5/ramulator/641.leela_s-1083B.yaml --json results/1c/ddr5/champsim/641.leela_s-1083B.json traces/641.leela_s-1083B.champsimtrace.xz
58	:	1700000000.000	10.000	0	0	0	0	./bin/champsim_goldencove_1c_ddr5 --warmup-instructions 200000000 --ramulator-stats results/1c/ddr5/ramulator/641.leela_s-149B.yaml --json results/1c/ddr5/champsim/641.leela_s-149B.json traces/641.leela_s-149B.champsimtrace.xz
59	:	1700000000.000	10.000	0	0	0	0	./bin/champsim_goldencove_1c_ddr5 --warmup-instructions 200000000 --ramulator-stats results/1c/ddr5/ramulator/641.leela_s-334B.yaml --json results/1c/ddr5/champsim/641.leela_s-334B.json traces/641.leela_s-334B.champsimtrace.xz
60	:	1700000000.000	10.000	0	0	0	0	./bin/champsim_goldencove_1c_ddr5 --warmup-instructions 200000000 --ramulator-stats results/1c/ddr5/ramulator/641.leela_s-602B.yaml --json results/1c/ddr5/champsim/641.leela_s-602B.json traces/641.leela_s-602B.champsimtrace.xz
61	:	1700000000.000	10.000	0	0	0	0	./bin/champsim_goldencove_1c_ddr5 --warmup-instructions 200000000 --ramulator-stats results/1c/ddr5/ramulator/641.leela_s-800B.yaml --json results/1c/ddr5/champsim/641.leela_s-800B.json traces/641.leela_s-800B.champsimtrace.xz
62	:	1700000000.000	10.000	0	0	0	0	./bin/champsim_goldencove_1c_ddr5 --warmup-instructions 200000000 --ramulator-stats results/1c/ddr5/ramulator/641.leela_s-862B.yaml --json results/1c/ddr5/champsim/641.leela_s-862B.json traces/641.leela_s-862B.champsimtrace.xz
63	:	1700000000.000	10.000	0	0	0	0	./bin/champsim_goldencove_1c_ddr5 --warmup-instructions 200000000 --ramulator-stats results/1c/ddr5/ramulator/644.nab_s-12459B.yaml --json results/1c/ddr5/champsim/644.nab_s-12459B.json traces/644.nab_s-12459B.champsimtrace.xz
64	:	1700000000.000	10.000	0	0	0	0	./bin/champsim_goldencove_1c_ddr5 --warmup-instructions 200000000 --ramulator-stats results/1c/ddr5/ramulator/644.nab_s-12521B.yaml --json results/1c/ddr5/champsim/644.nab_s-12521B.json traces/644.nab_s-12521B.champsimtrace.xz
65	:	1700000000.000	10.000	0	0	0	0	./bin/champsim_goldencove_1c_ddr5 --warmup-instructions 200000000 --ramulator-stats results/1c/ddr5/ramulator/644.nab_s-5853B.yaml --json results/1c/ddr5/champsim/644.nab_s-5853B.json traces/644.nab_s-5853B.champsimtrace.xz
66	:	1700000000.000	10.000	0	0	0	0	./bin/champsim_goldencove_1c_ddr5 --warmup-instructions 200000000 --ramulator-stats results/1c/ddr5/ramulator/644.nab_s-7928B.yaml --json results/1c/ddr5/champsim/644.nab_s-7928B.json traces/644.nab_s-7928B.champsimtrace.xz
67	:	1700000000.000	10.000	0	0	0	0	./bin/champsim_goldencove_1c_ddr5 --warmup-instructions 200000000 --ramulator-stats results/1c/ddr5/ramulator/644.nab_s-9322B.yaml --json results/1c/ddr5/champsim/644.nab_s-9322B.json traces/644.nab_s-9322B.champsimtrace.xz
68	:	1700000000.000	10.000	0	0	0	0	./bin/champsim_goldencove_1c_ddr5 --warmup-instructions 200000000 --ramulator-stats results/1c/ddr5/ramulator/648.exchange2_s-1227B.yaml --json results/1c/ddr5/champsim/648.exchange2_s-1227B.json traces/648.exchange2_s-1227B.champsimtrace.xz
69	:	1700000000.000	10.000	0	0	0	0	./bin/champsim_goldencove_1c_ddr5 --warmup-instructions 200000000 --ramulator-stats results/1c/ddr5/ramulator/648.exchange2_s-1247B.yaml --json results/1c/ddr5/champsim/648.exchange2_s-1247B.json traces/648.exchange2_s-1247B.champsimtrace.xz
70	:	1700000000.000	10.000	0	0	0	0	./bin/champsim_goldencove_1c_ddr5 --warmup-instructions 200000000 --ramulator-stats results/1c/ddr5/ramulator/648.exchange2_s-1511B.yaml --json results/1c/ddr5/champsim/648.exchange2_s-1511B.json traces/648.exchange2_s-1511B.champsimtrace.xz
71	:	1700000000.000	10.000	0	0	0	0	./bin/champsim_goldencove_1c_ddr5 --warmup-instructions 200000000 --ramulator-stats results/1c/ddr5/ramulator/648.exchange2_s-1699B.yaml --json results/1c/ddr5/champsim/648.exchange2_s-1699B.json traces/648.exchange2_s-1699B.champsimtrace.xz
72	:	1700000000.000	10.000	0	0	0	0	./bin/champsim_goldencove_1c_ddr5 --warmup-instructions 200000000 --ramulator-stats results/1c/ddr5/ramulator/648.exchange2_s-1712B.yaml --json results/1c/ddr5/champsim/648.exchange2_s-1712B.json traces/648.exchange2_s-1712B.champsimtrace.xz
73	:	1700000000.000	10.000	0	0	0	0	./bin/champsim_goldencove_1c_ddr5 --warmup-instructions 200000000 --ramulator-stats results/1c/ddr5/ramulator/648.exchange2_s-210B.yaml --json results/1c/ddr5/champsim/648.exchange2_s-210B.json traces/648.exchange2_s-210B.champsimtrace.xz
74	:	1700000000.000	10.000	0	0	0	0	./bin/champsim_goldencove_1c_ddr5 --warmup-instructions 200000000 --ramulator-stats results/1c/ddr5/ramulator/648.exchange2_s-353B.yaml --json results/1c/ddr5/champsim/648.exchange2_s-353B.json traces/648.exchange2_s-353B.champsimtrace.xz
75	:	1700000000.000	10.000	0	0	0	0	./bin/champsim_goldencove_1c_ddr5 --warmup-instructions 200000000 --ramulator-stats results/1c/ddr5/ramulator/648.exchange2_s-387B.yaml --json results/1c/ddr5/champsim/648.exchange2_s-387B.json traces/648.exchange2_s-387B.champsimtrace.xz
76	:	1700000000.000	10.000	0	0	0	0	./bin/champsim_goldencove_1c_ddr5 --warmup-instructions 200000000 --ramulator-stats results/1c/ddr5/ramulator/648.exchange2_s-584B.yaml --json results/1c/ddr5/champsim/648.exchange2_s-584B.json traces/648.exchange2_s-584B.champsimtrace.xz
77	:	1700000000.000	10.000	0	0	0	0	./bin/champsim_goldencove_1c_ddr5 --warmup-instructions 200000000 --ramulator-stats results/1c/ddr5/ramulator/648.exchange2_s-72B.yaml --json results/1c/ddr5/champsim/648.exchange2_s-72B.json traces/648.exchange2_s-72B.champsimtrace.xz
78	:	1700000000.000	10.000	0	0	0	0	./bin/champsim_goldencove_1c_ddr5 --warmup-instructions 200000000 --ramulator-stats results/1c/ddr5/ramulator/649.fotonik3d_s-10881B.yaml --json results/1c/ddr5/champsim/649.fotonik3d_s-10881B.json traces/649.fotonik3d_s-10881B.champsimtrace.xz
79	:	1700000000.000	10.000	0	0	0	0	./bin/champsim_goldencove_1c_ddr5 --warmup-instructions 200000000 --ramulator-stats results/1c/ddr5/ramulator/649.fotonik3d_s-1176B.yaml --json results/1c/ddr5/champsim/649.fotonik3d_s-1176B.json traces/649.fotonik3d_s-1176B.champsimtrace.xz
80	:	1700000000.000	10.000	0	0	0	0	./bin/champsim_goldencove_1c_ddr5 --warmup-instructions 200000000 --ramulator-stats results/1c/ddr5/ramulator/649.fotonik3d_s-1B.yaml --json results/1c/ddr5/champsim/649.fotonik3d_s-1B.json traces/649.fotonik3d_s-1B.champsimtrace.xz
81	:	1700000000.000	10.000	0	0	0	0	./bin/champsim_goldencove_1c_ddr5 --warmup-instructions 200000000 --ramulator-stats results/1c/ddr5/ramulator/649.fotonik3d_s-7084B.yaml --json results/1c/ddr5/champsim/649.fotonik3d_s-7084B.json traces/649.fotonik3d_s-7084B.champsimtrace.xz
82	:	1700000000.000	10.000	0	0	0	0	./bin/champsim_goldencove_1c_ddr5 --warmup-instructions 200000000 --ramulator-stats results/1c/ddr5/ramulator/649.fotonik3d_s-8225B.yaml --json results/1c/ddr5/champsim/649.fotonik3d_s-8225B.json traces/649.fotonik3d_s-8225B.champsimtrace.xz
83	:	1700000000.000	10.000	0	0	0	0	./bin/champsim_goldencove_1c_ddr5 --warmup-instructions 200000000 --ramulator-stats results/1c/ddr5/ramulator/654.roms_s-1007B.yaml --json results/1c/ddr5/champsim/654.roms_s-1007B.json traces/654.roms_s-1007B.champsimtrace.xz
84	:	1700000000.000	10.000	0	0	0	0	./bin/champsim_goldencove_1c_ddr5 --warmup-instructions 200000000 --ramulator-stats results/1c/ddr5/ramulator/654.roms_s-1021B.yaml --json results/1c/ddr5/champsim/654.roms_s-1021B.json traces/654.roms_s-1021B.champsimtrace.xz
85	:	1700000000.000	10.000	0	0	0	0	./bin/champsim_goldencove_1c_ddr5 --warmup-instructions 200000000 --ramulator-stats results/1c/ddr5/ramulator/654.roms_s-1070B.yaml --json results/1c/ddr5/champsim/654.roms_s-1070B.json traces/654.roms_s-1070B.champsimtrace.xz
86	:	1700000000.000	10.000	0	0	0	0	./bin/champsim_goldencove_1c_ddr5 --warmup-instructions 200000000 --ramulator-stats results/1c/ddr5/ramulator/654.roms_s-1390B.yaml --json results/1c/ddr5/champsim/654.roms_s-1390B.json traces/654.roms_s-1390B.champsimtrace.xz
87	:	1700000000.000	10.000	0	0	0	0	./bin/champsim_goldencove_1c_ddr5 --warmup-instructions 200000000 --ramulator-stats results/1c/ddr5/ramulator/654.roms_s-1613B.yaml --json results/1c/ddr5/champsim/654.roms_s-1613B.json traces/654.roms_s-1613B.champsimtrace.xz
88	:	1700000000.000	10.000	0	0	0	0	./bin/champsim_goldencove_1c_ddr5 --warmup-instructions 200000000 --ramulator-stats results/1c/ddr5/ramulator/654.roms_s-293B.yaml --json results/1c/ddr5/champsim/654.roms_s-293B.json traces/654.roms_s-293B.champsimtrace.xz
89	:	1700000000.000	10.000	0	0	0	0	./bin/champsim_goldencove_1c_ddr5 --warmup-instructions 200000000 --ramulator-stats results/1c/ddr5/ramulator/654.roms_s-294B.yaml --json results/1c/ddr5/champsim/654.roms_s-294B.json traces/654.roms_s-294B.champsimtrace.xz
90	:	1700000000.000	10.000	0	0	0	0	./bin/champsim_goldencove_1c_ddr5 --warmup-instructions 200000000 --ramulator-stats results/1c/ddr5/ramulator/654.roms_s-523B.yaml --json results/1c/ddr5/champsim/654.roms_s-523B.json traces/654.roms_s-523B.champsimtrace.xz
91	:	1700000000.000	10.000	0	0	0	0	./bin/champsim_goldencove_1c_ddr5 --warmup-instructions 200000000 --ramulator-stats results/1c/ddr5/ramulator/654.roms_s-842B.yaml --json results/1c/ddr5/champsim/654.roms_s-842B.json traces/654.roms_s-842B.champsimtrace.xz
92	:	1700000000.000	10.000	0	0	0	0	./bin/champsim_goldencove_1c_ddr5 --warmup-instructions 200000000 --ramulator-stats results/1c/ddr5/ramulator/657.xz_s-2302B.yaml --json results/1c/ddr5/champsim/657.xz_s-2302B.json traces/657.xz_s-2302B.champsimtrace.xz
93	:	1700000000.000	10.000	0	0	0	0	./bin/champsim_goldencove_1c_ddr5 --warmup-instructions 200000000 --ramulator-stats results/1c/ddr5/ramulator/657.xz_s-3167B.yaml --json results/1c/ddr5/champsim/657.xz_s-3167B.json traces/657.xz_s-3167B.champsimtrace.xz
94	:	1700000000.000	10.000	0	0	0	0	./bin/champsim_goldencove_1c_ddr5 --warmup-instructions 200000000 --ramulator-stats results/1c/ddr5/ramulator/657.xz_s-4994B.yaml --json results/1c/ddr5/champsim/657.xz_s-4994B.json traces/657.xz_s-4994B.champsimtrace.xz
95	:	1700000000.000	10.000	0	0	0	0	./bin/champsim_goldencove_1c_ddr5 --warmup-instructions 200000000 --ramulator-stats results/1c/ddr5/ramulator/657.xz_s-56B.yaml --json results/1c/ddr5/champsim/657.xz_s-56B.json traces/657.xz_s-56B.champsimtrace.xz
96	:	1700000000.000	10.000	0	0	0	0	./bin/champsim_goldencove_1c_ddr5_llc --warmup-instructions 200000000 --ramulator-stats results/1c/ddr5_llc/ramulator/600.perlbench_s-1273B.yaml --json results/1c/ddr5_llc/champsim/600.perlbench_s-1273B.json traces/600.perlbench_s-1273B.champsimtrace.xz
97	:	1700000000.000	10.000	0	0	0	0	./bin/champsim_goldencove_1c_ddr5_llc --warmup-instructions 200000000 --ramulator-stats results/1c/ddr5_llc/ramulator/600.perlbench_s-210B.yaml --json results/1c/ddr5_llc/champsim/600.perlbench_s-210B.json traces/600.perlbench_s-210B.champsimtrace.xz
98	:	1700000000.000	10.000	0	0	0	0	./bin/champsim_goldencove_1c_ddr5_llc --warmup-instructions 200000000 --ramulator-stats results/1c/ddr5_llc/ramulator/600.perlbench_s-570B.yaml --json results/1c/ddr5_llc/champsim/600.perlbench_s-570B.json traces/600.perlbench_s-570B.champsimtrace.xz
99	:	1700000000.000	10.000	0	0	0	0	./bin/champsim_goldencove_1c_ddr5_llc --warmup-instructions 200000000 --ramulator-stats results/1c/ddr5_llc/ramulator/602.gcc_s-1850B.yaml --json results/1c/ddr5_llc/champsim/602.gcc_s-1850B.json traces/602.gcc_s-1850B.champsimtrace.xz
100	:	1700000000.000	10.000	0	0	0	0	./bin/champsim_goldencove_1c_ddr5_llc --warmup-instructions 200000000 --ramulator-stats results/1c/ddr5_llc/ramulator/602.gcc_s-2226B.yaml --json results/1c/ddr5_llc/champsim/602.gcc_s-2226B.json traces/602.gcc_s-2226B.champsimtrace.xz
101	:	1700000000.000	10.000	0	0	0	0	./bin/champsim_goldencove_1c_ddr5_llc --warmup-instructions 200000000 --ramulator-stats results/1c/ddr5_llc/ramulator/602.gcc_s-2375B.yaml --json results/1c/ddr5_llc/champsim/602.gcc_s-2375B.json traces/602.gcc_s-2375B.champsimtrace.xz
102	:	1700000000.000	10.000	0	0	0	0	./bin/champsim_goldencove_1c_ddr5_llc --warmup-instructions 200000000 --ramulator-stats results/1c/ddr5_llc/ramulator/602.gcc_s-734B.yaml --json results/1c/ddr5_llc/champsim/602.gcc_s-734B.json traces/602.gcc_s-734B.champsimtrace.xz
103	:	1700000000.000	10.000	0	0	0	0	./bin/champsim_goldencove_1c_ddr5_llc --warmup-instructions 200000000 --ramulator-stats results/1c/ddr5_llc/ramulator/603.bwaves_s-1080B.yaml --json results/1c/ddr5_llc/champsim/603.bwaves_s-1080B.json traces/603.bwaves_s-1080B.champsimtrace.xz
104	:	1700000000.000	10.000	0	0	0	0	./bin/champsim_goldencove_1c_ddr5_llc --warmup-instructions 200000000 --ramulator-stats results/1c/ddr5_llc/ramulator/603.bwaves_s-1740B.yaml --json results/1c/ddr5_llc/champsim/603.bwaves_s-1740B.json traces/603.bwaves_s-1740B.champsimtrace.xz
105	:	1700000000.000	10.000	0	0	0	0	./bin/champsim_goldencove_1c_ddr5_llc --warmup-instructions 200000000 --ramulator-stats results/1c/ddr5_llc/ramulator/603.bwaves_s-2609B.yaml --json results/1c/ddr5_llc/champsim/603.bwaves_s-2609B.json traces/603.bwaves_s-2609B.champsimtrace.xz
106	:	1700000000.000	10.000	0	0	0	0	./bin/champsim_goldencove_1c_ddr5_llc --warmup-instructions 200000000 --ramulator-stats results/1c/ddr5_llc/ramulator/603.bwaves_s-2931B.yaml --json results/1c/ddr5_llc/champsim/603.bwaves_s-2931B.json traces/603.bwaves_s-2931B.champsimtrace.xz
107	:	1700000000.000	10.000	0	0	0	0	./bin/champsim_goldencove_1c_ddr5_llc --warmup-instructions 200000000 --ramulator-stats results/1c/ddr5_llc/ramulator/603.bwaves_s-3699B.yaml --json results/1c/ddr5_llc/champsim/603.bwaves_s-3699B.json traces/603.bwaves_s-3699B.champsimtrace.xz
108	:	1700000000.000	10.000	0	0	0	0	./bin/champsim_goldencove_1c_ddr5_llc --warmup-instructions 200000000 --ramulator-stats results/1c/ddr5_llc/ramulator/603.bwaves_s-5359B.yaml --json results/1c/ddr5_llc/champsim/603.bwaves_s-5359B.json traces/603.bwaves_s-5359B.champsimtrace.xz
109	:	1700000000.000	10.000	0	0	0	0	./bin/champsim_goldencove_1c_ddr5_llc --warmup-instructions 200000000 --ramulator-stats results/1c/ddr5_llc/ramulator/603.bwaves_s-891B.yaml --json results/1c/ddr5_llc/champsim/603.bwaves_s-891B.json traces/603.bwaves_s-891B.champsimtrace.xz
110	:	1700000000.000	10.000	0	0	0	0	./bin/champsim_goldencove_1c_ddr5_llc --warmup-instructions 200000000 --ramulator-stats results/1c/ddr5_llc/ramulator/605.mcf_s-1152B.yaml --json results/1c/ddr5_llc/champsim/605.mcf_s-1152B.json traces/605.mcf_s-1152B.champsimtrace.xz
111	:	1700000000.000	10.000	0	0	0	0	./bin/champsim_goldencove_1c_ddr5_llc --warmup-instructions 200000000 --ramulator-stats results/1c/ddr5_llc/ramulator/605.mcf_s-1536B.yaml --json results/1c/ddr5_llc/champsim/605.mcf_s-1536B.json traces/605.mcf_s-1536B.champsimtrace.xz
112	:	1700000000.000	10.000	0	0	0	0	./bin/champsim_goldencove_1c_ddr5_llc --warmup-instructions 200000000 --ramulator-stats results/1c/ddr5_llc/ramulator/605.mcf_s-1554B.yaml --json results/1c/ddr5_llc/champsim/605.mcf_s-1554B.json traces/605.mcf_s-1554B.champsimtrace.xz
113	:	1700000000.000	10.000	0	0	0	0	./bin/champsim_goldencove_1c_ddr5_llc --warmup-instructions 200000000 --ramulator-stats results/1c/ddr5_llc/ramulator/605.mcf_s-1644B.yaml --json results/1c/ddr5_llc/champsim/605.mcf_s-1644B.json traces/605.mcf_s-1644B.champsimtrace.xz
114	:	1700000000.000	10.000	0	0	0	0	./bin/champsim_goldencove_1c_ddr5_llc --warmup-instructions 200000000 --ramulator-stats results/1c/ddr5_llc/ramulator/605.mcf_s-472B.yaml --json results/1c/ddr5_llc/champsim/605.mcf_s-472B.json traces/605.mcf_s-472B.champsimtrace.xz
115	:	1700000000.000	10.000	0	0	0	0	./bin/champsim_goldencove_1c_ddr5_llc --warmup-instructions 200000000 --ramulator-stats results/1c/ddr5_llc/ramulator/605.mcf_s-484B.yaml --json results/1c/ddr5_llc/champsim/605.mcf_s-484B.json traces/605.mcf_s-484B.champsimtrace.xz
116	:	1700000000.000	10.000	0	0	0	0	./bin/champsim_goldencove_1c_ddr5_llc --warmup-instructions 200000000 --ramulator-stats results/1c/ddr5_llc/ramulator/605.mcf_s-665B.yaml --json results/1c/ddr5_llc/champsim/605.mcf_s-665B.json traces/605.mcf_s-665B.champsimtrace.xz
117	:	1700000000.000	10.000	0	0	0	0	./bin/champsim_goldencove_1c_ddr5_llc --warmup-instructions 200000000 --ramulator-stats results/1c/ddr5_llc/ramulator/605.mcf_s-782B.yaml --json results/1c/ddr5_llc/champsim/605.mcf_s-782B.json traces/605.mcf_s-782B.champsimtrace.xz
118	:	1700000000.000	10.000	0	0	0	0	./bin/champsim_goldencove_1c_ddr5_llc --warmup-instructions 200000000 --ramulator-stats results/1c/ddr5_llc/ramulator/605.mcf_s-994B.yaml --json results/1c/ddr5_llc/champsim/605.mcf_s-994B.json traces/605.mcf_s-994B.champsimtrace.xz
119	:	1700000000.000	10.000	0	0	0	0	./bin/champsim_goldencove_1c_ddr5_llc --warmup-instructions 200000000 --ramulator-stats results/1c/ddr5_llc/ramulator/607.cactuBSSN_s-2421B.yaml --json results/1c/ddr5_llc/champsim/607.cactuBSSN_s-2421B.json traces/607.cactuBSSN_s-2421B.champsimtrace.xz
120	:	1700000000.000	10.000	0	0	0	0	./bin/champsim_goldencove_1c_ddr5_llc --warmup-instructions 200000000 --ramulator-stats results/1c/ddr5_llc/ramulator/607.cactuBSSN_s-3477B.yaml --json results/1c/ddr5_llc/champsim/607.cactuBSSN_s-3477B.json traces/607.cactuBSSN_s-3477B.champsimtrace.xz
121	:	1700000000.000	10.000	0	0	0	0	./bin/champsim_goldencove_1c_ddr5_llc --warmup-instructions 200000000 --ramulator-stats results/1c/ddr5_llc/ramulator/607.cactuBSSN_s-4004B.yaml --json results/1c/ddr5_llc/champsim/607.cactuBSSN_s-4004B.json traces/607.cactuBSSN_s-4004B.champsimtrace.xz
122	:	1700000000.000	10.000	0	0	0	0	./bin/champsim_goldencove_1c_ddr5_llc --warmup-instructions 200000000 --ramulator-stats results/1c/ddr5_llc/ramulator/607.cactuBSSN_s-4248B.yaml --json results/1c/ddr5_llc/champsim/607.cactuBSSN_s-4248B.json traces/607.cactuBSSN_s-4248B.champsimtrace.xz
123	:	1700000000.000	10.000	0	0	0	0	./bin/champsim_goldencove_1c_ddr5_llc --warmup-instructions 200000000 --ramulator-stats results/1c/ddr5_llc/ramulator/619.lbm_s-2676B.yaml --json results/1c/ddr5_llc/champsim/619.lbm_s-2676B.json traces/619.lbm_s-2676B.champsimtrace.xz
124	:	1700000000.000	10.000	0	0	0	0	./bin/champsim_goldencove_1c_ddr5_llc --warmup-instructions 200000000 --ramulator-stats results/1c/ddr5_llc/ramulator/619.lbm_s-2677B.yaml --json results/1c/ddr5_llc/champsim/619.lbm_s-2677B.json traces/619.lbm_s-2677B.champsimtrace.xz
125	:	1700000000.000	10.000	0	0	0	0	./bin/champsim_goldencove_1c_ddr5_llc --warmup-instructions 200000000 --ramulator-stats results/1c/ddr5_llc/ramulator/619.lbm_s-3766B.yaml --json results/1c/ddr5_llc/champsim/619.lbm_s-3766B.json traces/619.lbm_s-3766B.champsimtrace.xz
126	:	1700000000.000	10.000	0	0	0	0	./bin/champsim_goldencove_1c_ddr5_llc --warmup-instructions 200000000 --ramulator-stats results/1c/ddr5_llc/ramulator/619.lbm_s-4268B.yaml --json results/1c/ddr5_llc/champsim/619.lbm_s-4268B.json traces/619.lbm_s-4268B.champsimtrace.xz
127	:	1700000000.000	10.000	0	0	0	0	./bin/champsim_goldencove_1c_ddr5_llc --warmup-instructions 200000000 --ramulator-stats results/1c/ddr5_llc/ramulator/620.omnetpp_s-141B.yaml --json results/1c/ddr5_llc/champsim/620.omnetpp_s-141B.json traces/620.omnetpp_s-141B.champsimtrace.xz
128	:	1700000000.000	10.000	0	0	0	0	./bin/champsim_goldencove_1c_ddr5_llc --warmup-instructions 200000000 --ramulator-stats results/1c/ddr5_llc/ramulator/620.omnetpp_s-874B.yaml --json results/1c/ddr5_llc/champsim/620.omnetpp_s-874B.json traces/620.omnetpp_s-874B.champsimtrace.xz
129	:	1700000000.000	10.000	0	0	0	0	./bin/champsim_goldencove_1c_ddr5_llc --warmup-instructions 200000000 --ramulator-stats results/1c/ddr5_llc/ramulator/621.wrf_s-575B.yaml --json results/1c/ddr5_llc/champsim/621.wrf_s-575B.json traces/621.wrf_s-575B.champsimtrace.xz
130	:	1700000000.000	10.000	0	0	0	0	./bin/champsim_goldencove_1c_ddr5_llc --warmup-instructions 200000000 --ramulator-stats results/1c/ddr5_llc/ramulator/621.wrf_s-6673B.yaml --json results/1c/ddr5_llc/champsim/621.wrf_s-6673B.json traces/621.wrf_s-6673B.champsimtrace.xz
131	:	1700000000.000	10.000	0	0	0	0	./bin/champsim_goldencove_1c_ddr5_llc --warmup-instructions 200000000 --ramulator-stats results/1c/ddr5_llc/ramulator/621.wrf_s-8065B.yaml --json results/1c/ddr5_llc/champsim/621.wrf_s-8065B.json traces/621.wrf_s-8065B.champsimtrace.xz
132	:	1700000000.000	10.000	0	0	0	0	./bin/champsim_goldencove_1c_ddr5_llc --warmup-instructions 200000000 --ramulator-stats results/1c/ddr5_llc/ramulator/621.wrf_s-8100B.yaml --json results/1c/ddr5_llc/champsim/621.wrf_s-8100B.json traces/621.wrf_s-8100B.champsimtrace.xz
133	:	1700000000.000	10.000	0	0	0	0	./bin/champsim_goldencove_1c_ddr5_llc --warmup-instructions 200000000 --ramulator-stats results/1c/ddr5_llc/ramulator/623.xalancbmk_s-10B.yaml --json results/1c/ddr5_llc/champsim/623.xalancbmk_s-10B.json traces/623.xalancbmk_s-10B.champsimtrace.xz
134	:	1700000000.000	10.000	0	0	0	0	./bin/champsim_goldencove_1c_ddr5_llc --warmup-instructions 200000000 --ramulator-stats results/1c/ddr5_llc/ramulator/623.xalancbmk_s-165B.yaml --json results/1c/ddr5_llc/champsim/623.xalancbmk_s-165B.json traces/623.xalancbmk_s-165B.champsimtrace.xz
135	:	1700000000.000	10.000	0	0	0	0	./bin/champsim_goldencove_1c_ddr5_llc --warmup-instructions 200000000 --ramulator-stats results/1c/ddr5_llc/ramulator/623.xalancbmk_s-202B.yaml --json results/1c/ddr5_llc/champsim/623.xalancbmk_s-202B.json traces/623.xalancbmk_s-202B.champsimtrace.xz
136	:	1700000000.000	10.000	0	0	0	0	./bin/champsim_goldencove_1c_ddr5_llc --warmup-instructions 200000000 --ramulator-stats results/1c/ddr5_llc/ramulator/623.xalancbmk_s-325B.yaml --json results/1c/ddr5_llc/champsim/623.xalancbmk_s-325B.json traces/623.xalancbmk_s-325B.champsimtrace.xz
137	:	1700000000.000	10.000	0	0	0	0	./bin/champsim_goldencove_1c_ddr5_llc --warmup-instructions 200000000 --ramulator-stats results/1c/ddr5_llc/ramulator/623.xalancbmk_s-592B.yaml --json results/1c/ddr5_llc/champsim/623.xalancbmk_s-592B.json traces/623.xalancbmk_s-592B.champsimtrace.xz
138	:	1700000000.000	10.000	0	0	0	0	./bin/champsim_goldencove_1c_ddr5_llc --warmup-instructions 200000000 --ramulator-stats results/1c/ddr5_llc/ramulator/623.xalancbmk_s-700B.yaml --json results/1c/ddr5_llc/champsim/623.xalancbmk_s-700B.json traces/623.xalancbmk_s-700B.champsimtrace.xz
139	:	1700000000.000	10.000	0	0	0	0	./bin/champsim_goldencove_1c_ddr5_llc --warmup-instructions 200000000 --ramulator-stats results/1c/ddr5_llc/ramulator/625.x264_s-12B.yaml --json results/1c/ddr5_llc/champsim/625.x264_s-12B.json traces/625.x264_s-12B.champsimtrace.xz
140	:	1700000000.000	10.000	0	0	0	0	./bin/champsim_goldencove_1c_ddr5_llc --warmup-instructions 200000000 --ramulator-stats results/1c/ddr5_llc/ramulator/625.x264_s-18B.yaml --json results/1c/ddr5_llc/champsim/625.x264_s-18B.json traces/625.x264_s-18B.champsimtrace.xz
141	:	1700000000.000	10.000	0	0	0	0	./bin/champsim_goldencove_1c_ddr5_llc --warmup-instructions 200000000 --ramulator-stats results/1c/ddr5_llc/ramulator/625.x264_s-20B.yaml --json results/1c/ddr5_llc/champsim/625.x264_s-20B.json traces/625.x264_s-20B.champsimtrace.xz
142	:	1700000000.000	10.000	0	0	0	0	./bin/champsim_goldencove_1c_ddr5_llc --warmup-instructions 200000000 --ramulator-stats results/1c/ddr5_llc/ramulator/625.x264_s-33B.yaml --json results/1c/ddr5_llc/champsim/625.x264_s-33B.json traces/625.x264_s-33B.champsimtrace.xz
143	:	1700000000.000	10.000	0	0	0	0	./bin/champsim_goldencove_1c_ddr5_llc --warmup-instructions 200000000 --ramulator-stats results/1c/ddr5_llc/ramulator/625.x264_s-39B.yaml --json results/1c/ddr5_llc/champsim/625.x264_s-39B.json traces/625.x264_s-39B.champsimtrace.xz
144	:	1700000000.000	10.000	0	0	0	0	./bin/champsim_goldencove_1c_ddr5_llc --warmup-instructions 200000000 --ramulator-stats results/1c/ddr5_llc/ramulator/627.cam4_s-490B.yaml --json results/1c/ddr5_llc/champsim/627.cam4_s-490B.json traces/627.cam4_s-490B.champsimtrace.xz
145	:	1700000000.000	10.000	0	0	0	0	./bin/champsim_goldencove_1c_ddr5_llc --warmup-instructions 200000000 --ramulator-stats results/1c/ddr5_llc/ramulator/627.cam4_s-573B.yaml --json results/1c/ddr5_llc/champsim/627.cam4_s-573B.json traces/627.cam4_s-573B.champsimtrace.xz
146	:	1700000000.000	10.000	0	0	0	0	./bin/champsim_goldencove_1c_ddr5_llc --warmup-instructions 200000000 --ramulator-stats results/1c/ddr5_llc/ramulator/628.pop2_s-17B.yaml --json results/1c/ddr5_llc/champsim/628.pop2_s-17B.json traces/628.pop2_s-17B.champsimtrace.xz
147	:	1700000000.000	10.000	0	0	0	0	./bin/champsim_goldencove_1c_ddr5_llc --warmup-instructions 200000000 --ramulator-stats results/1c/ddr5_llc/ramulator/631.deepsjeng_s-928B.yaml --json results/1c/ddr5_llc/champsim/631.deepsjeng_s-928B.json traces/631.deepsjeng_s-928B.champsimtrace.xz
148	:	1700000000.000	10.000	0	0	0	0	./bin/champsim_goldencove_1c_ddr5_llc --warmup-instructions 200000000 --ramulator-stats results/1c/ddr5_llc/ramulator/638.imagick_s-10316B.yaml --json results/1c/ddr5_llc/champsim/638.imagick_s-10316B.json traces/638.imagick_s-10316B.champsimtrace.xz
149	:	1700000000.000	10.000	0	0	0	0	./bin/champsim_goldencove_1c_ddr5_llc --warmup-instructions 200000000 --ramulator-stats results/1c/ddr5_llc/ramulator/638.imagick_s-4128B.yaml --json results/1c/ddr5_llc/champsim/638.imagick_s-4128B.json traces/638.imagick_s-4128B.champsimtrace.xz
150	:	1700000000.000	10.000	0	0	0	0	./bin/champsim_goldencove_1c_ddr5_llc --warmup-instructions 200000000 --ramulator-stats results/1c/ddr5_llc/ramulator/638.imagick_s-824B.yaml --json results/1c/ddr5_llc/champsim/638.imagick_s-824B.json traces/638.imagick_s-824B.champsimtrace.xz
151	:	1700000000.000	10.000	0	0	0	0	./bin/champsim_goldencove_1c_ddr5_llc --warmup-instructions 200000000 --ramulator-stats results/1c/ddr5_llc/ramulator/641.leela_s-1052B.yaml --json results/1c/ddr5_llc/champsim/641.leela_s-1052B.json traces/641.leela_s-1052B.champsimtrace.xz
152	:	1700000000.000	10.000	0	0	0	0	./bin/champsim_goldencove_1c_ddr5_llc --warmup-instructions 200000000 --ramulator-stats results/1c/ddr5_llc/ramulator/641.leela_s-1083B.yaml --json results/1c/ddr5_llc/champsim/641.leela_s-1083B.json traces/641.leela_s-1083B.champsimtrace.xz
153	:	1700000000.000	10.000	0	0	0	0	./bin/champsim_goldencove_1c_ddr5_llc --warmup-instructions 200000000 --ramulator-stats results/1c/ddr5_llc/ramulator/641.leela_s-149B.yaml --json results/1c/ddr5_llc/champsim/641.leela_s-149B.json traces/641.leela_s-149B.champsimtrace.xz
154	:	1700000000.000	10.000	0	0	0	0	./bin/champsim_goldencove_1c_ddr5_llc --warmup-instructions 200000000 --ramulator-stats results/1c/ddr5_llc/ramulator/641.leela_s-334B.yaml --json results/1c/ddr5_llc/champsim/641.leela_s-334B.json traces/641.leela_s-334B.champsimtrace.xz
155	:	1700000000.000	10.000	0	0	0	0	./bin/champsim_goldencove_1c_ddr5_llc --warmup-instructions 200000000 --ramulator-stats results/1c/ddr5_llc/ramulator/641.leela_s-602B.yaml --json results/1c/ddr5_llc/champsim/641.leela_s-602B.json traces/641.leela_s-602B.champsimtrace.xz
156	:	1700000000.000	10.000	0	0	0	0	./bin/champsim_goldencove_1c_ddr5_llc --warmup-instructions 200000000 --ramulator-stats results/1c/ddr5_llc/ramulator/641.leela_s-800B.yaml --json results/1c/ddr5_llc/champsim/641.leela_s-800B.json traces/641.leela_s-800B.champsimtrace.xz
157	:	1700000000.000	10.000	0	0	0	0	./bin/champsim_goldencove_1c_ddr5_llc --warmup-instructions 200000000 --ramulator-stats results/1c/ddr5_llc/ramulator/641.leela_s-862B.yaml --json results/1c/ddr5_llc/champsim/641.leela_s-862B.json traces/641.leela_s-862B.champsimtrace.xz
158	:	1700000000.000	10.000	0	0	0	0	./bin/champsim_goldencove_1c_ddr5_llc --warmup-instructions 200000000 --ramulator-stats results/1c/ddr5_llc/ramulator/644.nab_s-12459B.yaml --json results/1c/ddr5_llc/champsim/644.nab_s-12459B.json traces/644.nab_s-12459B.champsimtrace.xz
159	:	1700000000.000	10.000	0	0	0	0	./bin/champsim_goldencove_1c_ddr5_llc --warmup-instructions 200000000 --ramulator-stats results/1c/ddr5_llc/ramulator/644.nab_s-12521B.yaml --json results/1c/ddr5_llc/champsim/644.nab_s-12521B.json traces/644.nab_s-12521B.champsimtrace.xz
160	:	1700000000.000	10.000	0	0	0	0	./bin/champsim_goldencove_1c_ddr5_llc --warmup-instructions 200000000 --ramulator-stats results/1c/ddr5_llc/ramulator/644.nab_s-5853B.yaml --json results/1c/ddr5_llc/champsim/644.nab_s-5853B.json traces/644.nab_s-5853B.champsimtrace.xz
161	:	1700000000.000	10.000	0	0	0	0	./bin/champsim_goldencove_1c_ddr5_llc --warmup-instructions 200000000 --ramulator-stats results/1c/ddr5_llc/ramulator/644.nab_s-7928B.yaml --json results/1c/ddr5_llc/champsim/644.nab_s-7928B.json traces/644.nab_s-7928B.champsimtrace.xz
162	:	1700000000.000	10.000	0	0	0	0	./bin/champsim_goldencove_1c_ddr5_llc --warmup-instructions 200000000 --ramulator-stats results/1c/ddr5_llc/ramulator/644.nab_s-9322B.yaml --json results/1c/ddr5_llc/champsim/644.nab_s-9322B.json traces/644.nab_s-9322B.champsimtrace.xz
163	:	1700000000.000	10.000	0	0	0	0	./bin/champsim_goldencove_1c_ddr5_llc --warmup-instructions 200000000 --ramulator-stats results/1c/ddr5_llc/ramulator/648.exchange2_s-1227B.yaml --json results/1c/ddr5_llc/champsim/648.exchange2_s-1227B.json traces/648.exchange2_s-1227B.champsimtrace.xz
164	:	1700000000.000	10.000	0	0	0	0	./bin/champsim_goldencove_1c_ddr5_llc --warmup-instructions 200000000 --ramulator-stats results/1c/ddr5_llc/ramulator/648.exchange2_s-1247B.yaml --json results/1c/ddr5_llc/champsim/648.exchange2_s-1247B.json traces/648.exchange2_s-1247B.champsimtrace.xz
165	:	1700000000.000	10.000	0	0	0	0	./bin/champsim_goldencove_1c_ddr5_llc --warmup-instructions 200000000 --ramulator-stats results/1c/ddr5_llc/ramulator/648.exchange2_s-1511B.yaml --json results/1c/ddr5_llc/champsim/648.exchange2_s-1511B.json traces/648.exchange2_s-1511B.champsimtrace.xz
166	:	1700000000.000	10.000	0	0	0	0	./bin/champsim_goldencove_1c_ddr5_llc --warmup-instructions 200000000 --ramulator-stats results/1c/ddr5_llc/ramulator/648.exchange2_s-1699B.yaml --json results/1c/ddr5_llc/champsim/648.exchange2_s-1699B.json traces/648.exchange2_s-1699B.champsimtrace.xz
167	:	1700000000.000	10.000	0	0	0	0	./bin/champsim_goldencove_1c_ddr5_llc --warmup-instructions 200000000 --ramulator-stats results/1c/ddr5_llc/ramulator/648.exchange2_s-1712B.yaml --json results/1c/ddr5_llc/champsim/648.exchange2_s-1712B.json traces/648.exchange2_s-1712B.champsimtrace.xz
168	:	1700000000.000	10.000	0	0	0	0	./bin/champsim_goldencove_1c_ddr5_llc --warmup-instructions 200000000 --ramulator-stats results/1c/ddr5_llc/ramulator/648.exchange2_s-210B.yaml --json results/1c/ddr5_llc/champsim/648.exchange2_s-210B.json traces/648.exchange2_s-210B.champsimtrace.xz
169	:	1700000000.000	10.000	0	0	0	0	./bin/champsim_goldencove_1c_ddr5_llc --warmup-instructions 200000000 --ramulator-stats results/1c/ddr5_llc/ramulator/648.exchange2_s-353B.yaml --json results/1c/ddr5_llc/champsim/648.exchange2_s-353B.json traces/648.exchange2_s-353B.champsimtrace.xz
170	:	1700000000.000	10.000	0	0	0	0	./bin/champsim_goldencove_1c_ddr5_llc --warmup-instructions 200000000 --ramulator-stats results/1c/ddr5_llc/ramulator/648.exchange2_s-387B.yaml --json results/1c/ddr5_llc/champsim/648.exchange2_s-387B.json traces/648.exchange2_s-387B.champsimtrace.xz
171	:	1700000000.000	10.000	0	0	0	0	./bin/champsim_goldencove_1c_ddr5_llc --warmup-instructions 200000000 --ramulator-stats results/1c/ddr5_llc/ramulator/648.exchange2_s-584B.yaml --json results/1c/ddr5_llc/champsim/648.exchange2_s-584B.json traces/648.exchange2_s-584B.champsimtrace.xz
172	:	1700000000.000	10.000	0	0	0	0	./bin/champsim_goldencove_1c_ddr5_llc --warmup-instructions 200000000 --ramulator-stats results/1c/ddr5_llc/ramulator/648.exchange2_s-72B.yaml --json results/1c/ddr5_llc/champsim/648.exchange2_s-72B.json traces/648.exchange2_s-72B.champsimtrace.xz
173	:	1700000000.000	10.000	0	0	0	0	./bin/champsim_goldencove_1c_ddr5_llc --warmup-instructions 200000000 --ramulator-stats results/1c/ddr5_llc/ramulator/649.fotonik3d_s-10881B.yaml --json results/1c/ddr5_llc/champsim/649.fotonik3d_s-10881B.json traces/649.fotonik3d_s-10881B.champsimtrace.xz
174	:	1700000000.000	10.000	0	0	0	0	./bin/champsim_goldencove_1c_ddr5_llc --warmup-instructions 200000000 --ramulator-stats results/1c/ddr5_llc/ramulator/649.fotonik3d_s-1176B.yaml --json results/1c/ddr5_llc/champsim/649.fotonik3d_s-1176B.json traces/649.fotonik3d_s-1176B.champsimtrace.xz
175	:	1700000000.000	10.000	0	0	0	0	./bin/champsim_goldencove_1c_ddr5_llc --warmup-instructions 200000000 --ramulator-stats results/1c/ddr5_llc/ramulator/649.fotonik3d_s-1B.yaml --json results/1c/ddr5_llc/champsim/649.fotonik3d_s-1B.json traces/649.fotonik3d_s-1B.champsimtrace.xz
176	:	1700000000.000	10.000	0	0	0	0	./bin/champsim_goldencove_1c_ddr5_llc --warmup-instructions 200000000 --ramulator-stats results/1c/ddr5_llc/ramulator/649.fotonik3d_s-7084B.yaml --json results/1c/ddr5_llc/champsim/649.fotonik3d_s-7084B.json traces/649.fotonik3d_s-7084B.champsimtrace.xz
177	:	1700000000.000	10.000	0	0	0	0	./bin/champsim_goldencove_1c_ddr5_llc --warmup-instructions 200000000 --ramulator-stats results/1c/ddr5_llc/ramulator/649.fotonik3d_s-8225B.yaml --json results/1c/ddr5_llc/champsim/649.fotonik3d_s-8225B.json traces/649.fotonik3d_s-8225B.champsimtrace.xz
178	:	1700000000.000	10.000	0	0	0	0	./bin/champsim_goldencove_1c_ddr5_llc --warmup-instructions 200000000 --ramulator-stats results/1c/ddr5_llc/ramulator/654.roms_s-1007B.yaml --json results/1c/ddr5_llc/champsim/654.roms_s-1007B.json traces/654.roms_s-1007B.champsimtrace.xz
179	:	1700000000.000	10.000	0	0	0	0	./bin/champsim_goldencove_1c_ddr5_llc --warmup-instructions 200000000 --ramulator-stats results/1c/ddr5_llc/ramulator/654.roms_s-1021B.yaml --json results/1c/ddr5_llc/champsim/654.roms_s-1021B.json traces/654.roms_s-1021B.champsimtrace.xz
180	:	1700000000.000	10.000	0	0	0	0	./bin/champsim_goldencove_1c_ddr5_llc --warmup-instructions 200000000 --ramulator-stats results/1c/ddr5_llc/ramulator/654.roms_s-1070B.yaml --json results/1c/ddr5_llc/champsim/654.roms_s-1070B.json traces/654.roms_s-1070B.champsimtrace.xz
181	:	1700000000.000	10.000	0	0	0	0	./bin/champsim_goldencove_1c_ddr5_llc --warmup-instructions 200000000 --ramulator-stats results/1c/ddr5_llc/ramulator/654.roms_s-1390B.yaml --json results/1c/ddr5_llc/champsim/654.roms_s-1390B.json traces/654.roms_s-1390B.champsimtrace.xz
182	:	1700000000.000	10.000	0	0	0	0	./bin/champsim_goldencove_1c_ddr5_llc --warmup-instructions 200000000 --ramulator-stats results/1c/ddr5_llc/ramulator/654.roms_s-1613B.yaml --json results/1c/ddr5_llc/champsim/654.roms_s-1613B.json traces/654.roms_s-1613B.champsimtrace.xz
183	:	1700000000.000	10.000	0	0	0	0	./bin/champsim_goldencove_1c_ddr5_llc --warmup-instructions 200000000 --ramulator-stats results/1c/ddr5_llc/ramulator/654.roms_s-293B.yaml --json results/1c/ddr5_llc/champsim/654.roms_s-293B.json traces/654.roms_s-293B.champsimtrace.xz
184	:	1700000000.000	10.000	0	0	0	0	./bin/champsim_goldencove_1c_ddr5_llc --warmup-instructions 200000000 --ramulator-stats results/1c/ddr5_llc/ramulator/654.roms_s-294B.yaml --json results/1c/ddr5_llc/champsim/654.roms_s-294B.json traces/654.roms_s-294B.champsimtrace.xz
185	:	1700000000.000	10.000	0	0	0	0	./bin/champsim_goldencove_1c_ddr5_llc --warmup-instructions 200000000 --ramulator-stats results/1c/ddr5_llc/ramulator/654.roms_s-523B.yaml --json results/1c/ddr5_llc/champsim/654.roms_s-523B.json traces/654.roms_s-523B.champsimtrace.xz
186	:	1700000000.000	10.000	0	0	0	0	./bin/champsim_goldencove_1c_ddr5_llc --warmup-instructions 200000000 --ramulator-stats results/1c/ddr5_llc/ramulator/654.roms_s-842B.yaml --json results/1c/ddr5_llc/champsim/654.roms_s-842B.json traces/654.roms_s-842B.champsimtrace.xz
187	:	1700000000.000	10.000	0	0	0	0	./bin/champsim_goldencove_1c_ddr5_llc --warmup-instructions 200000000 --ramulator-stats results/1c/ddr5_llc/ramulator/657.xz_s-2302B.yaml --json results/1c/ddr5_llc/champsim/657.xz_s-2302B.json traces/657.xz_s-2302B.champsimtrace.xz
188	:	1700000000.000	10.000	0	0	0	0	./bin/champsim_goldencove_1c_ddr5_llc --warmup-instructions 200000000 --ramulator-stats results/1c/ddr5_llc/ramulator/657.xz_s-3167B.yaml --json results/1c/ddr5_llc/champsim/657.xz_s-3167B.json traces/657.xz_s-3167B.champsimtrace.xz
189	:	1700000000.000	10.000	0	0	0	0	./bin/champsim_goldencove_1c_ddr5_llc --warmup-instructions 200000000 --ramulator-stats results/1c/ddr5_llc/ramulator/657.xz_s-4994B.yaml --json results/1c/ddr5_llc/champsim/657.xz_s-4994B.json traces/657.xz_s-4994B.champsimtrace.xz
190	:	1700000000.000	10.000	0	0	0	0	./bin/champsim_goldencove_1c_ddr5_llc --warmup-instructions 200000000 --ramulator-stats results/1c/ddr5_llc/ramulator/657.xz_s-56B.yaml --json results/1c/ddr5_llc/champsim/657.xz_s-56B.json traces/657.xz_s-56B.champsimtrace.xz
191	:	1700000000.000	10.000	0	0	0	0	./bin/champsim_goldencove_1c_hbm1 --warmup-instructions 200000000 --ramulator-stats results/1c/hbm1/ramulator/600.perlbench_s-1273B.yaml --json results/1c/hbm1/champsim/600.perlbench_s-1273B.json traces/600.perlbench_s-1273B.champsimtrace.xz
192	:	1700000000.000	10.000	0	0	0	0	./bin/champsim_goldencove_1c_hbm1 --warmup-instructions 200000000 --ramulator-stats results/1c/hbm1/ramulator/600.perlbench_s-210B.yaml --json results/1c/hbm1/champsim/600.perlbench_s-210B.json traces/600.perlbench_s-210B.champsimtrace.xz
193	:	1700000000.000	10.000	0	0	0	0	./bin/champsim_goldencove_1c_hbm1 --warmup-instructions 200000000 --ramulator-stats results/1c/hbm1/ramulator/600.perlbench_s-570B.yaml --json results/1c/hbm1/champsim/600.perlbench_s-570B.json traces/600.perlbench_s-570B.champsimtrace.xz
194	:	1700000000.000	10.000	0	0	0	0	./bin/champsim_goldencove_1c_hbm1 --warmup-instructions 200000000 --ramulator-stats results/1c/hbm1/ramulator/602.gcc_s-1850B.yaml --json results/1c/hbm1/champsim/602.gcc_s-1850B.json traces/602.gcc_s-1850B.champsimtrace.xz
195	:	1700000000.000	10.000	0	0	0	0	./bin/champsim_goldencove_1c_hbm1 --warmup-instructions 200000000 --ramulator-stats results/1c/hbm1/ramulator/602.gcc_s-2226B.yaml --json results/1c/hbm1/champsim/602.gcc_s-2226B.json traces/602.gcc_s-2226B.champsimtrace.xz
196	:	1700000000.000	10.000	0	0	0	0	./bin/champsim_goldencove_1c_hbm1 --warmup-instructions 200000000 --ramulator-stats results/1c/hbm1/ramulator/602.gcc_s-2375B.yaml --json results/1c/hbm1/champsim/602.gcc_s-2375B.json traces/602.gcc_s-2375B.champsimtrace.xz
197	:	1700000000.000	10.000	0	0	0	0	./bin/champsim_goldencove_1c_hbm1 --warmup-instructions 200000000 --ramulator-stats results/1c/hbm1/ramulator/602.gcc_s-734B.yaml --json results/1c/hbm1/champsim/602.gcc_s-734B.json traces/602.gcc_s-734B.champsimtrace.xz
198	:	1700000000.000	10.000	0	0	0	0	./bin/champsim_goldencove_1c_hbm1 --warmup-instructions 200000000 --ramulator-stats results/1c/hbm1/ramulator/603.bwaves_s-1080B.yaml --json results/1c/hbm1/champsim/603.bwaves_s-1080B.json traces/603.bwaves_s-1080B.champsimtrace.xz
199	:	1700000000.000	10.000	0	0	0	0	./bin/champsim_goldencove_1c_hbm1 --warmup-instructions 200000000 --ramulator-stats results/1c/hbm1/ramulator/603.bwaves_s-1740B.yaml --json results/1c/hbm1/champsim/603.bwaves_s-1740B.json traces/603.bwaves_s-1740B.champsimtrace.xz
200	:	1700000000.000	10.000	0	0	0	0	./bin/champsim_goldencove_1c_hbm1 --warmup-instructions 200000000 --ramulator-stats results/1c/hbm1/ramulator/603.bwaves_s-2609B.yaml --json results/1c/hbm1/champsim/603.bwaves_s-2609B.json traces/603.bwaves_s-2609B.champsimtrace.xz
201	:	1700000000.000	10.000	0	0	0	0	./bin/champsim_goldencove_1c_hbm1 --warmup-instructions 200000000 --ramulator-stats results/1c/hbm1/ramulator/603.bwaves_s-2931B.yaml --json results/1c/hbm1/champsim/603.bwaves_s-2931B.json traces/603.bwaves_s-2931B.champsimtrace.xz
202	:	1700000000.000	10.000	0	0	0	0	./bin/champsim_goldencove_1c_hbm1 --warmup-instructions 200000000 --ramulator-stats results/1c/hbm1/ramulator/603.bwaves_s-3699B.yaml --json results/1c/hbm1/champsim/603.bwaves_s-3699B.json traces/603.bwaves_s-3699B.champsimtrace.xz
203	:	1700000000.000	10.000	0	0	0	0	./bin/champsim_goldencove_1c_hbm1 --warmup-instructions 200000000 --ramulator-stats results/1c/hbm1/ramulator/603.bwaves_s-5359B.yaml --json results/1c/hbm1/champsim/603.bwaves_s-5359B.json traces/603.bwaves_s-5359B.champsimtrace.xz
204	:	1700000000.000	10.000	0	0	0	0	./bin/champsim_goldencove_1c_hbm1 --warmup-instructions 200000000 --ramulator-stats results/1c/hbm1/ramulator/603.bwaves_s-891B.yaml --json results/1c/hbm1/champsim/603.bwaves_s-891B.json traces/603.bwaves_s-891B.champsimtrace.xz
205	:	1700000000.000	10.000	0	0	0	0	./bin/champsim_goldencove_1c_hbm1 --warmup-instructions 200000000 --ramulator-stats results/1c/hbm1/ramulator/605.mcf_s-1152B.yaml --json results/1c/hbm1/champsim/605.mcf_s-1152B.json traces/605.mcf_s-1152B.champsimtrace.xz
206	:	1700000000.000	10.000	0	0	0	0	./bin/champsim_goldencove_1c_hbm1 --warmup-instructions 200000000 --ramulator-stats results/1c/hbm1/ramulator/605.mcf_s-1536B.yaml --json results/1c/hbm1/champsim/605.mcf_s-1536B.json traces/605.mcf_s-1536B.champsimtrace.xz
207	:	1700000000.000	10.000	0	0	0	0	./bin/champsim_goldencove_1c_hbm1 --warmup-instructions 200000000 --ramulator-stats results/1c/hbm1/ramulator/605.mcf_s-1554B.yaml --json results/1c/hbm1/champsim/605.mcf_s-1554B.json traces/605.mcf_s-1554B.champsimtrace.xz
208	:	1700000000.000	10.000	0	0	0	0	./bin/champsim_goldencove_1c_hbm1 --warmup-instructions 200000000 --ramulator-stats results/1c/hbm1/ramulator/605.mcf_s-1644B.yaml --json results/1c/hbm1/champsim/605.mcf_s-1644B.json traces/605.mcf_s-1644B.champsimtrace.xz
209	:	1700000000.000	10.000	0	0	0	0	./bin/champsim_goldencove_1c_hbm1 --warmup-instructions 200000000 --ramulator-stats results/1c/hbm1/ramulator/605.mcf_s-472B.yaml --json results/1c/hbm1/champsim/605.mcf_s-472B.json traces/605.mcf_s-472B.champsimtrace.xz
210	:	1700000000.000	10.000	0	0	0	0	./bin/champsim_goldencove_1c_hbm1 --warmup-instructions 200000000 --ramulator-stats results/1c/hbm1/ramulator/605.mcf_s-484B.yaml --json results/1c/hbm1/champsim/605.mcf_s-484B.json traces/605.mcf_s-484B.champsimtrace.xz
211	:	1700000000.000	10.000	0	0	0	0	./bin/champsim_goldencove_1c_hbm1 --warmup-instructions 200000000 --ramulator-stats results/1c/hbm1/ramulator/605.mcf_s-665B.yaml --json results/1c/hbm1/champsim/605.mcf_s-665B.json traces/605.mcf_s-665B.champsimtrace.xz
212	:	1700000000.000	10.000	0	0	0	0	./bin/champsim_goldencove_1c_hbm1 --warmup-instructions 200000000 --ramulator-stats results/1c/hbm1/ramulator/605.mcf_s-782B.yaml --json results/1c/hbm1/champsim/605.mcf_s-782B.json traces/605.mcf_s-782B.champsimtrace.xz
213	:	1700000000.000	10.000	0	0	0	0	./bin/champsim_goldencove_1c_hbm1 --warmup-instructions 200000000 --ramulator-stats results/1c/hbm1/ramulator/605.mcf_s-994B.yaml --json results/1c/hbm1/champsim/605.mcf_s-994B.json traces/605.mcf_s-994B.champsimtrace.xz
214	:	1700000000.000	10.000	0	0	0	0	./bin/champsim_goldencove_1c_hbm1 --warmup-instructions 200000000 --ramulator-stats results/1c/hbm1/ramulator/607.cactuBSSN_s-2421B.yaml --json results/1c/hbm1/champsim/607.cactuBSSN_s-2421B.json traces/607.cactuBSSN_s-2421B.champsimtrace.xz
215	:	1700000000.000	10.000	0	0	0	0	./bin/champsim_goldencove_1c_hbm1 --warmup-instructions 200000000 --ramulator-stats results/1c/hbm1/ramulator/607.cactuBSSN_s-3477B.yaml --json results/1c/hbm1/champsim/607.cactuBSSN_s-3477B.json traces/607.cactuBSSN_s-3477B.champsimtrace.xz
216	:	1700000000.000	10.000	0	0	0	0	./bin/champsim_goldencove_1c_hbm1 --warmup-instructions 200000000 --ramulator-stats results/1c/hbm1/ramulator/607.cactuBSSN_s-4004B.yaml --json results/1c/hbm1/champsim/607.cactuBSSN_s-4004B.json traces/607.cactuBSSN_s-4004B.champsimtrace.xz
217	:	1700000000.000	10.000	0	0	0	0	./bin/champsim_goldencove_1c_hbm1 --warmup-instructions 200000000 --ramulator-stats results/1c/hbm1/ramulator/607.cactuBSSN_s-4248B.yaml --json results/1c/hbm1/champsim/607.cactuBSSN_s-4248B.json traces/607.cactuBSSN_s-4248B.champsimtrace.xz
218	:	1700000000.000	10.000	0	0	0	0	./bin/champsim_goldencove_1c_hbm1 --warmup-instructions 200000000 --ramulator-stats results/1c/hbm1/ramulator/619.lbm_s-2676B.yaml --json results/1c/hbm1/champsim/619.lbm_s-2676B.json traces/619.lbm_s-2676B.champsimtrace.xz
219	:	1700000000.000	10.000	0	0	0	0	./bin/champsim_goldencove_1c_hbm1 --warmup-instructions 200000000 --ramulator-stats results/1c/hbm1/ramulator/619.lbm_s-2677B.yaml --json results/1c/hbm1/champsim/619.lbm_s-2677B.json traces/619.lbm_s-2677B.champsimtrace.xz
220	:	1700000000.000	10.000	0	0	0	0	./bin/champsim_goldencove_1c_hbm1 --warmup-instructions 200000000 --ramulator-stats results/1c/hbm1/ramulator/619.lbm_s-3766B.yaml --json results/1c/hbm1/champsim/619.lbm_s-3766B.json traces/619.lbm_s-3766B.champsimtrace.xz
221	:	1700000000.000	10.000	0	0	0	0	./bin/champsim_goldencove_1c_hbm1 --warmup-instructions 200000000 --ramulator-stats results/1c/hbm1/ramulator/619.lbm_s-4268B.yaml --json results/1c/hbm1/champsim/619.lbm_s-4268B.json traces/619.lbm_s-4268B.champsimtrace.xz
222	:	1700000000.000	10.000	0	0	0	0	./bin/champsim_goldencove_1c_hbm1 --warmup-instructions 200000000 --ramulator-stats results/1c/hbm1/ramulator/620.omnetpp_s-141B.yaml --json results/1c/hbm1/champsim/620.omnetpp_s-141B.json traces/620.omnetpp_s-141B.champsimtrace.xz
223	:	1700000000.000	10.000	0	0	0	0	./bin/champsim_goldencove_1c_hbm1 --warmup-instructions 200000000 --ramulator-stats results/1c/hbm1/ramulator/620.omnetpp_s-874B.yaml --json results/1c/hbm1/champsim/620.omnetpp_s-874B.json traces/620.omnetpp_s-874B.champsimtrace.xz
224	:	1700000000.000	10.000	0	0	0	0	./bin/champsim_goldencove_1c_hbm1 --warmup-instructions 200000000 --ramulator-stats results/1c/hbm1/ramulator/621.wrf_s-575B.yaml --json results/1c/hbm1/champsim/621.wrf_s-575B.json traces/621.wrf_s-575B.champsimtrace.xz
225	:	1700000000.000	10.000	0	0	0	0	./bin/champsim_goldencove_1c_hbm1 --warmup-instructions 200000000 --ramulator-stats results/1c/hbm1/ramulator/621.wrf_s-6673B.yaml --json results/1c/hbm1/champsim/621.wrf_s-6673B.json traces/621.wrf_s-6673B.champsimtrace.xz
226	:	1700000000.000	10.000	0	0	0	0	./bin/champsim_goldencove_1c_hbm1 --warmup-instructions 200000000 --ramulator-stats results/1c/hbm1/ramulator/621.wrf_s-8065B.yaml --json results/1c/hbm1/champsim/621.wrf_s-8065B.json traces/621.wrf_s-8065B.champsimtrace.xz
227	:	1700000000.000	10.000	0	0	0	0	./bin/champsim_goldencove_1c_hbm1 --warmup-instructions 200000000 --ramulator-stats results/1c/hbm1/ramulator/621.wrf_s-8100B.yaml --json results/1c/hbm1/champsim/621.wrf_s-8100B.json traces/621.wrf_s-8100B.champsimtrace.xz
228	:	1700000000.000	10.000	0	0	0	0	./bin/champsim_goldencove_1c_hbm1 --warmup-instructions 200000000 --ramulator-stats results/1c/hbm1/ramulator/623.xalancbmk_s-10B.yaml --json results/1c/hbm1/champsim/623.xalancbmk_s-10B.json traces/623.xalancbmk_s-10B.champsimtrace.xz
229	:	1700000000.000	10.000	0	0	0	0	./bin/champsim_goldencove_1c_hbm1 --warmup-instructions 200000000 --ramulator-stats results/1c/hbm1/ramulator/623.xalancbmk_s-165B.yaml --json results/1c/hbm1/champsim/623.xalancbmk_s-165B.json traces/623.xalancbmk_s-165B.champsimtrace.xz
230	:	1700000000.000	10.000	0	0	0	0	./bin/champsim_goldencove_1c_hbm1 --warmup-instructions 200000000 --ramulator-stats results/1c/hbm1/ramulator/623.xalancbmk_s-202B.yaml --json results/1c/hbm1/champsim/623.xalancbmk_s-202B.json traces/623.xalancbmk_s-202B.champsimtrace.xz
231	:	1700000000.000	10.000	0	0	0	0	./bin/champsim_goldencove_1c_hbm1 --warmup-instructions 200000000 --ramulator-stats results/1c/hbm1/ramulator/623.xalancbmk_s-325B.yaml --json results/1c/hbm1/champsim/623.xalancbmk_s-325B.json traces/623.xalancbmk_s-325B.champsimtrace.xz
232	:	1700000000.000	10.000	0	0	0	0	./bin/champsim_goldencove_1c_hbm1 --warmup-instructions 200000000 --ramulator-stats results/1c/hbm1/ramulator/623.xalancbmk_s-592B.yaml --json results/1c/hbm1/champsim/623.xalancbmk_s-592B.json traces/623.xalancbmk_s-592B.champsimtrace.xz
233	:	1700000000.000	10.000	0	0	0	0	./bin/champsim_goldencove_1c_hbm1 --warmup-instructions 200000000 --ramulator-stats results/1c/hbm1/ramulator/623.xalancbmk_s-700B.yaml --json results/1c/hbm1/champsim/623.xalancbmk_s-700B.json traces/623.xalancbmk_s-700B.champsimtrace.xz
234	:	1700000000.000	10.000	0	0	0	0	./bin/champsim_goldencove_1c_hbm1 --warmup-instructions 200000000 --ramulator-stats results/1c/hbm1/ramulator/625.x264_s-12B.yaml --json results/1c/hbm1/champsim/625.x264_s-12B.json traces/625.x264_s-12B.champsimtrace.xz
235	:	1700000000.000	10.000	0	0	0	0	./bin/champsim_goldencove_1c_hbm1 --warmup-instructions 200000000 --ramulator-stats results/1c/hbm1/ramulator/625.x264_s-18B.yaml --json results/1c/hbm1/champsim/625.x264_s-18B.json traces/625.x264_s-18B.champsimtrace.xz
236	:	1700000000.000	10.000	0	0	0	0	./bin/champsim_goldencove_1c_hbm1 --warmup-instructions 200000000 --ramulator-stats results/1c/hbm1/ramulator/625.x264_s-20B.yaml --json results/1c/hbm1/champsim/625.x264_s-20B.json traces/625.x264_s-20B.champsimtrace.xz
237	:	1700000000.000	10.000	0	0	0	0	./bin/champsim_goldencove_1c_hbm1 --warmup-instructions 200000000 --ramulator-stats results/1c/hbm1/ramulator/625.x264_s-33B.yaml --json results/1c/hbm1/champsim/625.x264_s-33B.json traces/625.x264_s-33B.champsimtrace.xz
238	:	1700000000.000	10.000	0	0	0	0	./bin/champsim_goldencove_1c_hbm1 --warmup-instructions 200000000 --ramulator-stats results/1c/hbm1/ramulator/625.x264_s-39B.yaml --json results/1c/hbm1/champsim/625.x264_s-39B.json traces/625.x264_s-39B.champsimtrace.xz
239	:	1700000000.000	10.000	0	0	0	0	./bin/champsim_goldencove_1c_hbm1 --warmup-instructions 200000000 --ramulator-stats results/1c/hbm1/ramulator/627.cam4_s-490B.yaml --json results/1c/hbm1/champsim/627.cam4_s-490B.json traces/627.cam4_s-490B.champsimtrace.xz
240	:	1700000000.000	10.000	0	0	0	0	./bin/champsim_goldencove_1c_hbm1 --warmup-instructions 200000000 --ramulator-stats results/1c/hbm1/ramulator/627.cam4_s-573B.yaml --json results/1c/hbm1/champsim/627.cam4_s-573B.json traces/627.cam4_s-573B.champsimtrace.xz
241	:	1700000000.000	10.000	0	0	0	0	./bin/champsim_goldencove_1c_hbm1 --warmup-instructions 200000000 --ramulator-stats results/1c/hbm1/ramulator/628.pop2_s-17B.yaml --json results/1c/hbm1/champsim/628.pop2_s-17B.json traces/628.pop2_s-17B.champsimtrace.xz
242	:	1700000000.000	10.000	0	0	0	0	./bin/champsim_goldencove_1c_hbm1 --warmup-instructions 200000000 --ramulator-stats results/1c/hbm1/ramulator/631.deepsjeng_s-928B.yaml --json results/1c/hbm1/champsim/631.deepsjeng_s-928B.json traces/631.deepsjeng_s-928B.champsimtrace.xz
243	:	1700000000.000	10.000	0	0	0	0	./bin/champsim_goldencove_1c_hbm1 --warmup-instructions 200000000 --ramulator-stats results/1c/hbm1/ramulator/638.imagick_s-10316B.yaml --json results/1c/hbm1/champsim/638.imagick_s-10316B.json traces/638.imagick_s-10316B.champsimtrace.xz
244	:	1700000000.000	10.000	0	0	0	0	./bin/champsim_goldencove_1c_hbm1 --warmup-instructions 200000000 --ramulator-stats results/1c/hbm1/ramulator/638.imagick_s-4128B.yaml --json results/1c/hbm1/champsim/638.imagick_s-4128B.json traces/638.imagick_s-4128B.champsimtrace.xz
245	:	1700000000.000	10.000	0	0	0	0	./bin/champsim_goldencove_1c_hbm1 --warmup-instructions 200000000 --ramulator-stats results/1c/hbm1/ramulator/638.imagick_s-824B.yaml --json results/1c/hbm1/champsim/638.imagick_s-824B.json traces/638.imagick_s-824B.champsimtrace.xz
246	:	1700000000.000	10.000	0	0	0	0	./bin/champsim_goldencove_1c_hbm1 --warmup-instructions 200000000 --ramulator-stats results/1c/hbm1/ramulator/641.leela_s-1052B.yaml --json results/1c/hbm1/champsim/641.leela_s-1052B.json traces/641.leela_s-1052B.champsimtrace.xz
247	:	1700000000.000	10.000	0	0	0	0	./bin/champsim_goldencove_1c_hbm1 --warmup-instructions 200000000 --ramulator-stats results/1c/hbm1/ramulator/641.leela_s-1083B.yaml --json results/1c/hbm1/champsim/641.leela_s-1083B.json traces/641.leela_s-1083B.champsimtrace.xz
248	:	1700000000.000	10.000	0	0	0	0	./bin/champsim_goldencove_1c_hbm1 --warmup-instructions 200000000 --ramulator-stats results/1c/hbm1/ramulator/641.leela_s-149B.yaml --json results/1c/hbm1/champsim/641.leela_s-149B.json traces/641.leela_s-149B.champsimtrace.xz
249	:	1700000000.000	10.000	0	0	0	0	./bin/champsim_goldencove_1c_hbm1 --warmup-instructions 200000000 --ramulator-stats results/1c/hbm1/ramulator/641.leela_s-334B.yaml --json results/1c/hbm1/champsim/641.leela_s-334B.json traces/641.leela_s-334B.champsimtrace.xz
250	:	1700000000.000	10.000	0	0	0	0	./bin/champsim_goldencove_1c_hbm1 --warmup-instructions 200000000 --ramulator-stats results/1c/hbm1/ramulator/641.leela_s-602B.yaml --json results/1c/hbm1/champsim/641.leela_s-602B.json traces/641.leela_s-602B.champsimtrace.xz
251	:	1700000000.000	10.000	0	0	0	0	./bin/champsim_goldencove_1c_hbm1 --warmup-instructions 200000000 --ramulator-stats results/1c/hbm1/ramulator/641.leela_s-800B.yaml --json results/1c/hbm1/champsim/641.leela_s-800B.json traces/641.leela_s-800B.champsimtrace.xz
252	:	1700000000.000	10.000	0	0	0	0	./bin/champsim_goldencove_1c_hbm1 --warmup-instructions 200000000 --ramulator-stats results/1c/hbm1/ramulator/641.leela_s-862B.yaml --json results/1c/hbm1/champsim/641.leela_s-862B.json traces/641.leela_s-862B.champsimtrace.xz
253	:	1700000000.000	10.000	0	0	0	0	./bin/champsim_goldencove_1c_hbm1 --warmup-instructions 200000000 --ramulator-stats results/1c/hbm1/ramulator/644.nab_s-12459B.yaml --json results/1c/hbm1/champsim/644.nab_s-12459B.json traces/644.nab_s-12459B.champsimtrace.xz
254	:	1700000000.000	10.000	0	0	0	0	./bin/champsim_goldencove_1c_hbm1 --warmup-instructions 200000000 --ramulator-stats results/1c/hbm1/ramulator/644.nab_s-12521B.yaml --json results/1c/hbm1/champsim/644.nab_s-12521B.json traces/644.nab_s-12521B.champsimtrace.xz
255	:	1700000000.000	10.000	0	0	0	0	./bin/champsim_goldencove_1c_hbm1 --warmup-instructions 200000000 --ramulator-stats results/1c/hbm1/ramulator/644.nab_s-5853B.yaml --json results/1c/hbm1/champsim/644.nab_s-5853B.json traces/644.nab_s-5853B.champsimtrace.xz
256	:	1700000000.000	10.000	0	0	0	0	./bin/champsim_goldencove_1c_hbm1 --warmup-instructions 200000000 --ramulator-stats results/1c/hbm1/ramulator/644.nab_s-7928B.yaml --json results/1c/hbm1/champsim/644.nab_s-7928B.json traces/644.nab_s-7928B.champsimtrace.xz
257	:	1700000000.000	10.000	0	0	0	0	./bin/champsim_goldencove_1c_hbm1 --warmup-instructions 200000000 --ramulator-stats results/1c/hbm1/ramulator/644.nab_s-9322B.yaml --json results/1c/hbm1/champsim/644.nab_s-9322B.json traces/644.nab_s-9322B.champsimtrace.xz
258	:	1700000000.000	10.000	0	0	0	0	./bin/champsim_goldencove_1c_hbm1 --warmup-instructions 200000000 --ramulator-stats results/1c/hbm1/ramulator/648.exchange2_s-1227B.yaml --json results/1c/hbm1/champsim/648.exchange2_s-1227B.json traces/648.exchange2_s-1227B.champsimtrace.xz
259	:	1700000000.000	10.000	0	0	0	0	./bin/champsim_goldencove_1c_hbm1 --warmup-instructions 200000000 --ramulator-stats results/1c/hbm1/ramulator/648.exchange2_s-1247B.yaml --json results/1c/hbm1/champsim/648.exchange2_s-1247B.json traces/648.exchange2_s-1247B.champsimtrace.xz
260	:	1700000000.000	10.000	0	0	0	0	./bin/champsim_goldencove_1c_hbm1 --warmup-instructions 200000000 --ramulator-stats results/1c/hbm1/ramulator/648.exchange2_s-1511B.yaml --json results/1c/hbm1/champsim/648.exchange2_s-1511B.json traces/648.exchange2_s-1511B.champsimtrace.xz
261	:	1700000000.000	10.000	0	0	0	0	./bin/champsim_goldencove_1c_hbm1 --warmup-instructions 200000000 --ramulator-stats results/1c/hbm1/ramulator/648.exchange2_s-1699B.yaml --json results/1c/hbm1/champsim/648.exchange2_s-1699B.json traces/648.exchange2_s-1699B.champsimtrace.xz
262	:	1700000000.000	10.000	0	0	0	0	./bin/champsim_goldencove_1c_hbm1 --warmup-instructions 200000000 --ramulator-stats results/1c/hbm1/ramulator/648.exchange2_s-1712B.yaml --json results/1c/hbm1/champsim/648.exchange2_s-1712B.json traces/648.exchange2_s-1712B.champsimtrace.xz
263	:	1700000000.000	10.000	0	0	0	0	./bin/champsim_goldencove_1c_hbm1 --warmup-instructions 200000000 --ramulator-stats results/1c/hbm1/ramulator/648.exchange2_s-210B.yaml --json results/1c/hbm1/champsim/648.exchange2_s-210B.json traces/648.exchange2_s-210B.champsimtrace.xz
264	:	1700000000.000	10.000	0	0	0	0	./bin/champsim_goldencove_1c_hbm1 --warmup-instructions 200000000 --ramulator-stats results/1c/hbm1/ramulator/648.exchange2_s-353B.yaml --json results/1c/hbm1/champsim/648.exchange2_s-353B.json traces/648.exchange2_s-353B.champsimtrace.xz
265	:	1700000000.000	10.000	0	0	0	0	./bin/champsim_goldencove_1c_hbm1 --warmup-instructions 200000000 --ramulator-stats results/1c/hbm1/ramulator/648.exchange2_s-387B.yaml --json results/1c/hbm1/champsim/648.exchange2_s-387B.json traces/648.exchange2_s-387B.champsimtrace.xz
266	:	1700000000.000	10.000	0	0	0	0	./bin/champsim_goldencove_1c_hbm1 --warmup-instructions 200000000 --ramulator-stats results/1c/hbm1/ramulator/648.exchange2_s-584B.yaml --json results/1c/hbm1/champsim/648.exchange2_s-584B.json traces/648.exchange2_s-584B.champsimtrace.xz
267	:	1700000000.000	10.000	0	0	0	0	./bin/champsim_goldencove_1c_hbm1 --warmup-instructions 200000000 --ramulator-stats results/1c/hbm1/ramulator/648.exchange2_s-72B.yaml --json results/1c/hbm1/champsim/648.exchange2_s-72B.json traces/648.exchange2_s-72B.champsimtrace.xz
268	:	1700000000.000	10.000	0	0	0	0	./bin/champsim_goldencove_1c_hbm1 --warmup-instructions 200000000 --ramulator-stats results/1c/hbm1/ramulator/649.fotonik3d_s-10881B.yaml --json results/1c/hbm1/champsim/649.fotonik3d_s-10881B.json traces/649.fotonik3d_s-10881B.champsimtrace.xz
269	:	1700000000.000	10.000	0	0	0	0	./bin/champsim_goldencove_1c_hbm1 --warmup-instructions 200000000 --ramulator-stats results/1c/hbm1/ramulator/649.fotonik3d_s-1176B.yaml --json results/1c/hbm1/champsim/649.fotonik3d_s-1176B.json traces/649.fotonik3d_s-1176B.champsimtrace.xz
270	:	1700000000.000	10.000	0	0	0	0	./bin/champsim_goldencove_1c_hbm1 --warmup-instructions 200000000 --ramulator-stats results/1c/hbm1/ramulator/649.fotonik3d_s-1B.yaml --json results/1c/hbm1/champsim/649.fotonik3d_s-1B.json traces/649.fotonik3d_s-1B.champsimtrace.xz
271	:	1700000000.000	10.000	0	0	0	0	./bin/champsim_goldencove_1c_hbm1 --warmup-instructions 200000000 --ramulator-stats results/1c/hbm1/ramulator/649.fotonik3d_s-7084B.yaml --json results/1c/hbm1/champsim/649.fotonik3d_s-7084B.json traces/649.fotonik3d_s-7084B.champsimtrace.xz
272	:	1700000000.000	10.000	0	0	0	0	./bin/champsim_goldencove_1c_hbm1 --warmup-instructions 200000000 --ramulator-stats results/1c/hbm1/ramulator/649.fotonik3d_s-8225B.yaml --json results/1c/hbm1/champsim/649.fotonik3d_s-8225B.json traces/649.fotonik3d_s-8225B.champsimtrace.xz
273	:	1700000000.000	10.000	0	0	0	0	./bin/champsim_goldencove_1c_hbm1 --warmup-instructions 200000000 --ramulator-stats results/1c/hbm1/ramulator/654.roms_s-1007B.yaml --json results/1c/hbm1/champsim/654.roms_s-1007B.json traces/654.roms_s-1007B.champsimtrace.xz
274	:	1700000000.000	10.000	0	0	0	0	./bin/champsim_goldencove_1c_hbm1 --warmup-instructions 200000000 --ramulator-stats results/1c/hbm1/ramulator/654.roms_s-1021B.yaml --json results/1c/hbm1/champsim/654.roms_s-1021B.json traces/654.roms_s-1021B.champsimtrace.xz
275	:	1700000000.000	10.000	0	0	0	0	./bin/champsim_goldencove_1c_hbm1 --warmup-instructions 200000000 --ramulator-stats results/1c/hbm1/ramulator/654.roms_s-1070B.yaml --json results/1c/hbm1/champsim/654.roms_s-1070B.json traces/654.roms_s-1070B.champsimtrace.xz
276	:	1700000000.000	10.000	0	0	0	0	./bin/champsim_goldencove_1c_hbm1 --warmup-instructions 200000000 --ramulator-stats results/1c/hbm1/ramulator/654.roms_s-1390B.yaml --json results/1c/hbm1/champsim/654.roms_s-1390B.json traces/654.roms_s-1390B.champsimtrace.xz
277	:	1700000000.000	10.000	0	0	0	0	./bin/champsim_goldencove_1c_hbm1 --warmup-instructions 200000000 --ramulator-stats results/1c/hbm1/ramulator/654.roms_s-1613B.yaml --json results/1c/hbm1/champsim/654.roms_s-1613B.json traces/654.roms_s-1613B.champsimtrace.xz
278	:	1700000000.000	10.000	0	0	0	0	./bin/champsim_goldencove_1c_hbm1 --warmup-instructions 200000000 --ramulator-stats results/1c/hbm1/ramulator/654.roms_s-293B.yaml --json results/1c/hbm1/champsim/654.roms_s-293B.json traces/654.roms_s-293B.champsimtrace.xz
279	:	1700000000.000	10.000	0	0	0	0	./bin/champsim_goldencove_1c_hbm1 --warmup-instructions 200000000 --ramulator-stats results/1c/hbm1/ramulator/654.roms_s-294B.yaml --json results/1c/hbm1/champsim/654.roms_s-294B.json traces/654.roms_s-294B.champsimtrace.xz
280	:	1700000000.000	10.000	0	0	0	0	./bin/champsim_goldencove_1c_hbm1 --warmup-instructions 200000000 --ramulator-stats results/1c/hbm1/ramulator/654.roms_s-523B.yaml --json results/1c/hbm1/champsim/654.roms_s-523B.json traces/654.roms_s-523B.champsimtrace.xz
281	:	1700000000.000	10.000	0	0	0	0	./bin/champsim_goldencove_1c_hbm1 --warmup-instructions 200000000 --ramulator-stats results/1c/hbm1/ramulator/654.roms_s-842B.yaml --json results/1c/hbm1/champsim/654.roms_s-842B.json traces/654.roms_s-842B.champsimtrace.xz
282	:	1700000000.000	10.000	0	0	0	0	./bin/champsim_goldencove_1c_hbm1 --warmup-instructions 200000000 --ramulator-stats results/1c/hbm1/ramulator/657.xz_s-2302B.yaml --json results/1c/hbm1/champsim/657.xz_s-2302B.json traces/657.xz_s-2302B.champsimtrace.xz
283	:	1700000000.000	10.000	0	0	0	0	./bin/champsim_goldencove_1c_hbm1 --warmup-instructions 200000000 --ramulator-stats results/1c/hbm1/ramulator/657.xz_s-3167B.yaml --json results/1c/hbm1/champsim/657.xz_s-3167B.json traces/657.xz_s-3167B.champsimtrace.xz
284	:	1700000000.000	10.000	0	0	0	0	./bin/champsim_goldencove_1c_hbm1 --warmup-instructions 200000000 --ramulator-stats results/1c/hbm1/ramulator/657.xz_s-4994B.yaml --json results/1c/hbm1/champsim/657.xz_s-4994B.json traces/657.xz_s-4994B.champsimtrace.xz
285	:	1700000000.000	10.000	0	0	0	0	./bin/champsim_goldencove_1c_hbm1 --warmup-instructions 200000000 --ramulator-stats results/1c/hbm1/ramulator/657.xz_s-56B.yaml --json results/1c/hbm1/champsim/657.xz_s-56B.json traces/657.xz_s-56B.champsimtrace.xz
286	:	1700000000.000	10.000	0	0	0	0	./bin/champsim_goldencove_1c_hbm1_llc --warmup-instructions 200000000 --ramulator-stats results/1c/hbm1_llc/ramulator/600.perlbench_s-1273B.yaml --json results/1c/hbm1_llc/champsim/600.perlbench_s-1273B.json traces/600.perlbench_s-1273B.champsimtrace.xz
287	:	1700000000.000	10.000	0	0	0	0	./bin/champsim_goldencove_1c_hbm1_llc --warmup-instructions 200000000 --ramulator-stats results/1c/hbm1_llc/ramulator/600.perlbench_s-210B.yaml --json results/1c/hbm1_llc/champsim/600.perlbench_s-210B.json traces/600.perlbench_s-210B.champsimtrace.xz
288	:	1700000000.000	10.000	0	0	0	0	./bin/champsim_goldencove_1c_hbm1_llc --warmup-instructions 200000000 --ramulator-stats results/1c/hbm1_llc/ramulator/600.perlbench_s-570B.yaml --json results/1c/hbm1_llc/champsim/600.perlbench_s-570B.json traces/600.perlbench_s-570B.champsimtrace.xz
289	:	1700000000.000	10.000	0	0	0	0	./bin/champsim_goldencove_1c_hbm1_llc --warmup-instructions 200000000 --ramulator-stats results/1c/hbm1_llc/ramulator/602.gcc_s-1850B.yaml --json results/1c/hbm1_llc/champsim/602.gcc_s-1850B.json traces/602.gcc_s-1850B.champsimtrace.xz
290	:	1700000000.000	10.000	0	0	0	0	./bin/champsim_goldencove_1c_hbm1_llc --warmup-instructions 200000000 --ramulator-stats results/1c/hbm1_llc/ramulator/602.gcc_s-2226B.yaml --json results/1c/hbm1_llc/champsim/602.gcc_s-2226B.json traces/602.gcc_s-2226B.champsimtrace.xz
291	:	1700000000.000	10.000	0	0	0	0	./bin/champsim_goldencove_1c_hbm1_llc --warmup-instructions 200000000 --ramulator-stats results/1c/hbm1_llc/ramulator/602.gcc_s-2375B.yaml --json results/1c/hbm1_llc/champsim/602.gcc_s-2375B.json traces/602.gcc_s-2375B.champsimtrace.xz
292	:	1700000000.000	10.000	0	0	0	0	./bin/champsim_goldencove_1c_hbm1_llc --warmup-instructions 200000000 --ramulator-stats results/1c/hbm1_llc/ramulator/602.gcc_s-734B.yaml --json results/1c/hbm1_llc/champsim/602.gcc_s-734B.json traces/602.gcc_s-734B.champsimtrace.xz
293	:	1700000000.000	10.000	0	0	0	0	./bin/champsim_goldencove_1c_hbm1_llc --warmup-instructions 200000000 --ramulator-stats results/1c/hbm1_llc/ramulator/603.bwaves_s-1080B.yaml --json results/1c/hbm1_llc/champsim/603.bwaves_s-1080B.json traces/603.bwaves_s-1080B.champsimtrace.xz
294	:	1700000000.000	10.000	0	0	0	0	./bin/champsim_goldencove_1c_hbm1_llc --warmup-instructions 200000000 --ramulator-stats results/1c/hbm1_llc/ramulator/603.bwaves_s-1740B.yaml --json results/1c/hbm1_llc/champsim/603.bwaves_s-1740B.json traces/603.bwaves_s-1740B.champsimtrace.xz
295	:	1700000000.000	10.000	0	0	0	0	./bin/champsim_goldencove_1c_hbm1_llc --warmup-instructions 200000000 --ramulator-stats results/1c/hbm1_llc/ramulator/603.bwaves_s-2609B.yaml --json results/1c/hbm1_llc/champsim/603.bwaves_s-2609B.json traces/603.bwaves_s-2609B.champsimtrace.xz
296	:	1700000000.000	10.000	0	0	0	0	./bin/champsim_goldencove_1c_hbm1_llc --warmup-instructions 200000000 --ramulator-stats results/1c/hbm1_llc/ramulator/603.bwaves_s-2931B.yaml --json results/1c/hbm1_llc/champsim/603.bwaves_s-2931B.json traces/603.bwaves_s-2931B.champsimtrace.xz
297	:	1700000000.000	10.000	0	0	0	0	./bin/champsim_goldencove_1c_hbm1_llc --warmup-instructions 200000000 --ramulator-stats results/1c/hbm1_llc/ramulator/603.bwaves_s-3699B.yaml --json results/1c/hbm1_llc/champsim/603.bwaves_s-3699B.json traces/603.bwaves_s-3699B.champsimtrace.xz
298	:	1700000000.000	10.000	0	0	0	0	./bin/champsim_goldencove_1c_hbm1_llc --warmup-instructions 200000000 --ramulator-stats results/1c/hbm1_llc/ramulator/603.bwaves_s-5359B.yaml --json results/1c/hbm1_llc/champsim/603.bwaves_s-5359B.json traces/603.bwaves_s-5359B.champsimtrace.xz
299	:	1700000000.000	10.000	0	0	0	0	./bin/champsim_goldencove_1c_hbm1_llc --warmup-instructions 200000000 --ramulator-stats results/1c/hbm1_llc/ramulator/603.bwaves_s-891B.yaml --json results/1c/hbm1_llc/champsim/603.bwaves_s-891B.json traces/603.bwaves_s-891B.champsimtrace.xz
300	:	1700000000.000	10.000	0	0	0	0	./bin/champsim_goldencove_1c_hbm1_llc --warmup-instructions 200000000 --ramulator-stats results/1c/hbm1_llc/ramulator/605.mcf_s-1152B.yaml --json results/1c/hbm1_llc/champsim/605.mcf_s-1152B.json traces/605.mcf_s-1152B.champsimtrace.xz
301	:	1700000000.000	10.000	0	0	0	0	./bin/champsim_goldencove_1c_hbm1_llc --warmup-instructions 200000000 --ramulator-stats results/1c/hbm1_llc/ramulator/605.mcf_s-1536B.yaml --json results/1c/hbm1_llc/champsim/605.mcf_s-1536B.json traces/605.mcf_s-1536B.champsimtrace.xz
302	:	1700000000.000	10.000	0	0	0	0	./bin/champsim_goldencove_1c_hbm1_llc --warmup-instructions 200000000 --ramulator-stats results/1c/hbm1_llc/ramulator/605.mcf_s-1554B.yaml --json results/1c/hbm1_llc/champsim/605.mcf_s-1554B.json traces/605.mcf_s-1554B.champsimtrace.xz
303	:	1700000000.000	10.000	0	0	0	0	./bin/champsim_goldencove_1c_hbm1_llc --warmup-instructions 200000000 --ramulator-stats results/1c/hbm1_llc/ramulator/605.mcf_s-1644B.yaml --json results/1c/hbm1_llc/champsim/605.mcf_s-1644B.json traces/605.mcf_s-1644B.champsimtrace.xz
304	:	1700000000.000	10.000	0	0	0	0	./bin/champsim_goldencove_1c_hbm1_llc --warmup-instructions 200000000 --ramulator-stats results/1c/hbm1_llc/ramulator/605.mcf_s-472B.yaml --json results/1c/hbm1_llc/champsim/605.mcf_s-472B.json traces/605.mcf_s-472B.champsimtrace.xz
305	:	1700000000.000	10.000	0	0	0	0	./bin/champsim_goldencove_1c_hbm1_llc --warmup-instructions 200000000 --ramulator-stats results/1c/hbm1_llc/ramulator/605.mcf_s-484B.yaml --json results/1c/hbm1_llc/champsim/605.mcf_s-484B.json traces/605.mcf_s-484B.champsimtrace.xz
306	:	1700000000.000	10.000	0	0	0	0	./bin/champsim_goldencove_1c_hbm1_llc --warmup-instructions 200000000 --ramulator-stats results/1c/hbm1_llc/ramulator/605.mcf_s-665B.yaml --json results/1c/hbm1_llc/champsim/605.mcf_s-665B.json traces/605.mcf_s-665B.champsimtrace.xz
307	:	1700000000.000	10.000	0	0	0	0	./bin/champsim_goldencove_1c_hbm1_llc --warmup-instructions 200000000 --ramulator-stats results/1c/hbm1_llc/ramulator/605.mcf_s-782B.yaml --json results/1c/hbm1_llc/champsim/605.mcf_s-782B.json traces/605.mcf_s-782B.champsimtrace.xz
308	:	1700000000.000	10.000	0	0	0	0	./bin/champsim_goldencove_1c_hbm1_llc --warmup-instructions 200000000 --ramulator-stats results/1c/hbm1_llc/ramulator/605.mcf_s-994B.yaml --json results/1c/hbm1_llc/champsim/605.mcf_s-994B.json traces/605.mcf_s-994B.champsimtrace.xz
309	:	1700000000.000	10.000	0	0	0	0	./bin/champsim_goldencove_1c_hbm1_llc --warmup-instructions 200000000 --ramulator-stats results/1c/hbm1_llc/ramulator/607.cactuBSSN_s-2421B.yaml --json results/1c/hbm1_llc/champsim/607.cactuBSSN_s-2421B.json traces/607.cactuBSSN_s-2421B.champsimtrace.xz
310	:	1700000000.000	10.000	0	0	0	0	./bin/champsim_goldencove_1c_hbm1_llc --warmup-instructions 200000000 --ramulator-stats results/1c/hbm1_llc/ramulator/607.cactuBSSN_s-3477B.yaml --json results/1c/hbm1_llc/champsim/607.cactuBSSN_s-3477B.json traces/607.cactuBSSN_s-3477B.champsimtrace.xz
311	:	1700000000.000	10.000	0	0	0	0	./bin/champsim_goldencove_1c_hbm1_llc --warmup-instructions 200000000 --ramulator-stats results/1c/hbm1_llc/ramulator/607.cactuBSSN_s-4004B.yaml --json results/1c/hbm1_llc/champsim/607.cactuBSSN_s-4004B.json traces/607.cactuBSSN_s-4004B.champsimtrace.xz
312	:	1700000000.000	10.000	0	0	0	0	./bin/champsim_goldencove_1c_hbm1_llc --warmup-instructions 200000000 --ramulator-stats results/1c/hbm1_llc/ramulator/607.cactuBSSN_s-4248B.yaml --json results/1c/hbm1_llc/champsim/607.cactuBSSN_s-4248B.json traces/607.cactuBSSN_s-4248B.champsimtrace.xz
313	:	1700000000.000	10.000	0	0	0	0	./bin/champsim_goldencove_1c_hbm1_llc --warmup-instructions 200000000 --ramulator-stats results/1c/hbm1_llc/ramulator/619.lbm_s-2676B.yaml --json results/1c/hbm1_llc/champsim/619.lbm_s-2676B.json traces/619.lbm_s-2676B.champsimtrace.xz
314	:	1700000000.000	10.000	0	0	0	0	./bin/champsim_goldencove_1c_hbm1_llc --warmup-instructions 200000000 --ramulator-stats results/1c/hbm1_llc/ramulator/619.lbm_s-2677B.yaml --json results/1c/hbm1_llc/champsim/619.lbm_s-2677B.json traces/619.lbm_s-2677B.champsimtrace.xz
315	:	1700000000.000	10.000	0	0	0	0	./bin/champsim_goldencove_1c_hbm1_llc --warmup-instructions 200000000 --ramulator-stats results/1c/hbm1_llc/ramulator/619.lbm_s-3766B.yaml --json results/1c/hbm1_llc/champsim/619.lbm_s-3766B.json traces/619.lbm_s-3766B.champsimtrace.xz
316	:	1700000000.000	10.000	0	0	0	0	./bin/champsim_goldencove_1c_hbm1_llc --warmup-instructions 200000000 --ramulator-stats results/1c/hbm1_llc/ramulator/619.lbm_s-4268B.yaml --json results/1c/hbm1_llc/champsim/619.lbm_s-4268B.json traces/619.lbm_s-4268B.champsimtrace.xz
317	:	1700000000.000	10.000	0	0	0	0	./bin/champsim_goldencove_1c_hbm1_llc --warmup-instructions 200000000 --ramulator-stats results/1c/hbm1_llc/ramulator/620.omnetpp_s-141B.yaml --json results/1c/hbm1_llc/champsim/620.omnetpp_s-141B.json traces/620.omnetpp_s-141B.champsimtrace.xz
318	:	1700000000.000	10.000	0	0	0	0	./bin/champsim_goldencove_1c_hbm1_llc --warmup-instructions 200000000 --ramulator-stats results/1c/hbm1_llc/ramulator/620.omnetpp_s-874B.yaml --json results/1c/hbm1_llc/champsim/620.omnetpp_s-874B.json traces/620.omnetpp_s-874B.champsimtrace.xz
319	:	1700000000.000	10.000	0	0	0	0	./bin/champsim_goldencove_1c_hbm1_llc --warmup-instructions 200000000 --ramulator-stats results/1c/hbm1_llc/ramulator/621.wrf_s-575B.yaml --json results/1c/hbm1_llc/champsim/621.wrf_s-575B.json traces/621.wrf_s-575B.champsimtrace.xz
320	:	1700000000.000	10.000	0	0	0	0	./bin/champsim_goldencove_1c_hbm1_llc --warmup-instructions 200000000 --ramulator-stats results/1c/hbm1_llc/ramulator/621.wrf_s-6673B.yaml --json results/1c/hbm1_llc/champsim/621.wrf_s-6673B.json traces/621.wrf_s-6673B.champsimtrace.xz
321	:	1700000000.000	10.000	0	0	0	0	./bin/champsim_goldencove_1c_hbm1_llc --warmup-instructions 200000000 --ramulator-stats results/1c/hbm1_llc/ramulator/621.wrf_s-8065B.yaml --json results/1c/hbm1_llc/champsim/621.wrf_s-8065B.json traces/621.wrf_s-8065B.champsimtrace.xz
322	:	1700000000.000	10.000	0	0	0	0	./bin/champsim_goldencove_1c_hbm1_llc --warmup-instructions 200000000 --ramulator-stats results/1c/hbm1_llc/ramulator/621.wrf_s-8100B.yaml --json results/1c/hbm1_llc/champsim/621.wrf_s-8100B.json traces/621.wrf_s-8100B.champsimtrace.xz
323	:	1700000000.000	10.000	0	0	0	0	./bin/champsim_goldencove_1c_hbm1_llc --warmup-instructions 200000000 --ramulator-stats results/1c/hbm1_llc/ramulator/623.xalancbmk_s-10B.yaml --json results/1c/hbm1_llc/champsim/623.xalancbmk_s-10B.json traces/623.xalancbmk_s-10B.champsimtrace.xz
324	:	1700000000.000	10.000	0	0	0	0	./bin/champsim_goldencove_1c_hbm1_llc --warmup-instructions 200000000 --ramulator-stats results/1c/hbm1_llc/ramulator/623.xalancbmk_s-165B.yaml --json results/1c/hbm1_llc/champsim/623.xalancbmk_s-165B.json traces/623.xalancbmk_s-165B.champsimtrace.xz
325	:	1700000000.000	10.000	0	0	0	0	./bin/champsim_goldencove_1c_hbm1_llc --warmup-instructions 200000000 --ramulator-stats results/1c/hbm1_llc/ramulator/623.xalancbmk_s-202B.yaml --json results/1c/hbm1_llc/champsim/623.xalancbmk_s-202B.json traces/623.xalancbmk_s-202B.champsimtrace.xz
326	:	1700000000.000	10.000	0	0	0	0	./bin/champsim_goldencove_1c_hbm1_llc --warmup-instructions 200000000 --ramulator-stats results/1c/hbm1_llc/ramulator/623.xalancbmk_s-325B.yaml --json results/1c/hbm1_llc/champsim/623.xalancbmk_s-325B.json traces/623.xalancbmk_s-325B.champsimtrace.xz
327	:	1700000000.000	10.000	0	0	0	0	./bin/champsim_goldencove_1c_hbm1_llc --warmup-instructions 200000000 --ramulator-stats results/1c/hbm1_llc/ramulator/623.xalancbmk_s-592B.yaml --json results/1c/hbm1_llc/champsim/623.xalancbmk_s-592B.json traces/623.xalancbmk_s-592B.champsimtrace.xz
328	:	1700000000.000	10.000	0	0	0	0	./bin/champsim_goldencove_1c_hbm1_llc --warmup-instructions 200000000 --ramulator-stats results/1c/hbm1_llc/ramulator/623.xalancbmk_s-700B.yaml --json results/1c/hbm1_llc/champsim/623.xalancbmk_s-700B.json traces/623.xalancbmk_s-700B.champsimtrace.xz
329	:	1700000000.000	10.000	0	0	0	0	./bin/champsim_goldencove_1c_hbm1_llc --warmup-instructions 200000000 --ramulator-stats results/1c/hbm1_llc/ramulator/625.x264_s-12B.yaml --json results/1c/hbm1_llc/champsim/625.x264_s-12B.json traces/625.x264_s-12B.champsimtrace.xz
330	:	1700000000.000	10.000	0	0	0	0	./bin/champsim_goldencove_1c_hbm1_llc --warmup-instructions 200000000 --ramulator-stats results/1c/hbm1_llc/ramulator/625.x264_s-18B.yaml --json results/1c/hbm1_llc/champsim/625.x264_s-18B.json traces/625.x264_s-18B.champsimtrace.xz
331	:	1700000000.000	10.000	0	0	0	0	./bin/champsim_goldencove_1c_hbm1_llc --warmup-instructions 200000000 --ramulator-stats results/1c/hbm1_llc/ramulator/625.x264_s-20B.yaml --json results/1c/hbm1_llc/champsim/625.x264_s-20B.json traces/625.x264_s-20B.champsimtrace.xz
332	:	1700000000.000	10.000	0	0	0	0	./bin/champsim_goldencove_1c_hbm1_llc --warmup-instructions 200000000 --ramulator-stats results/1c/hbm1_llc/ramulator/625.x264_s-33B.yaml --json results/1c/hbm1_llc/champsim/625.x264_s-33B.json traces/625.x264_s-33B.champsimtrace.xz
333	:	1700000000.000	10.000	0	0	0	0	./bin/champsim_goldencove_1c_hbm1_llc --warmup-instructions 200000000 --ramulator-stats results/1c/hbm1_llc/ramulator/625.x264_s-39B.yaml --json results/1c/hbm1_llc/champsim/625.x264_s-39B.json traces/625.x264_s-39B.champsimtrace.xz
334	:	1700000000.000	10.000	0	0	0	0	./bin/champsim_goldencove_1c_hbm1_llc --warmup-instructions 200000000 --ramulator-stats results/1c/hbm1_llc/ramulator/627.cam4_s-490B.yaml --json results/1c/hbm1_llc/champsim/627.cam4_s-490B.json traces/627.cam4_s-490B.champsimtrace.xz
335	:	1700000000.000	10.000	0	0	0	0	./bin/champsim_goldencove_1c_hbm1_llc --warmup-instructions 200000000 --ramulator-stats results/1c/hbm1_llc/ramulator/627.cam4_s-573B.yaml --json results/1c/hbm1_llc/champsim/627.cam4_s-573B.json traces/627.cam4_s-573B.champsimtrace.xz
336	:	1700000000.000	10.000	0	0	0	0	./bin/champsim_goldencove_1c_hbm1_llc --warmup-instructions 200000000 --ramulator-stats results/1c/hbm1_llc/ramulator/628.pop2_s-17B.yaml --json results/1c/hbm1_llc/champsim/628.pop2_s-17B.json traces/628.pop2_s-17B.champsimtrace.xz
337	:	1700000000.000	10.000	0	0	0	0	./bin/champsim_goldencove_1c_hbm1_llc --warmup-instructions 200000000 --ramulator-stats results/1c/hbm1_llc/ramulator/631.deepsjeng_s-928B.yaml --json results/1c/hbm1_llc/champsim/631.deepsjeng_s-928B.json traces/631.deepsjeng_s-928B.champsimtrace.xz
338	:	1700000000.000	10.000	0	0	0	0	./bin/champsim_goldencove_1c_hbm1_llc --warmup-instructions 200000000 --ramulator-stats results/1c/hbm1_llc/ramulator/638.imagick_s-10316B.yaml --json results/1c/hbm1_llc/champsim/638.imagick_s-10316B.json traces/638.imagick_s-10316B.champsimtrace.xz
339	:	1700000000.000	10.000	0	0	0	0	./bin/champsim_goldencove_1c_hbm1_llc --warmup-instructions 200000000 --ramulator-stats results/1c/hbm1_llc/ramulator/638.imagick_s-4128B.yaml --json results/1c/hbm1_llc/champsim/638.imagick_s-4128B.json traces/638.imagick_s-4128B.champsimtrace.xz
340	:	1700000000.000	10.000	0	0	0	0	./bin/champsim_goldencove_1c_hbm1_llc --warmup-instructions 200000000 --ramulator-stats results/1c/hbm1_llc/ramulator/638.imagick_s-824B.yaml --json results/1c/hbm1_llc/champsim/638.imagick_s-824B.json traces/638.imagick_s-824B.champsimtrace.xz
341	:	1700000000.000	10.000	0	0	0	0	./bin/champsim_goldencove_1c_hbm1_llc --warmup-instructions 200000000 --ramulator-stats results/1c/hbm1_llc/ramulator/641.leela_s-1052B.yaml --json results/1c/hbm1_llc/champsim/641.leela_s-1052B.json traces/641.leela_s-1052B.champsimtrace.xz
342	:	1700000000.000	10.000	0	0	0	0	./bin/champsim_goldencove_1c_hbm1_llc --warmup-instructions 200000000 --ramulator-stats results/1c/hbm1_llc/ramulator/641.leela_s-1083B.yaml --json results/1c/hbm1_llc/champsim/641.leela_s-1083B.json traces/641.leela_s-1083B.champsimtrace.xz
343	:	1700000000.000	10.000	0	0	0	0	./bin/champsim_goldencove_1c_hbm1_llc --warmup-instructions 200000000 --ramulator-stats results/1c/hbm1_llc/ramulator/641.leela_s-149B.yaml --json results/1c/hbm1_llc/champsim/641.leela_s-149B.json traces/641.leela_s-149B.champsimtrace.xz
344	:	1700000000.000	10.000	0	0	0	0	./bin/champsim_goldencove_1c_hbm1_llc --warmup-instructions 200000000 --ramulator-stats results/1c/hbm1_llc/ramulator/641.leela_s-334B.yaml --json results/1c/hbm1_llc/champsim/641.leela_s-334B.json traces/641.leela_s-334B.champsimtrace.xz
345	:	1700000000.000	10.000	0	0	0	0	./bin/champsim_goldencove_1c_hbm1_llc --warmup-instructions 200000000 --ramulator-stats results/1c/hbm1_llc/ramulator/641.leela_s-602B.yaml --json results/1c/hbm1_llc/champsim/641.leela_s-602B.json traces/641.leela_s-602B.champsimtrace.xz
346	:	1700000000.000	10.000	0	0	0	0	./bin/champsim_goldencove_1c_hbm1_llc --warmup-instructions 200000000 --ramulator-stats results/1c/hbm1_llc/ramulator/641.leela_s-800B.yaml --json results/1c/hbm1_llc/champsim/641.leela_s-800B.json traces/641.leela_s-800B.champsimtrace.xz
347	:	1700000000.000	10.000	0	0	0	0	./bin/champsim_goldencove_1c_hbm1_llc --warmup-instructions 200000000 --ramulator-stats results/1c/hbm1_llc/ramulator/641.leela_s-862B.yaml --json results/1c/hbm1_llc/champsim/641.leela_s-862B.json traces/641.leela_s-862B.champsimtrace.xz
348	:	1700000000.000	10.000	0	0	0	0	./bin/champsim_goldencove_1c_hbm1_llc --warmup-instructions 200000000 --ramulator-stats results/1c/hbm1_llc/ramulator/644.nab_s-12459B.yaml --json results/1c/hbm1_llc/champsim/644.nab_s-12459B.json traces/644.nab_s-12459B.champsimtrace.xz
349	:	1700000000.000	10.000	0	0	0	0	./bin/champsim_goldencove_1c_hbm1_llc --warmup-instructions 200000000 --ramulator-stats results/1c/hbm1_llc/ramulator/644.nab_s-12521B.yaml --json results/1c/hbm1_llc/champsim/644.nab_s-12521B.json traces/644.nab_s-12521B.champsimtrace.xz
350	:	1700000000.000	10.000	0	0	0	0	./bin/champsim_goldencove_1c_hbm1_llc --warmup-instructions 200000000 --ramulator-stats results/1c/hbm1_llc/ramulator/644.nab_s-5853B.yaml --json results/1c/hbm1_llc/champsim/644.nab_s-5853B.json traces/644.nab_s-5853B.champsimtrace.xz
351	:	1700000000.000	10.000	0	0	0	0	./bin/champsim_goldencove_1c_hbm1_llc --warmup-instructions 200000000 --ramulator-stats results/1c/hbm1_llc/ramulator/644.nab_s-7928B.yaml --json results/1c/hbm1_llc/champsim/644.nab_s-7928B.json traces/644.nab_s-7928B.champsimtrace.xz
352	:	1700000000.000	10.000	0	0	0	0	./bin/champsim_goldencove_1c_hbm1_llc --warmup-instructions 200000000 --ramulator-stats results/1c/hbm1_llc/ramulator/644.nab_s-9322B.yaml --json results/1c/hbm1_llc/champsim/644.nab_s-9322B.json traces/644.nab_s-9322B.champsimtrace.xz
353	:	1700000000.000	10.000	0	0	0	0	./bin/champsim_goldencove_1c_hbm1_llc --warmup-instructions 200000000 --ramulator-stats results/1c/hbm1_llc/ramulator/648.exchange2_s-1227B.yaml --json results/1c/hbm1_llc/champsim/648.exchange2_s-1227B.json traces/648.exchange2_s-1227B.champsimtrace.xz
354	:	1700000000.000	10.000	0	0	0	0	./bin/champsim_goldencove_1c_hbm1_llc --warmup-instructions 200000000 --ramulator-stats results/1c/hbm1_llc/ramulator/648.exchange2_s-1247B.yaml --json results/1c/hbm1_llc/champsim/648.exchange2_s-1247B.json traces/648.exchange2_s-1247B.champsimtrace.xz
355	:	1700000000.000	10.000	0	0	0	0	./bin/champsim_goldencove_1c_hbm1_llc --warmup-instructions 200000000 --ramulator-stats results/1c/hbm1_llc/ramulator/648.exchange2_s-1511B.yaml --json results/1c/hbm1_llc/champsim/648.exchange2_s-1511B.json traces/648.exchange2_s-1511B.champsimtrace.xz
356	:	1700000000.000	10.000	0	0	0	0	./bin/champsim_goldencove_1c_hbm1_llc --warmup-instructions 200000000 --ramulator-stats results/1c/hbm1_llc/ramulator/648.exchange2_s-1699B.yaml --json results/1c/hbm1_llc/champsim/648.exchange2_s-1699B.json traces/648.exchange2_s-1699B.champsimtrace.xz
357	:	1700000000.000	10.000	0	0	0	0	./bin/champsim_goldencove_1c_hbm1_llc --warmup-instructions 200000000 --ramulator-stats results/1c/hbm1_llc/ramulator/648.exchange2_s-1712B.yaml --json results/1c/hbm1_llc/champsim/648.exchange2_s-1712B.json traces/648.exchange2_s-1712B.champsimtrace.xz
358	:	1700000000.000	10.000	0	0	0	0	./bin/champsim_goldencove_1c_hbm1_llc --warmup-instructions 200000000 --ramulator-stats results/1c/hbm1_llc/ramulator/648.exchange2_s-210B.yaml --json results/1c/hbm1_llc/champsim/648.exchange2_s-210B.json traces/648.exchange2_s-210B.champsimtrace.xz
359	:	1700000000.000	10.000	0	0	0	0	./bin/champsim_goldencove_1c_hbm1_llc --warmup-instructions 200000000 --ramulator-stats results/1c/hbm1_llc/ramulator/648.exchange2_s-353B.yaml --json results/1c/hbm1_llc/champsim/648.exchange2_s-353B.json traces/648.exchange2_s-353B.champsimtrace.xz
360	:	1700000000.000	10.000	0	0	0	0	./bin/champsim_goldencove_1c_hbm1_llc --warmup-instructions 200000000 --ramulator-stats results/1c/hbm1_llc/ramulator/648.exchange2_s-387B.yaml --json results/1c/hbm1_llc/champsim/648.exchange2_s-387B.json traces/648.exchange2_s-387B.champsimtrace.xz
361	:	1700000000.000	10.000	0	0	0	0	./bin/champsim_goldencove_1c_hbm1_llc --warmup-instructions 200000000 --ramulator-stats results/1c/hbm1_llc/ramulator/648.exchange2_s-584B.yaml --json results/1c/hbm1_llc/champsim/648.exchange2_s-584B.json traces/648.exchange2_s-584B.champsimtrace.xz
362	:	1700000000.000	10.000	0	0	0	0	./bin/champsim_goldencove_1c_hbm1_llc --warmup-instructions 200000000 --ramulator-stats results/1c/hbm1_llc/ramulator/648.exchange2_s-72B.yaml --json results/1c/hbm1_llc/champsim/648.exchange2_s-72B.json traces/648.exchange2_s-72B.champsimtrace.xz
363	:	1700000000.000	10.000	0	0	0	0	./bin/champsim_goldencove_1c_hbm1_llc --warmup-instructions 200000000 --ramulator-stats results/1c/hbm1_llc/ramulator/649.fotonik3d_s-10881B.yaml --json results/1c/hbm1_llc/champsim/649.fotonik3d_s-10881B.json traces/649.fotonik3d_s-10881B.champsimtrace.xz
364	:	1700000000.000	10.000	0	0	0	0	./bin/champsim_goldencove_1c_hbm1_llc --warmup-instructions 200000000 --ramulator-stats results/1c/hbm1_llc/ramulator/649.fotonik3d_s-1176B.yaml --json results/1c/hbm1_llc/champsim/649.fotonik3d_s-1176B.json traces/649.fotonik3d_s-1176B.champsimtrace.xz
365	:	1700000000.000	10.000	0	0	0	0	./bin/champsim_goldencove_1c_hbm1_llc --warmup-instructions 200000000 --ramulator-stats results/1c/hbm1_llc/ramulator/649.fotonik3d_s-1B.yaml --json results/1c/hbm1_llc/champsim/649.fotonik3d_s-1B.json traces/649.fotonik3d_s-1B.champsimtrace.xz
366	:	1700000000.000	10.000	0	0	0	0	./bin/champsim_goldencove_1c_hbm1_llc --warmup-instructions 200000000 --ramulator-stats results/1c/hbm1_llc/ramulator/649.fotonik3d_s-7084B.yaml --json results/1c/hbm1_llc/champsim/649.fotonik3d_s-7084B.json traces/649.fotonik3d_s-7084B.champsimtrace.xz
367	:	1700000000.000	10.000	0	0	0	0	./bin/champsim_goldencove_1c_hbm1_llc --warmup-instructions 200000000 --ramulator-stats results/1c/hbm1_llc/ramulator/649.fotonik3d_s-8225B.yaml --json results/1c/hbm1_llc/champsim/649.fotonik3d_s-8225B.json traces/649.fotonik3d_s-8225B.champsimtrace.xz
368	:	1700000000.000	10.000	0	0	0	0	./bin/champsim_goldencove_1c_hbm1_llc --warmup-instructions 200000000 --ramulator-stats results/1c/hbm1_llc/ramulator/654.roms_s-1007B.yaml --json results/1c/hbm1_llc/champsim/654.roms_s-1007B.json traces/654.roms_s-1007B.champsimtrace.xz
369	:	1700000000.000	10.000	0	0	0	0	./bin/champsim_goldencove_1c_hbm1_llc --warmup-instructions 200000000 --ramulator-stats results/1c/hbm1_llc/ramulator/654.roms_s-1021B.yaml --json results/1c/hbm1_llc/champsim/654.roms_s-1021B.json traces/654.roms_s-1021B.champsimtrace.xz
370	:	1700000000.000	10.000	0	0	0	0	./bin/champsim_goldencove_1c_hbm1_llc --warmup-instructions 200000000 --ramulator-stats results/1c/hbm1_llc/ramulator/654.roms_s-1070B.yaml --json results/1c/hbm1_llc/champsim/654.roms_s-1070B.json traces/654.roms_s-1070B.champsimtrace.xz
371	:	1700000000.000	10.000	0	0	0	0	./bin/champsim_goldencove_1c_hbm1_llc --warmup-instructions 200000000 --ramulator-stats results/1c/hbm1_llc/ramulator/654.roms_s-1390B.yaml --json results/1c/hbm1_llc/champsim/654.roms_s-1390B.json traces/654.roms_s-1390B.champsimtrace.xz
372	:	1700000000.000	10.000	0	0	0	0	./bin/champsim_goldencove_1c_hbm1_llc --warmup-instructions 200000000 --ramulator-stats results/1c/hbm1_llc/ramulator/654.roms_s-1613B.yaml --json results/1c/hbm1_llc/champsim/654.roms_s-1613B.json traces/654.roms_s-1613B.champsimtrace.xz
373	:	1700000000.000	10.000	0	0	0	0	./bin/champsim_goldencove_1c_hbm1_llc --warmup-instructions 200000000 --ramulator-stats results/1c/hbm1_llc/ramulator/654.roms_s-293B.yaml --json results/1c/hbm1_llc/champsim/654.roms_s-293B.json traces/654.roms_s-293B.champsimtrace.xz
374	:	1700000000.000	10.000	0	0	0	0	./bin/champsim_goldencove_1c_hbm1_llc --warmup-instructions 200000000 --ramulator-stats results/1c/hbm1_llc/ramulator/654.roms_s-294B.yaml --json results/1c/hbm1_llc/champsim/654.roms_s-294B.json traces/654.roms_s-294B.champsimtrace.xz
375	:	1700000000.000	10.000	0	0	0	0	./bin/champsim_goldencove_1c_hbm1_llc --warmup-instructions 200000000 --ramulator-stats results/1c/hbm1_llc/ramulator/654.roms_s-523B.yaml --json results/1c/hbm1_llc/champsim/654.roms_s-523B.json traces/654.roms_s-523B.champsimtrace.xz
376	:	1700000000.000	10.000	0	0	0	0	./bin/champsim_goldencove_1c_hbm1_llc --warmup-instructions 200000000 --ramulator-stats results/1c/hbm1_llc/ramulator/654.roms_s-842B.yaml --json results/1c/hbm1_llc/champsim/654.roms_s-842B.json traces/654.roms_s-842B.champsimtrace.xz
377	:	1700000000.000	10.000	0	0	0	0	./bin/champsim_goldencove_1c_hbm1_llc --warmup-instructions 200000000 --ramulator-stats results/1c/hbm1_llc/ramulator/657.xz_s-2302B.yaml --json results/1c/hbm1_llc/champsim/657.xz_s-2302B.json traces/657.xz_s-2302B.champsimtrace.xz
378	:	1700000000.000	10.000	0	0	0	0	./bin/champsim_goldencove_1c_hbm1_llc --warmup-instructions 200000000 --ramulator-stats results/1c/hbm1_llc/ramulator/657.xz_s-3167B.yaml --json results/1c/hbm1_llc/champsim/657.xz_s-3167B.json traces/657.xz_s-3167B.champsimtrace.xz
379	:	1700000000.000	10.000	0	0	0	0	./bin/champsim_goldencove_1c_hbm1_llc --warmup-instructions 200000000 --ramulator-stats results/1c/hbm1_llc/ramulator/657.xz_s-4994B.yaml --json results/1c/hbm1_llc/champsim/657.xz_s-4994B.json traces/657.xz_s-4994B.champsimtrace.xz
380	:	1700000000.000	10.000	0	0	0	0	./bin/champsim_goldencove_1c_hbm1_llc --warmup-instructions 200000000 --ramulator-stats results/1c/hbm1_llc/ramulator/657.xz_s-56B.yaml --json results/1c/hbm1_llc/champsim/657.xz_s-56B.json traces/657.xz_s-56B.champsimtrace.xz
381	:	1700000000.000	10.000	0	0	0	0	./bin/champsim_goldencove_1c_hbm2 --warmup-instructions 200000000 --ramulator-stats results/1c/hbm2/ramulator/600.perlbench_s-1273B.yaml --json results/1c/hbm2/champsim/600.perlbench_s-1273B.json traces/600.perlbench_s-1273B.champsimtrace.xz
382	:	1700000000.000	10.000	0	0	0	0	./bin/champsim_goldencove_1c_hbm2 --warmup-instructions 200000000 --ramulator-stats results/1c/hbm2/ramulator/600.perlbench_s-210B.yaml --json results/1c/hbm2/champsim/600.perlbench_s-210B.json traces/600.perlbench_s-210B.champsimtrace.xz
383	:	1700000000.000	10.000	0	0	0	0	./bin/champsim_goldencove_1c_hbm2 --warmup-instructions 200000000 --ramulator-stats results/1c/hbm2/ramulator/600.perlbench_s-570B.yaml --json results/1c/hbm2/champsim/600.perlbench_s-570B.json traces/600.perlbench_s-570B.champsimtrace.xz
384	:	1700000000.000	10.000	0	0	0	0	./bin/champsim_goldencove_1c_hbm2 --warmup-instructions 200000000 --ramulator-stats results/1c/hbm2/ramulator/602.gcc_s-1850B.yaml --json results/1c/hbm2/champsim/602.gcc_s-1850B.json traces/602.gcc_s-1850B.champsimtrace.xz
385	:	1700000000.000	10.000	0	0	0	0	./bin/champsim_goldencove_1c_hbm2 --warmup-instructions 200000000 --ramulator-stats results/1c/hbm2/ramulator/602.gcc_s-2226B.yaml --json results/1c/hbm2/champsim/602.gcc_s-2226B.json traces/602.gcc_s-2226B.champsimtrace.xz
386	:	1700000000.000	10.000	0	0	0	0	./bin/champsim_goldencove_1c_hbm2 --warmup-instructions 200000000 --ramulator-stats results/1c/hbm2/ramulator/602.gcc_s-2375B.yaml --json results/1c/hbm2/champsim/602.gcc_s-2375B.json traces/602.gcc_s-2375B.champsimtrace.xz
387	:	1700000000.000	10.000	0	0	0	0	./bin/champsim_goldencove_1c_hbm2 --warmup-instructions 200000000 --ramulator-stats results/1c/hbm2/ramulator/602.gcc_s-734B.yaml --json results/1c/hbm2/champsim/602.gcc_s-734B.json traces/602.gcc_s-734B.champsimtrace.xz
388	:	1700000000.000	10.000	0	0	0	0	./bin/champsim_goldencove_1c_hbm2 --warmup-instructions 200000000 --ramulator-stats results/1c/hbm2/ramulator/603.bwaves_s-1080B.yaml --json results/1c/hbm2/champsim/603.bwaves_s-1080B.json traces/603.bwaves_s-1080B.champsimtrace.xz
389	:	1700000000.000	10.000	0	0	0	0	./bin/champsim_goldencove_1c_hbm2 --warmup-instructions 200000000 --ramulator-stats results/1c/hbm2/ramulator/603.bwaves_s-1740B.yaml --json results/1c/hbm2/champsim/603.bwaves_s-1740B.json traces/603.bwaves_s-1740B.champsimtrace.xz
390	:	1700000000.000	10.000	0	0	0	0	./bin/champsim_goldencove_1c_hbm2 --warmup-instructions 200000000 --ramulator-stats results/1c/hbm2/ramulator/603.bwaves_s-2609B.yaml --json results/1c/hbm2/champsim/603.bwaves_s-2609B.json traces/603.bwaves_s-2609B.champsimtrace.xz
391	:	1700000000.000	10.000	0	0	0	0	./bin/champsim_goldencove_1c_hbm2 --warmup-instructions 200000000 --ramulator-stats results/1c/hbm2/ramulator/603.bwaves_s-2931B.yaml --json results/1c/hbm2/champsim/603.bwaves_s-2931B.json traces/603.bwaves_s-2931B.champsimtrace.xz
392	:	1700000000.000	10.000	0	0	0	0	./bin/champsim_goldencove_1c_hbm2 --warmup-instructions 200000000 --ramulator-stats results/1c/hbm2/ramulator/603.bwaves_s-3699B.yaml --json results/1c/hbm2/champsim/603.bwaves_s-3699B.json traces/603.bwaves_s-3699B.champsimtrace.xz
393	:	1700000000.000	10.000	0	0	0	0	./bin/champsim_goldencove_1c_hbm2 --warmup-instructions 200000000 --ramulator-stats results/1c/hbm2/ramulator/603.bwaves_s-5359B.yaml --json results/1c/hbm2/champsim/603.bwaves_s-5359B.json traces/603.bwaves_s-5359B.champsimtrace.xz
394	:	1700000000.000	10.000	0	0	0	0	./bin/champsim_goldencove_1c_hbm2 --warmup-instructions 200000000 --ramulator-stats results/1c/hbm2/ramulator/603.bwaves_s-891B.yaml --json results/1c/hbm2/champsim/603.bwaves_s-891B.json traces/603.bwaves_s-891B.champsimtrace.xz
395	:	1700000000.000	10.000	0	0	0	0	./bin/champsim_goldencove_1c_hbm2 --warmup-instructions 200000000 --ramulator-stats results/1c/hbm2/ramulator/605.mcf_s-1152B.yaml --json results/1c/hbm2/champsim/605.mcf_s-1152B.json traces/605.mcf_s-1152B.champsimtrace.xz
396	:	1700000000.000	10.000	0	0	0	0	./bin/champsim_goldencove_1c_hbm2 --warmup-instructions 200000000 --ramulator-stats results/1c/hbm2/ramulator/605.mcf_s-1536B.yaml --json results/1c/hbm2/champsim/605.mcf_s-1536B.json traces/605.mcf_s-1536B.champsimtrace.xz
397	:	1700000000.000	10.000	0	0	0	0	./bin/champsim_goldencove_1c_hbm2 --warmup-instructions 200000000 --ramulator-stats results/1c/hbm2/ramulator/605.mcf_s-1554B.yaml --json results/1c/hbm2/champsim/605.mcf_s-1554B.json traces/605.mcf_s-1554B.champsimtrace.xz
398	:	1700000000.000	10.000	0	0	0	0	./bin/champsim_goldencove_1c_hbm2 --warmup-instructions 200000000 --ramulator-stats results/1c/hbm2/ramulator/605.mcf_s-1644B.yaml --json results/1c/hbm2/champsim/605.mcf_s-1644B.json traces/605.mcf_s-1644B.champsimtrace.xz
399	:	1700000000.000	10.000	0	0	0	0	./bin/champsim_goldencove_1c_hbm2 --warmup-instructions 200000000 --ramulator-stats results/1c/hbm2/ramulator/605.mcf_s-472B.yaml --json results/1c/hbm2/champsim/605.mcf_s-472B.json traces/605.mcf_s-472B.champsimtrace.xz
400	:	1700000000.000	10.000	0	0	0	0	./bin/champsim_goldencove_1c_hbm2 --warmup-instructions 200000000 --ramulator-stats results/1c/hbm2/ramulator/605.mcf_s-484B.yaml --json results/1c/hbm2/champsim/605.mcf_s-484B.json traces/605.mcf_s-484B.champsimtrace.xz
401	:	1700000000.000	10.000	0	0	0	0	./bin/champsim_goldencove_1c_hbm2 --warmup-instructions 200000000 --ramulator-stats results/1c/hbm2/ramulator/605.mcf_s-665B.yaml --json results/1c/hbm2/champsim/605.mcf_s-665B.json traces/605.mcf_s-665B.champsimtrace.xz
402	:	1700000000.000	10.000	0	0	0	0	./bin/champsim_goldencove_1c_hbm2 --warmup-instructions 200000000 --ramulator-stats results/1c/hbm2/ramulator/605.mcf_s-782B.yaml --json results/1c/hbm2/champsim/605.mcf_s-782B.json traces/605.mcf_s-782B.champsimtrace.xz
403	:	1700000000.000	10.000	0	0	0	0	./bin/champsim_goldencove_1c_hbm2 --warmup-instructions 200000000 --ramulator-stats results/1c/hbm2/ramulator/605.mcf_s-994B.yaml --json results/1c/hbm2/champsim/605.mcf_s-994B.json traces/605.mcf_s-994B.champsimtrace.xz
404	:	1700000000.000	10.000	0	0	0	0	./bin/champsim_goldencove_1c_hbm2 --warmup-instructions 200000000 --ramulator-stats results/1c/hbm2/ramulator/607.cactuBSSN_s-2421B.yaml --json results/1c/hbm2/champsim/607.cactuBSSN_s-2421B.json traces/607.cactuBSSN_s-2421B.champsimtrace.xz
405	:	1700000000.000	10.000	0	0	0	0	./bin/champsim_goldencove_1c_hbm2 --warmup-instructions 200000000 --ramulator-stats results/1c/hbm2/ramulator/607.cactuBSSN_s-3477B.yaml --json results/1c/hbm2/champsim/607.cactuBSSN_s-3477B.json traces/607.cactuBSSN_s-3477B.champsimtrace.xz
406	:	1700000000.000	10.000	0	0	0	0	./bin/champsim_goldencove_1c_hbm2 --warmup-instructions 200000000 --ramulator-stats results/1c/hbm2/ramulator/607.cactuBSSN_s-4004B.yaml --json results/1c/hbm2/champsim/607.cactuBSSN_s-4004B.json traces/607.cactuBSSN_s-4004B.champsimtrace.xz
407	:	1700000000.000	10.000	0	0	0	0	./bin/champsim_goldencove_1c_hbm2 --warmup-instructions 200000000 --ramulator-stats results/1c/hbm2/ramulator/607.cactuBSSN_s-4248B.yaml --json results/1c/hbm2/champsim/607.cactuBSSN_s-4248B.json traces/607.cactuBSSN_s-4248B.champsimtrace.xz
408	:	1700000000.000	10.000	0	0	0	0	./bin/champsim_goldencove_1c_hbm2 --warmup-instructions 200000000 --ramulator-stats results/1c/hbm2/ramulator/619.lbm_s-2676B.yaml --json results/1c/hbm2/champsim/619.lbm_s-2676B.json traces/619.lbm_s-2676B.champsimtrace.xz
409	:	1700000000.000	10.000	0	0	0	0	./bin/champsim_goldencove_1c_hbm2 --warmup-instructions 200000000 --ramulator-stats results/1c/hbm2/ramulator/619.lbm_s-2677B.yaml --json results/1c/hbm2/champsim/619.lbm_s-2677B.json traces/619.lbm_s-2677B.champsimtrace.xz
410	:	1700000000.000	10.000	0	0	0	0	./bin/champsim_goldencove_1c_hbm2 --warmup-instructions 200000000 --ramulator-stats results/1c/hbm2/ramulator/619.lbm_s-3766B.yaml --json results/1c/hbm2/champsim/619.lbm_s-3766B.json traces/619.lbm_s-3766B.champsimtrace.xz
411	:	1700000000.000	10.000	0	0	0	0	./bin/champsim_goldencove_1c_hbm2 --warmup-instructions 200000000 --ramulator-stats results/1c/hbm2/ramulator/619.lbm_s-4268B.yaml --json results/1c/hbm2/champsim/619.lbm_s-4268B.json traces/619.lbm_s-4268B.champsimtrace.xz
412	:	1700000000.000	10.000	0	0	0	0	./bin/champsim_goldencove_1c_hbm2 --warmup-instructions 200000000 --ramulator-stats results/1c/hbm2/ramulator/620.omnetpp_s-141B.yaml --json results/1c/hbm2/champsim/620.omnetpp_s-141B.json traces/620.omnetpp_s-141B.champsimtrace.xz
413	:	1700000000.000	10.000	0	0	0	0	./bin/champsim_goldencove_1c_hbm2 --warmup-instructions 200000000 --ramulator-stats results/1c/hbm2/ramulator/620.omnetpp_s-874B.yaml --json results/1c/hbm2/champsim/620.omnetpp_s-874B.json traces/620.omnetpp_s-874B.champsimtrace.xz
414	:	1700000000.000	10.000	0	0	0	0	./bin/champsim_goldencove_1c_hbm2 --warmup-instructions 200000000 --ramulator-stats results/1c/hbm2/ramulator/621.wrf_s-575B.yaml --json results/1c/hbm2/champsim/621.wrf_s-575B.json traces/621.wrf_s-575B.champsimtrace.xz
415	:	1700000000.000	10.000	0	0	0	0	./bin/champsim_goldencove_1c_hbm2 --warmup-instructions 200000000 --ramulator-stats results/1c/hbm2/ramulator/621.wrf_s-6673B.yaml --json results/1c/hbm2/champsim/621.wrf_s-6673B.json traces/621.wrf_s-6673B.champsimtrace.xz
416	:	1700000000.000	10.000	0	0	0	0	./bin/champsim_goldencove_1c_hbm2 --warmup-instructions 200000000 --ramulator-stats results/1c/hbm2/ramulator/621.wrf_s-8065B.yaml --json results/1c/hbm2/champsim/621.wrf_s-8065B.json traces/621.wrf_s-8065B.champsimtrace.xz
417	:	1700000000.000	10.000	0	0	0	0	./bin/champsim_goldencove_1c_hbm2 --warmup-instructions 200000000 --ramulator-stats results/1c/hbm2/ramulator/621.wrf_s-8100B.yaml --json results/1c/hbm2/champsim/621.wrf_s-8100B.json traces/621.wrf_s-8100B.champsimtrace.xz
418	:	1700000000.000	10.000	0	0	0	0	./bin/champsim_goldencove_1c_hbm2 --warmup-instructions 200000000 --ramulator-stats results/1c/hbm2/ramulator/623.xalancbmk_s-10B.yaml --json results/1c/hbm2/champsim/623.xalancbmk_s-10B.json traces/623.xalancbmk_s-10B.champsimtrace.xz
419	:	1700000000.000	10.000	0	0	0	0	./bin/champsim_goldencove_1c_hbm2 --warmup-instructions 200000000 --ramulator-stats results/1c/hbm2/ramulator/623.xalancbmk_s-165B.yaml --json results/1c/hbm2/champsim/623.xalancbmk_s-165B.json traces/623.xalancbmk_s-165B.champsimtrace.xz
420	:	1700000000.000	10.000	0	0	0	0	./bin/champsim_goldencove_1c_hbm2 --warmup-instructions 200000000 --ramulator-stats results/1c/hbm2/ramulator/623.xalancbmk_s-202B.yaml --json results/1c/hbm2/champsim/623.xalancbmk_s-202B.json traces/623.xalancbmk_s-202B.champsimtrace.xz
421	:	1700000000.000	10.000	0	0	0	0	./bin/champsim_goldencove_1c_hbm2 --warmup-instructions 200000000 --ramulator-stats results/1c/hbm2/ramulator/623.xalancbmk_s-325B.yaml --json results/1c/hbm2/champsim/623.xalancbmk_s-325B.json traces/623.xalancbmk_s-325B.champsimtrace.xz
422	:	1700000000.000	10.000	0	0	0	0	./bin/champsim_goldencove_1c_hbm2 --warmup-instructions 200000000 --ramulator-stats results/1c/hbm2/ramulator/623.xalancbmk_s-592B.yaml --json results/1c/hbm2/champsim/623.xalancbmk_s-592B.json traces/623.xalancbmk_s-592B.champsimtrace.xz
423	:	1700000000.000	10.000	0	0	0	0	./bin/champsim_goldencove_1c_hbm2 --warmup-instructions 200000000 --ramulator-stats results/1c/hbm2/ramulator/623.xalancbmk_s-700B.yaml --json results/1c/hbm2/champsim/623.xalancbmk_s-700B.json traces/623.xalancbmk_s-700B.champsimtrace.xz
424	:	1700000000.000	10.000	0	0	0	0	./bin/champsim_goldencove_1c_hbm2 --warmup-instructions 200000000 --ramulator-stats results/1c/hbm2/ramulator/625.x264_s-12B.yaml --json results/1c/hbm2/champsim/625.x264_s-12B.json traces/625.x264_s-12B.champsimtrace.xz
425	:	1700000000.000	10.000	0	0	0	0	./bin/champsim_goldencove_1c_hbm2 --warmup-instructions 200000000 --ramulator-stats results/1c/hbm2/ramulator/625.x264_s-18B.yaml --json results/1c/hbm2/champsim/625.x264_s-18B.json traces/625.x264_s-18B.champsimtrace.xz
426	:	1700000000.000	10.000	0	0	0	0	./bin/champsim_goldencove_1c_hbm2 --warmup-instructions 200000000 --ramulator-stats results/1c/hbm2/ramulator/625.x264_s-20B.yaml --json results/1c/hbm2/champsim/625.x264_s-20B.json traces/625.x264_s-20B.champsimtrace.xz
427	:	1700000000.000	10.000	0	0	0	0	./bin/champsim_goldencove_1c_hbm2 --warmup-instructions 200000000 --ramulator-stats results/1c/hbm2/ramulator/625.x264_s-33B.yaml --json results/1c/hbm2/champsim/625.x264_s-33B.json traces/625.x264_s-33B.champsimtrace.xz
428	:	1700000000.000	10.000	0	0	0	0	./bin/champsim_goldencove_1c_hbm2 --warmup-instructions 200000000 --ramulator-stats results/1c/hbm2/ramulator/625.x264_s-39B.yaml --json results/1c/hbm2/champsim/625.x264_s-39B.json traces/625.x264_s-39B.champsimtrace.xz
429	:	1700000000.000	10.000	0	0	0	0	./bin/champsim_goldencove_1c_hbm2 --warmup-instructions 200000000 --ramulator-stats results/1c/hbm2/ramulator/627.cam4_s-490B.yaml --json results/1c/hbm2/champsim/627.cam4_s-490B.json traces/627.cam4_s-490B.champsimtrace.xz
430	:	1700000000.000	10.000	0	0	0	0	./bin/champsim_goldencove_1c_hbm2 --warmup-instructions 200000000 --ramulator-stats results/1c/hbm2/ramulator/627.cam4_s-573B.yaml --json results/1c/hbm2/champsim/627.cam4_s-573B.json traces/627.cam4_s-573B.champsimtrace.xz
431	:	1700000000.000	10.000	0	0	0	0	./bin/champsim_goldencove_1c_hbm2 --warmup-instructions 200000000 --ramulator-stats results/1c/hbm2/ramulator/628.pop2_s-17B.yaml --json results/1c/hbm2/champsim/628.pop2_s-17B.json traces/628.pop2_s-17B.champsimtrace.xz
432	:	1700000000.000	10.000	0	0	0	0	./bin/champsim_goldencove_1c_hbm2 --warmup-instructions 200000000 --ramulator-stats results/1c/hbm2/ramulator/631.deepsjeng_s-928B.yaml --json results/1c/hbm2/champsim/631.deepsjeng_s-928B.json traces/631.deepsjeng_s-928B.champsimtrace.xz
433	:	1700000000.000	10.000	0	0	0	0	./bin/champsim_goldencove_1c_hbm2 --warmup-instructions 200000000 --ramulator-stats results/1c/hbm2/ramulator/638.imagick_s-10316B.yaml --json results/1c/hbm2/champsim/638.imagick_s-10316B.json traces/638.imagick_s-10316B.champsimtrace.xz
434	:	1700000000.000	10.000	0	0	0	0	./bin/champsim_goldencove_1c_hbm2 --warmup-instructions 200000000 --ramulator-stats results/1c/hbm2/ramulator/638.imagick_s-4128B.yaml --json results/1c/hbm2/champsim/638.imagick_s-4128B.json traces/638.imagick_s-4128B.champsimtrace.xz
435	:	1700000000.000	10.000	0	0	0	0	./bin/champsim_goldencove_1c_hbm2 --warmup-instructions 200000000 --ramulator-stats results/1c/hbm2/ramulator/638.imagick_s-824B.yaml --json results/1c/hbm2/champsim/638.imagick_s-824B.json traces/638.imagick_s-824B.champsimtrace.xz
436	:	1700000000.000	10.000	0	0	0	0	./bin/champsim_goldencove_1c_hbm2 --warmup-instructions 200000000 --ramulator-stats results/1c/hbm2/ramulator/641.leela_s-1052B.yaml --json results/1c/hbm2/champsim/641.leela_s-1052B.json traces/641.leela_s-1052B.champsimtrace.xz
437	:	1700000000.000	10.000	0	0	0	0	./bin/champsim_goldencove_1c_hbm2 --warmup-instructions 200000000 --ramulator-stats results/1c/hbm2/ramulator/641.leela_s-1083B.yaml --json results/1c/hbm2/champsim/641.leela_s-1083B.json traces/641.leela_s-1083B.champsimtrace.xz
438	:	1700000000.000	10.000	0	0	0	0	./bin/champsim_goldencove_1c_hbm2 --warmup-instructions 200000000 --ramulator-stats results/1c/hbm2/ramulator/641.leela_s-149B.yaml --json results/1c/hbm2/champsim/641.leela_s-149B.json traces/641.leela_s-149B.champsimtrace.xz
439	:	1700000000.000	10.000	0	0	0	0	./bin/champsim_goldencove_1c_hbm2 --warmup-instructions 200000000 --ramulator-stats results/1c/hbm2/ramulator/641.leela_s-334B.yaml --json results/1c/hbm2/champsim/641.leela_s-334B.json traces/641.leela_s-334B.champsimtrace.xz
440	:	1700000000.000	10.000	0	0	0	0	./bin/champsim_goldencove_1c_hbm2 --warmup-instructions 200000000 --ramulator-stats results/1c/hbm2/ramulator/641.leela_s-602B.yaml --json results/1c/hbm2/champsim/641.leela_s-602B.json traces/641.leela_s-602B.champsimtrace.xz
441	:	1700000000.000	10.000	0	0	0	0	./bin/champsim_goldencove_1c_hbm2 --warmup-instructions 200000000 --ramulator-stats results/1c/hbm2/ramulator/641.leela_s-800B.yaml --json results/1c/hbm2/champsim/641.leela_s-800B.json traces/641.leela_s-800B.champsimtrace.xz
442	:	1700000000.000	10.000	0	0	0	0	./bin/champsim_goldencove_1c_hbm2 --warmup-instructions 200000000 --ramulator-stats results/1c/hbm2/ramulator/641.leela_s-862B.yaml --json results/1c/hbm2/champsim/641.leela_s-862B.json traces/641.leela_s-862B.champsimtrace.xz
443	:	1700000000.000	10.000	0	0	0	0	./bin/champsim_goldencove_1c_hbm2 --warmup-instructions 200000000 --ramulator-stats results/1c/hbm2/ramulator/644.nab_s-12459B.yaml --json results/1c/hbm2/champsim/644.nab_s-12459B.json traces/644.nab_s-12459B.champsimtrace.xz
444	:	1700000000.000	10.000	0	0	0	0	./bin/champsim_goldencove_1c_hbm2 --warmup-instructions 200000000 --ramulator-stats results/1c/hbm2/ramulator/644.nab_s-12521B.yaml --json results/1c/hbm2/champsim/644.nab_s-12521B.json traces/644.nab_s-12521B.champsimtrace.xz
445	:	1700000000.000	10.000	0	0	0	0	./bin/champsim_goldencove_1c_hbm2 --warmup-instructions 200000000 --ramulator-stats results/1c/hbm2/ramulator/644.nab_s-5853B.yaml --json results/1c/hbm2/champsim/644.nab_s-5853B.json traces/644.nab_s-5853B.champsimtrace.xz
446	:	1700000000.000	10.000	0	0	0	0	./bin/champsim_goldencove_1c_hbm2 --warmup-instructions 200000000 --ramulator-stats results/1c/hbm2/ramulator/644.nab_s-7928B.yaml --json results/1c/hbm2/champsim/644.nab_s-7928B.json traces/644.nab_s-7928B.champsimtrace.xz
447	:	1700000000.000	10.000	0	0	0	0	./bin/champsim_goldencove_1c_hbm2 --warmup-instructions 200000000 --ramulator-stats results/1c/hbm2/ramulator/644.nab_s-9322B.yaml --json results/1c/hbm2/champsim/644.nab_s-9322B.json traces/644.nab_s-9322B.champsimtrace.xz
448	:	1700000000.000	10.000	0	0	0	0	./bin/champsim_goldencove_1c_hbm2 --warmup-instructions 200000000 --ramulator-stats results/1c/hbm2/ramulator/648.exchange2_s-1227B.yaml --json results/1c/hbm2/champsim/648.exchange2_s-1227B.json traces/648.exchange2_s-1227B.champsimtrace.xz
449	:	1700000000.000	10.000	0	0	0	0	./bin/champsim_goldencove_1c_hbm2 --warmup-instructions 200000000 --ramulator-stats results/1c/hbm2/ramulator/648.exchange2_s-1247B.yaml --json results/1c/hbm2/champsim/648.exchange2_s-1247B.json traces/648.exchange2_s-1247B.champsimtrace.xz
450	:	1700000000.000	10.000	0	0	0	0	./bin/champsim_goldencove_1c_hbm2 --warmup-instructions 200000000 --ramulator-stats results/1c/hbm2/ramulator/648.exchange2_s-1511B.yaml --json results/1c/hbm2/champsim/648.exchange2_s-1511B.json traces/648.exchange2_s-1511B.champsimtrace.xz
451	:	1700000000.000	10.000	0	0	0	0	./bin/champsim_goldencove_1c_hbm2 --warmup-instructions 200000000 --ramulator-stats results/1c/hbm2/ramulator/648.exchange2_s-1699B.yaml --json results/1c/hbm2/champsim/648.exchange2_s-1699B.json traces/648.exchange2_s-1699B.champsimtrace.xz
452	:	1700000000.000	10.000	0	0	0	0	./bin/champsim_goldencove_1c_hbm2 --warmup-instructions 200000000 --ramulator-stats results/1c/hbm2/ramulator/648.exchange2_s-1712B.yaml --json results/1c/hbm2/champsim/648.exchange2_s-1712B.json traces/648.exchange2_s-1712B.champsimtrace.xz
453	:	1700000000.000	10.000	0	0	0	0	./bin/champsim_goldencove_1c_hbm2 --warmup-instructions 200000000 --ramulator-stats results/1c/hbm2/ramulator/648.exchange2_s-210B.yaml --json results/1c/hbm2/champsim/648.exchange2_s-210B.json traces/648.exchange2_s-210B.champsimtrace.xz
454	:	1700000000.000	10.000	0	0	0	0	./bin/champsim_goldencove_1c_hbm2 --warmup-instructions 200000000 --ramulator-stats results/1c/hbm2/ramulator/648.exchange2_s-353B.yaml --json results/1c/hbm2/champsim/648.exchange2_s-353B.json traces/648.exchange2_s-353B.champsimtrace.xz
455	:	1700000000.000	10.000	0	0	0	0	./bin/champsim_goldencove_1c_hbm2 --warmup-instructions 200000000 --ramulator-stats results/1c/hbm2/ramulator/648.exchange2_s-387B.yaml --json results/1c/hbm2/champsim/648.exchange2_s-387B.json traces/648.exchange2_s-387B.champsimtrace.xz
456	:	1700000000.000	10.000	0	0	0	0	./bin/champsim_goldencove_1c_hbm2 --warmup-instructions 200000000 --ramulator-stats results/1c/hbm2/ramulator/648.exchange2_s-584B.yaml --json results/1c/hbm2/champsim/648.exchange2_s-584B.json traces/648.exchange2_s-584B.champsimtrace.xz
457	:	1700000000.000	10.000	0	0	0	0	./bin/champsim_goldencove_1c_hbm2 --warmup-instructions 200000000 --ramulator-stats results/1c/hbm2/ramulator/648.exchange2_s-72B.yaml --json results/1c/hbm2/champsim/648.exchange2_s-72B.json traces/648.exchange2_s-72B.champsimtrace.xz
458	:	1700000000.000	10.000	0	0	0	0	./bin/champsim_goldencove_1c_hbm2 --warmup-instructions 200000000 --ramulator-stats results/1c/hbm2/ramulator/649.fotonik3d_s-10881B.yaml --json results/1c/hbm2/champsim/649.fotonik3d_s-10881B.json traces/649.fotonik3d_s-10881B.champsimtrace.xz
459	:	1700000000.000	10.000	0	0	0	0	./bin/champsim_goldencove_1c_hbm2 --warmup-instructions 200000000 --ramulator-stats results/1c/hbm2/ramulator/649.fotonik3d_s-1176B.yaml --json results/1c/hbm2/champsim/649.fotonik3d_s-1176B.json traces/649.fotonik3d_s-1176B.champsimtrace.xz
460	:	1700000000.000	10.000	0	0	0	0	./bin/champsim_goldencove_1c_hbm2 --warmup-instructions 200000000 --ramulator-stats results/1c/hbm2/ramulator/649.fotonik3d_s-1B.yaml --json results/1c/hbm2/champsim/649.fotonik3d_s-1B.json traces/649.fotonik3d_s-1B.champsimtrace.xz
461	:	1700000000.000	10.000	0	0	0	0	./bin/champsim_goldencove_1c_hbm2 --warmup-instructions 200000000 --ramulator-stats results/1c/hbm2/ramulator/649.fotonik3d_s-7084B.yaml --json results/1c/hbm2/champsim/649.fotonik3d_s-7084B.json traces/649.fotonik3d_s-7084B.champsimtrace.xz
462	:	1700000000.000	10.000	0	0	0	0	./bin/champsim_goldencove_1c_hbm2 --warmup-instructions 200000000 --ramulator-stats results/1c/hbm2/ramulator/649.fotonik3d_s-8225B.yaml --json results/1c/hbm2/champsim/649.fotonik3d_s-8225B.json traces/649.fotonik3d_s-8225B.champsimtrace.xz
463	:	1700000000.000	10.000	0	0	0	0	./bin/champsim_goldencove_1c_hbm2 --warmup-instructions 200000000 --ramulator-stats results/1c/hbm2/ramulator/654.roms_s-1007B.yaml --json results/1c/hbm2/champsim/654.roms_s-1007B.json traces/654.roms_s-1007B.champsimtrace.xz
464	:	1700000000.000	10.000	0	0	0	0	./bin/champsim_goldencove_1c_hbm2 --warmup-instructions 200000000 --ramulator-stats results/1c/hbm2/ramulator/654.roms_s-1021B.yaml --json results/1c/hbm2/champsim/654.roms_s-1021B.json traces/654.roms_s-1021B.champsimtrace.xz
465	:	1700000000.000	10.000	0	0	0	0	./bin/champsim_goldencove_1c_hbm2 --warmup-instructions 200000000 --ramulator-stats results/1c/hbm2/ramulator/654.roms_s-1070B.yaml --json results/1c/hbm2/champsim/654.roms_s-1070B.json traces/654.roms_s-1070B.champsimtrace.xz
466	:	1700000000.000	10.000	0	0	0	0	./bin/champsim_goldencove_1c_hbm2 --warmup-instructions 200000000 --ramulator-stats results/1c/hbm2/ramulator/654.roms_s-1390B.yaml --json results/1c/hbm2/champsim/654.roms_s-1390B.json traces/654.roms_s-1390B.champsimtrace.xz
467	:	1700000000.000	10.000	0	0	0	0	./bin/champsim_goldencove_1c_hbm2 --warmup-instructions 200000000 --ramulator-stats results/1c/hbm2/ramulator/654.roms_s-1613B.yaml --json results/1c/hbm2/champsim/654.roms_s-1613B.json traces/654.roms_s-1613B.champsimtrace.xz
468	:	1700000000.000	10.000	0	0	0	0	./bin/champsim_goldencove_1c_hbm2 --warmup-instructions 200000000 --ramulator-stats results/1c/hbm2/ramulator/654.roms_s-293B.yaml --json results/1c/hbm2/champsim/654.roms_s-293B.json traces/654.roms_s-293B.champsimtrace.xz
469	:	1700000000.000	10.000	0	0	0	0	./bin/champsim_goldencove_1c_hbm2 --warmup-instructions 200000000 --ramulator-stats results/1c/hbm2/ramulator/654.roms_s-294B.yaml --json results/1c/hbm2/champsim/654.roms_s-294B.json traces/654.roms_s-294B.champsimtrace.xz
470	:	1700000000.000	10.000	0	0	0	0	./bin/champsim_goldencove_1c_hbm2 --warmup-instructions 200000000 --ramulator-stats results/1c/hbm2/ramulator/654.roms_s-523B.yaml --json results/1c/hbm2/champsim/654.roms_s-523B.json traces/654.roms_s-523B.champsimtrace.xz
471	:	1700000000.000	10.000	0	0	0	0	./bin/champsim_goldencove_1c_hbm2 --warmup-instructions 200000000 --ramulator-stats results/1c/hbm2/ramulator/654.roms_s-842B.yaml --json results/1c/hbm2/champsim/654.roms_s-842B.json traces/654.roms_s-842B.champsimtrace.xz
472	:	1700000000.000	10.000	0	0	0	0	./bin/champsim_goldencove_1c_hbm2 --warmup-instructions 200000000 --ramulator-stats results/1c/hbm2/ramulator/657.xz_s-2302B.yaml --json results/1c/hbm2/champsim/657.xz_s-2302B.json traces/657.xz_s-2302B.champsimtrace.xz
473	:	1700000000.000	10.000	0	0	0	0	./bin/champsim_goldencove_1c_hbm2 --warmup-instructions 200000000 --ramulator-stats results/1c/hbm2/ramulator/657.xz_s-3167B.yaml --json results/1c/hbm2/champsim/657.xz_s-3167B.json traces/657.xz_s-3167B.champsimtrace.xz
474	:	1700000000.000	10.000	0	0	0	0	./bin/champsim_goldencove_1c_hbm2 --warmup-instructions 200000000 --ramulator-stats results/1c/hbm2/ramulator/657.xz_s-4994B.yaml --json results/1c/hbm2/champsim/657.xz_s-4994B.json traces/657.xz_s-4994B.champsimtrace.xz
475	:	1700000000.000	10.000	0	0	0	0	./bin/champsim_goldencove_1c_hbm2 --warmup-instructions 200000000 --ramulator-stats results/1c/hbm2/ramulator/657.xz_s-56B.yaml --json results/1c/hbm2/champsim/657.xz_s-56B.json traces/657.xz_s-56B.champsimtrace.xz
476	:	1700000000.000	10.000	0	0	0	0	./bin/champsim_goldencove_1c_hbm2_llc --warmup-instructions 200000000 --ramulator-stats results/1c/hbm2_llc/ramulator/600.perlbench_s-1273B.yaml --json results/1c/hbm2_llc/champsim/600.perlbench_s-1273B.json traces/600.perlbench_s-1273B.champsimtrace.xz
477	:	1700000000.000	10.000	0	0	0	0	./bin/champsim_goldencove_1c_hbm2_llc --warmup-instructions 200000000 --ramulator-stats results/1c/hbm2_llc/ramulator/600.perlbench_s-210B.yaml --json results/1c/hbm2_llc/champsim/600.perlbench_s-210B.json traces/600.perlbench_s-210B.champsimtrace.xz
478	:	1700000000.000	10.000	0	0	0	0	./bin/champsim_goldencove_1c_hbm2_llc --warmup-instructions 200000000 --ramulator-stats results/1c/hbm2_llc/ramulator/600.perlbench_s-570B.yaml --json results/1c/hbm2_llc/champsim/600.perlbench_s-570B.json traces/600.perlbench_s-570B.champsimtrace.xz
479	:	1700000000.000	10.000	0	0	0	0	./bin/champsim_goldencove_1c_hbm2_llc --warmup-instructions 200000000 --ramulator-stats results/1c/hbm2_llc/ramulator/602.gcc_s-1850B.yaml --json results/1c/hbm2_llc/champsim/602.gcc_s-1850B.json traces/602.gcc_s-1850B.champsimtrace.xz
480	:	1700000000.000	10.000	0	0	0	0	./bin/champsim_goldencove_1c_hbm2_llc --warmup-instructions 200000000 --ramulator-stats results/1c/hbm2_llc/ramulator/602.gcc_s-2226B.yaml --json results/1c/hbm2_llc/champsim/602.gcc_s-2226B.json traces/602.gcc_s-2226B.champsimtrace.xz
481	:	1700000000.000	10.000	0	0	0	0	./bin/champsim_goldencove_1c_hbm2_llc --warmup-instructions 200000000 --ramulator-stats results/1c/hbm2_llc/ramulator/602.gcc_s-2375B.yaml --json results/1c/hbm2_llc/champsim/602.gcc_s-2375B.json traces/602.gcc_s-2375B.champsimtrace.xz
482	:	1700000000.000	10.000	0	0	0	0	./bin/champsim_goldencove_1c_hbm2_llc --warmup-instructions 200000000 --ramulator-stats results/1c/hbm2_llc/ramulator/602.gcc_s-734B.yaml --json results/1c/hbm2_llc/champsim/602.gcc_s-734B.json traces/602.gcc_s-734B.champsimtrace.xz
483	:	1700000000.000	10.000	0	0	0	0	./bin/champsim_goldencove_1c_hbm2_llc --warmup-instructions 200000000 --ramulator-stats results/1c/hbm2_llc/ramulator/603.bwaves_s-1080B.yaml --json results/1c/hbm2_llc/champsim/603.bwaves_s-1080B.json traces/603.bwaves_s-1080B.champsimtrace.xz
484	:	1700000000.000	10.000	0	0	0	0	./bin/champsim_goldencove_1c_hbm2_llc --warmup-instructions 200000000 --ramulator-stats results/1c/hbm2_llc/ramulator/603.bwaves_s-1740B.yaml --json results/1c/hbm2_llc/champsim/603.bwaves_s-1740B.json traces/603.bwaves_s-1740B.champsimtrace.xz
485	:	1700000000.000	10.000	0	0	0	0	./bin/champsim_goldencove_1c_hbm2_llc --warmup-instructions 200000000 --ramulator-stats results/1c/hbm2_llc/ramulator/603.bwaves_s-2609B.yaml --json results/1c/hbm2_llc/champsim/603.bwaves_s-2609B.json traces/603.bwaves_s-2609B.champsimtrace.xz
486	:	1700000000.000	10.000	0	0	0	0	./bin/champsim_goldencove_1c_hbm2_llc --warmup-instructions 200000000 --ramulator-stats results/1c/hbm2_llc/ramulator/603.bwaves_s-2931B.yaml --json results/1c/hbm2_llc/champsim/603.bwaves_s-2931B.json traces/603.bwaves_s-2931B.champsimtrace.xz
487	:	1700000000.000	10.000	0	0	0	0	./bin/champsim_goldencove_1c_hbm2_llc --warmup-instructions 200000000 --ramulator-stats results/1c/hbm2_llc/ramulator/603.bwaves_s-3699B.yaml --json results/1c/hbm2_llc/champsim/603.bwaves_s-3699B.json traces/603.bwaves_s-3699B.champsimtrace.xz
488	:	1700000000.000	10.000	0	0	0	0	./bin/champsim_goldencove_1c_hbm2_llc --warmup-instructions 200000000 --ramulator-stats results/1c/hbm2_llc/ramulator/603.bwaves_s-5359B.yaml --json results/1c/hbm2_llc/champsim/603.bwaves_s-5359B.json traces/603.bwaves_s-5359B.champsimtrace.xz
489	:	1700000000.000	10.000	0	0	0	0	./bin/champsim_goldencove_1c_hbm2_llc --warmup-instructions 200000000 --ramulator-stats results/1c/hbm2_llc/ramulator/603.bwaves_s-891B.yaml --json results/1c/hbm2_llc/champsim/603.bwaves_s-891B.json traces/603.bwaves_s-891B.champsimtrace.xz
490	:	1700000000.000	10.000	0	0	0	0	./bin/champsim_goldencove_1c_hbm2_llc --warmup-instructions 200000000 --ramulator-stats results/1c/hbm2_llc/ramulator/605.mcf_s-1152B.yaml --json results/1c/hbm2_llc/champsim/605.mcf_s-1152B.json traces/605.mcf_s-1152B.champsimtrace.xz
491	:	1700000000.000	10.000	0	0	0	0	./bin/champsim_goldencove_1c_hbm2_llc --warmup-instructions 200000000 --ramulator-stats results/1c/hbm2_llc/ramulator/605.mcf_s-1536B.yaml --json results/1c/hbm2_llc/champsim/605.mcf_s-1536B.json traces/605.mcf_s-1536B.champsimtrace.xz
492	:	1700000000.000	10.000	0	0	0	0	./bin/champsim_goldencove_1c_hbm2_llc --warmup-instructions 200000000 --ramulator-stats results/1c/hbm2_llc/ramulator/605.mcf_s-1554B.yaml --json results/1c/hbm2_llc/champsim/605.mcf_s-1554B.json traces/605.mcf_s-1554B.champsimtrace.xz
493	:	1700000000.000	10.000	0	0	0	0	./bin/champsim_goldencove_1c_hbm2_llc --warmup-instructions 200000000 --ramulator-stats results/1c/hbm2_llc/ramulator/605.mcf_s-1644B.yaml --json results/1c/hbm2_llc/champsim/605.mcf_s-1644B.json traces/605.mcf_s-1644B.champsimtrace.xz
494	:	1700000000.000	10.000	0	0	0	0	./bin/champsim_goldencove_1c_hbm2_llc --warmup-instructions 200000000 --ramulator-stats results/1c/hbm2_llc/ramulator/605.mcf_s-472B.yaml --json results/1c/hbm2_llc/champsim/605.mcf_s-472B.json traces/605.mcf_s-472B.champsimtrace.xz
495	:	1700000000.000	10.000	0	0	0	0	./bin/champsim_goldencove_1c_hbm2_llc --warmup-instructions 200000000 --ramulator-stats results/1c/hbm2_llc/ramulator/605.mcf_s-484B.yaml --json results/1c/hbm2_llc/champsim/605.mcf_s-484B.json traces/605.mcf_s-484B.champsimtrace.xz
496	:	1700000000.000	10.000	0	0	0	0	./bin/champsim_goldencove_1c_hbm2_llc --warmup-instructions 200000000 --ramulator-stats results/1c/hbm2_llc/ramulator/605.mcf_s-665B.yaml --json results/1c/hbm2_llc/champsim/605.mcf_s-665B.json traces/605.mcf_s-665B.champsimtrace.xz
497	:	1700000000.000	10.000	0	0	0	0	./bin/champsim_goldencove_1c_hbm2_llc --warmup-instructions 200000000 --ramulator-stats results/1c/hbm2_llc/ramulator/605.mcf_s-782B.yaml --json results/1c/hbm2_llc/champsim/605.mcf_s-782B.json traces/605.mcf_s-782B.champsimtrace.xz
498	:	1700000000.000	10.000	0	0	0	0	./bin/champsim_goldencove_1c_hbm2_llc --warmup-instructions 200000000 --ramulator-stats results/1c/hbm2_llc/ramulator/605.mcf_s-994B.yaml --json results/1c/hbm2_llc/champsim/605.mcf_s-994B.json traces/605.mcf_s-994B.champsimtrace.xz
499	:	1700000000.000	10.000	0	0	0	0	./bin/champsim_goldencove_1c_hbm2_llc --warmup-instructions 200000000 --ramulator-stats results/1c/hbm2_llc/ramulator/607.cactuBSSN_s-2421B.yaml --json results/1c/hbm2_llc/champsim/607.cactuBSSN_s-2421B.json traces/607.cactuBSSN_s-2421B.champsimtrace.xz
500	:	1700000000.000	10.000	0	0	0	0	./bin/champsim_goldencove_1c_hbm2_llc --warmup-instructions 200000000 --ramulator-stats results/1c/hbm2_llc/ramulator/607.cactuBSSN_s-3477B.yaml --json results/1c/hbm2_llc/champsim/607.cactuBSSN_s-3477B.json traces/607.cactuBSSN_s-3477B.champsimtrace.xz
501	:	1700000000.000	10.000	0	0	0	0	./bin/champsim_goldencove_1c_hbm2_llc --warmup-instructions 200000000 --ramulator-stats results/1c/hbm2_llc/ramulator/607.cactuBSSN_s-4004B.yaml --json results/1c/hbm2_llc/champsim/607.cactuBSSN_s-4004B.json traces/607.cactuBSSN_s-4004B.champsimtrace.xz
502	:	1700000000.000	10.000	0	0	0	0	./bin/champsim_goldencove_1c_hbm2_llc --warmup-instructions 200000000 --ramulator-stats results/1c/hbm2_llc/ramulator/607.cactuBSSN_s-4248B.yaml --json results/1c/hbm2_llc/champsim/607.cactuBSSN_s-4248B.json traces/607.cactuBSSN_s-4248B.champsimtrace.xz
503	:	1700000000.000	10.000	0	0	0	0	./bin/champsim_goldencove_1c_hbm2_llc --warmup-instructions 200000000 --ramulator-stats results/1c/hbm2_llc/ramulator/619.lbm_s-2676B.yaml --json results/1c/hbm2_llc/champsim/619.lbm_s-2676B.json traces/619.lbm_s-2676B.champsimtrace.xz
504	:	1700000000.000	10.000	0	0	0	0	./bin/champsim_goldencove_1c_hbm2_llc --warmup-instructions 200000000 --ramulator-stats results/1c/hbm2_llc/ramulator/619.lbm_s-2677B.yaml --json results/1c/hbm2_llc/champsim/619.lbm_s-2677B.json traces/619.lbm_s-2677B.champsimtrace.xz
505	:	1700000000.000	10.000	0	0	0	0	./bin/champsim_goldencove_1c_hbm2_llc --warmup-instructions 200000000 --ramulator-stats results/1c/hbm2_llc/ramulator/619.lbm_s-3766B.yaml --json results/1c/hbm2_llc/champsim/619.lbm_s-3766B.json traces/619.lbm_s-3766B.champsimtrace.xz
506	:	1700000000.000	10.000	0	0	0	0	./bin/champsim_goldencove_1c_hbm2_llc --warmup-instructions 200000000 --ramulator-stats results/1c/hbm2_llc/ramulator/619.lbm_s-4268B.yaml --json results/1c/hbm2_llc/champsim/619.lbm_s-4268B.json traces/619.lbm_s-4268B.champsimtrace.xz
507	:	1700000000.000	10.000	0	0	0	0	./bin/champsim_goldencove_1c_hbm2_llc --warmup-instructions 200000000 --ramulator-stats results/1c/hbm2_llc/ramulator/620.omnetpp_s-141B.yaml --json results/1c/hbm2_llc/champsim/620.omnetpp_s-141B.json traces/620.omnetpp_s-141B.champsimtrace.xz
508	:	1700000000.000	10.000	0	0	0	0	./bin/champsim_goldencove_1c_hbm2_llc --warmup-instructions 200000000 --ramulator-stats results/1c/hbm2_llc/ramulator/620.omnetpp_s-874B.yaml --json results/1c/hbm2_llc/champsim/620.omnetpp_s-874B.json traces/620.omnetpp_s-874B.champsimtrace.xz
509	:	1700000000.000	10.000	0	0	0	0	./bin/champsim_goldencove_1c_hbm2_llc --warmup-instructions 200000000 --ramulator-stats results/1c/hbm2_llc/ramulator/621.wrf_s-575B.yaml --json results/1c/hbm2_llc/champsim/621.wrf_s-575B.json traces/621.wrf_s-575B.champsimtrace.xz
510	:	1700000000.000	10.000	0	0	0	0	./bin/champsim_goldencove_1c_hbm2_llc --warmup-instructions 200000000 --ramulator-stats results/1c/hbm2_llc/ramulator/621.wrf_s-6673B.yaml --json results/1c/hbm2_llc/champsim/621.wrf_s-6673B.json traces/621.wrf_s-6673B.champsimtrace.xz
511	:	1700000000.000	10.000	0	0	0	0	./bin/champsim_goldencove_1c_hbm2_llc --warmup-instructions 200000000 --ramulator-stats results/1c/hbm2_llc/ramulator/621.wrf_s-8065B.yaml --json results/1c/hbm2_llc/champsim/621.wrf_s-8065B.json traces/621.wrf_s-8065B.champsimtrace.xz
512	:	1700000000.000	10.000	0	0	0	0	./bin/champsim_goldencove_1c_hbm2_llc --warmup-instructions 200000000 --ramulator-stats results/1c/hbm2_llc/ramulator/621.wrf_s-8100B.yaml --json results/1c/hbm2_llc/champsim/621.wrf_s-8100B.json traces/621.wrf_s-8100B.champsimtrace.xz
513	:	1700000000.000	10.000	0	0	0	0	./bin/champsim_goldencove_1c_hbm2_llc --warmup-instructions 200000000 --ramulator-stats results/1c/hbm2_llc/ramulator/623.xalancbmk_s-10B.yaml --json results/1c/hbm2_llc/champsim/623.xalancbmk_s-10B.json traces/623.xalancbmk_s-10B.champsimtrace.xz
514	:	1700000000.000	10.000	0	0	0	0	./bin/champsim_goldencove_1c_hbm2_llc --warmup-instructions 200000000 --ramulator-stats results/1c/hbm2_llc/ramulator/623.xalancbmk_s-165B.yaml --json results/1c/hbm2_llc/champsim/623.xalancbmk_s-165B.json traces/623.xalancbmk_s-165B.champsimtrace.xz
515	:	1700000000.000	10.000	0	0	0	0	./bin/champsim_goldencove_1c_hbm2_llc --warmup-instructions 200000000 --ramulator-stats results/1c/hbm2_llc/ramulator/623.xalancbmk_s-202B.yaml --json results/1c/hbm2_llc/champsim/623.xalancbmk_s-202B.json traces/623.xalancbmk_s-202B.champsimtrace.xz
516	:	1700000000.000	10.000	0	0	0	0	./bin/champsim_goldencove_1c_hbm2_llc --warmup-instructions 200000000 --ramulator-stats results/1c/hbm2_llc/ramulator/623.xalancbmk_s-325B.yaml --json results/1c/hbm2_llc/champsim/623.xalancbmk_s-325B.json traces/623.xalancbmk_s-325B.champsimtrace.xz
517	:	1700000000.000	10.000	0	0	0	0	./bin/champsim_goldencove_1c_hbm2_llc --warmup-instructions 200000000 --ramulator-stats results/1c/hbm2_llc/ramulator/623.xalancbmk_s-592B.yaml --json results/1c/hbm2_llc/champsim/623.xalancbmk_s-592B.json traces/623.xalancbmk_s-592B.champsimtrace.xz
518	:	1700000000.000	10.000	0	0	0	0	./bin/champsim_goldencove_1c_hbm2_llc --warmup-instructions 200000000 --ramulator-stats results/1c/hbm2_llc/ramulator/623.xalancbmk_s-700B.yaml --json results/1c/hbm2_llc/champsim/623.xalancbmk_s-700B.json traces/623.xalancbmk_s-700B.champsimtrace.xz
519	:	1700000000.000	10.000	0	0	0	0	./bin/champsim_goldencove_1c_hbm2_llc --warmup-instructions 200000000 --ramulator-stats results/1c/hbm2_llc/ramulator/625.x264_s-12B.yaml --json results/1c/hbm2_llc/champsim/625.x264_s-12B.json traces/625.x264_s-12B.champsimtrace.xz
520	:	1700000000.000	10.000	0	0	0	0	./bin/champsim_goldencove_1c_hbm2_llc --warmup-instructions 200000000 --ramulator-stats results/1c/hbm2_llc/ramulator/625.x264_s-18B.yaml --json results/1c/hbm2_llc/champsim/625.x264_s-18B.json traces/625.x264_s-18B.champsimtrace.xz
521	:	1700000000.000	10.000	0	0	0	0	./bin/champsim_goldencove_1c_hbm2_llc --warmup-instructions 200000000 --ramulator-stats results/1c/hbm2_llc/ramulator/625.x264_s-20B.yaml --json results/1c/hbm2_llc/champsim/625.x264_s-20B.json traces/625.x264_s-20B.champsimtrace.xz
522	:	1700000000.000	10.000	0	0	0	0	./bin/champsim_goldencove_1c_hbm2_llc --warmup-instructions 200000000 --ramulator-stats results/1c/hbm2_llc/ramulator/625.x264_s-33B.yaml --json results/1c/hbm2_llc/champsim/625.x264_s-33B.json traces/625.x264_s-33B.champsimtrace.xz
523	:	1700000000.000	10.000	0	0	0	0	./bin/champsim_goldencove_1c_hbm2_llc --warmup-instructions 200000000 --ramulator-stats results/1c/hbm2_llc/ramulator/625.x264_s-39B.yaml --json results/1c/hbm2_llc/champsim/625.x264_s-39B.json traces/625.x264_s-39B.champsimtrace.xz
524	:	1700000000.000	10.000	0	0	0	0	./bin/champsim_goldencove_1c_hbm2_llc --warmup-instructions 200000000 --ramulator-stats results/1c/hbm2_llc/ramulator/627.cam4_s-490B.yaml --json results/1c/hbm2_llc/champsim/627.cam4_s-490B.json traces/627.cam4_s-490B.champsimtrace.xz
525	:	1700000000.000	10.000	0	0	0	0	./bin/champsim_goldencove_1c_hbm2_llc --warmup-instructions 200000000 --ramulator-stats results/1c/hbm2_llc/ramulator/627.cam4_s-573B.yaml --json results/1c/hbm2_llc/champsim/627.cam4_s-573B.json traces/627.cam4_s-573B.champsimtrace.xz
526	:	1700000000.000	10.000	0	0	0	0	./bin/champsim_goldencove_1c_hbm2_llc --warmup-instructions 200000000 --ramulator-stats results/1c/hbm2_llc/ramulator/628.pop2_s-17B.yaml --json results/1c/hbm2_llc/champsim/628.pop2_s-17B.json traces/628.pop2_s-17B.champsimtrace.xz
527	:	1700000000.000	10.000	0	0	0	0	./bin/champsim_goldencove_1c_hbm2_llc --warmup-instructions 200000000 --ramulator-stats results/1c/hbm2_llc/ramulator/631.deepsjeng_s-928B.yaml --json results/1c/hbm2_llc/champsim/631.deepsjeng_s-928B.json traces/631.deepsjeng_s-928B.champsimtrace.xz
528	:	1700000000.000	10.000	0	0	0	0	./bin/champsim_goldencove_1c_hbm2_llc --warmup-instructions 200000000 --ramulator-stats results/1c/hbm2_llc/ramulator/638.imagick_s-10316B.yaml --json results/1c/hbm2_llc/champsim/638.imagick_s-10316B.json traces/638.imagick_s-10316B.champsimtrace.xz
529	:	1700000000.000	10.000	0	0	0	0	./bin/champsim_goldencove_1c_hbm2_llc --warmup-instructions 200000000 --ramulator-stats results/1c/hbm2_llc/ramulator/638.imagick_s-4128B.yaml --json results/1c/hbm2_llc/champsim/638.imagick_s-4128B.json traces/638.imagick_s-4128B.champsimtrace.xz
530	:	1700000000.000	10.000	0	0	0	0	./bin/champsim_goldencove_1c_hbm2_llc --warmup-instructions 200000000 --ramulator-stats results/1c/hbm2_llc/ramulator/638.imagick_s-824B.yaml --json results/1c/hbm2_llc/champsim/638.imagick_s-824B.json traces/638.imagick_s-824B.champsimtrace.xz
531	:	1700000000.000	10.000	0	0	0	0	./bin/champsim_goldencove_1c_hbm2_llc --warmup-instructions 200000000 --ramulator-stats results/1c/hbm2_llc/ramulator/641.leela_s-1052B.yaml --json results/1c/hbm2_llc/champsim/641.leela_s-1052B.json traces/641.leela_s-1052B.champsimtrace.xz
532	:	1700000000.000	10.000	0	0	0	0	./bin/champsim_goldencove_1c_hbm2_llc --warmup-instructions 200000000 --ramulator-stats results/1c/hbm2_llc/ramulator/641.leela_s-1083B.yaml --json results/1c/hbm2_llc/champsim/641.leela_s-1083B.json traces/641.leela_s-1083B.champsimtrace.xz
533	:	1700000000.000	10.000	0	0	0	0	./bin/champsim_goldencove_1c_hbm2_llc --warmup-instructions 200000000 --ramulator-stats results/1c/hbm2_llc/ramulator/641.leela_s-149B.yaml --json results/1c/hbm2_llc/champsim/641.leela_s-149B.json traces/641.leela_s-149B.champsimtrace.xz
534	:	1700000000.000	10.000	0	0	0	0	./bin/champsim_goldencove_1c_hbm2_llc --warmup-instructions 200000000 --ramulator-stats results/1c/hbm2_llc/ramulator/641.leela_s-334B.yaml --json results/1c/hbm2_llc/champsim/641.leela_s-334B.json traces/641.leela_s-334B.champsimtrace.xz
535	:	1700000000.000	10.000	0	0	0	0	./bin/champsim_goldencove_1c_hbm2_llc --warmup-instructions 200000000 --ramulator-stats results/1c/hbm2_llc/ramulator/641.leela_s-602B.yaml --json results/1c/hbm2_llc/champsim/641.leela_s-602B.json traces/641.leela_s-602B.champsimtrace.xz
536	:	1700000000.000	10.000	0	0	0	0	./bin/champsim_goldencove_1c_hbm2_llc --warmup-instructions 200000000 --ramulator-stats results/1c/hbm2_llc/ramulator/641.leela_s-800B.yaml --json results/1c/hbm2_llc/champsim/641.leela_s-800B.json traces/641.leela_s-800B.champsimtrace.xz
537	:	1700000000.000	10.000	0	0	0	0	./bin/champsim_goldencove_1c_hbm2_llc --warmup-instructions 200000000 --ramulator-stats results/1c/hbm2_llc/ramulator/641.leela_s-862B.yaml --json results/1c/hbm2_llc/champsim/641.leela_s-862B.json traces/641.leela_s-862B.champsimtrace.xz
538	:	1700000000.000	10.000	0	0	0	0	./bin/champsim_goldencove_1c_hbm2_llc --warmup-instructions 200000000 --ramulator-stats results/1c/hbm2_llc/ramulator/644.nab_s-12459B.yaml --json results/1c/hbm2_llc/champsim/644.nab_s-12459B.json traces/644.nab_s-12459B.champsimtrace.xz
539	:	1700000000.000	10.000	0	0	0	0	./bin/champsim_goldencove_1c_hbm2_llc --warmup-instructions 200000000 --ramulator-stats results/1c/hbm2_llc/ramulator/644.nab_s-12521B.yaml --json results/1c/hbm2_llc/champsim/644.nab_s-12521B.json traces/644.nab_s-12521B.champsimtrace.xz
540	:	1700000000.000	10.000	0	0	0	0	./bin/champsim_goldencove_1c_hbm2_llc --warmup-instructions 200000000 --ramulator-stats results/1c/hbm2_llc/ramulator/644.nab_s-5853B.yaml --json results/1c/hbm2_llc/champsim/644.nab_s-5853B.json traces/644.nab_s-5853B.champsimtrace.xz
541	:	1700000000.000	10.000	0	0	0	0	./bin/champsim_goldencove_1c_hbm2_llc --warmup-instructions 200000000 --ramulator-stats results/1c/hbm2_llc/ramulator/644.nab_s-7928B.yaml --json results/1c/hbm2_llc/champsim/644.nab_s-7928B.json traces/644.nab_s-7928B.champsimtrace.xz
542	:	1700000000.000	10.000	0	0	0	0	./bin/champsim_goldencove_1c_hbm2_llc --warmup-instructions 200000000 --ramulator-stats results/1c/hbm2_llc/ramulator/644.nab_s-9322B.yaml --json results/1c/hbm2_llc/champsim/644.nab_s-9322B.json traces/644.nab_s-9322B.champsimtrace.xz
543	:	1700000000.000	10.000	0	0	0	0	./bin/champsim_goldencove_1c_hbm2_llc --warmup-instructions 200000000 --ramulator-stats results/1c/hbm2_llc/ramulator/648.exchange2_s-1227B.yaml --json results/1c/hbm2_llc/champsim/648.exchange2_s-1227B.json traces/648.exchange2_s-1227B.champsimtrace.xz
544	:	1700000000.000	10.000	0	0	0	0	./bin/champsim_goldencove_1c_hbm2_llc --warmup-instructions 200000000 --ramulator-stats results/1c/hbm2_llc/ramulator/648.exchange2_s-1247B.yaml --json results/1c/hbm2_llc/champsim/648.exchange2_s-1247B.json traces/648.exchange2_s-1247B.champsimtrace.xz
545	:	1700000000.000	10.000	0	0	0	0	./bin/champsim_goldencove_1c_hbm2_llc --warmup-instructions 200000000 --ramulator-stats results/1c/hbm2_llc/ramulator/648.exchange2_s-1511B.yaml --json results/1c/hbm2_llc/champsim/648.exchange2_s-1511B.json traces/648.exchange2_s-1511B.champsimtrace.xz
546	:	1700000000.000	10.000	0	0	0	0	./bin/champsim_goldencove_1c_hbm2_llc --warmup-instructions 200000000 --ramulator-stats results/1c/hbm2_llc/ramulator/648.exchange2_s-1699B.yaml --json results/1c/hbm2_llc/champsim/648.exchange2_s-1699B.json traces/648.exchange2_s-1699B.champsimtrace.xz
547	:	1700000000.000	10.000	0	0	0	0	./bin/champsim_goldencove_1c_hbm2_llc --warmup-instructions 200000000 --ramulator-stats results/1c/hbm2_llc/ramulator/648.exchange2_s-1712B.yaml --json results/1c/hbm2_llc/champsim/648.exchange2_s-1712B.json traces/648.exchange2_s-1712B.champsimtrace.xz
548	:	1700000000.000	10.000	0	0	0	0	./bin/champsim_goldencove_1c_hbm2_llc --warmup-instructions 200000000 --ramulator-stats results/1c/hbm2_llc/ramulator/648.exchange2_s-210B.yaml --json results/1c/hbm2_llc/champsim/648.exchange2_s-210B.json traces/648.exchange2_s-210B.champsimtrace.xz
549	:	1700000000.000	10.000	0	0	0	0	./bin/champsim_goldencove_1c_hbm2_llc --warmup-instructions 200000000 --ramulator-stats results/1c/hbm2_llc/ramulator/648.exchange2_s-353B.yaml --json results/1c/hbm2_llc/champsim/648.exchange2_s-353B.json traces/648.exchange2_s-353B.champsimtrace.xz
550	:	1700000000.000	10.000	0	0	0	0	./bin/champsim_goldencove_1c_hbm2_llc --warmup-instructions 200000000 --ramulator-stats results/1c/hbm2_llc/ramulator/648.exchange2_s-387B.yaml --json results/1c/hbm2_llc/champsim/648.exchange2_s-387B.json traces/648.exchange2_s-387B.champsimtrace.xz
551	:	1700000000.000	10.000	0	0	0	0	./bin/champsim_goldencove_1c_hbm2_llc --warmup-instructions 200000000 --ramulator-stats results/1c/hbm2_llc/ramulator/648.exchange2_s-584B.yaml --json results/1c/hbm2_llc/champsim/648.exchange2_s-584B.json traces/648.exchange2_s-584B.champsimtrace.xz
552	:	1700000000.000	10.000	0	0	0	0	./bin/champsim_goldencove_1c_hbm2_llc --warmup-instructions 200000000 --ramulator-stats results/1c/hbm2_llc/ramulator/648.exchange2_s-72B.yaml --json results/1c/hbm2_llc/champsim/648.exchange2_s-72B.json traces/648.exchange2_s-72B.champsimtrace.xz
553	:	1700000000.000	10.000	0	0	0	0	./bin/champsim_goldencove_1c_hbm2_llc --warmup-instructions 200000000 --ramulator-stats results/1c/hbm2_llc/ramulator/649.fotonik3d_s-10881B.yaml --json results/1c/hbm2_llc/champsim/649.fotonik3d_s-10881B.json traces/649.fotonik3d_s-10881B.champsimtrace.xz
554	:	1700000000.000	10.000	0	0	0	0	./bin/champsim_goldencove_1c_hbm2_llc --warmup-instructions 200000000 --ramulator-stats results/1c/hbm2_llc/ramulator/649.fotonik3d_s-1176B.yaml --json results/1c/hbm2_llc/champsim/649.fotonik3d_s-1176B.json traces/649.fotonik3d_s-1176B.champsimtrace.xz
555	:	1700000000.000	10.000	0	0	0	0	./bin/champsim_goldencove_1c_hbm2_llc --warmup-instructions 200000000 --ramulator-stats results/1c/hbm2_llc/ramulator/649.fotonik3d_s-1B.yaml --json results/1c/hbm2_llc/champsim/649.fotonik3d_s-1B.json traces/649.fotonik3d_s-1B.champsimtrace.xz
556	:	1700000000.000	10.000	0	0	0	0	./bin/champsim_goldencove_1c_hbm2_llc --warmup-instructions 200000000 --ramulator-stats results/1c/hbm2_llc/ramulator/649.fotonik3d_s-7084B.yaml --json results/1c/hbm2_llc/champsim/649.fotonik3d_s-7084B.json traces/649.fotonik3d_s-7084B.champsimtrace.xz
557	:	1700000000.000	10.000	0	0	0	0	./bin/champsim_goldencove_1c_hbm2_llc --warmup-instructions 200000000 --ramulator-stats results/1c/hbm2_llc/ramulator/649.fotonik3d_s-8225B.yaml --json results/1c/hbm2_llc/champsim/649.fotonik3d_s-8225B.json traces/649.fotonik3d_s-8225B.champsimtrace.xz
558	:	1700000000.000	10.000	0	0	0	0	./bin/champsim_goldencove_1c_hbm2_llc --warmup-instructions 200000000 --ramulator-stats results/1c/hbm2_llc/ramulator/654.roms_s-1007B.yaml --json results/1c/hbm2_llc/champsim/654.roms_s-1007B.json traces/654.roms_s-1007B.champsimtrace.xz
559	:	1700000000.000	10.000	0	0	0	0	./bin/champsim_goldencove_1c_hbm2_llc --warmup-instructions 200000000 --ramulator-stats results/1c/hbm2_llc/ramulator/654.roms_s-1021B.yaml --json results/1c/hbm2_llc/champsim/654.roms_s-1021B.json traces/654.roms_s-1021B.champsimtrace.xz
560	:	1700000000.000	10.000	0	0	0	0	./bin/champsim_goldencove_1c_hbm2_llc --warmup-instructions 200000000 --ramulator-stats results/1c/hbm2_llc/ramulator/654.roms_s-1070B.yaml --json results/1c/hbm2_llc/champsim/654.roms_s-1070B.json traces/654.roms_s-1070B.champsimtrace.xz
561	:	1700000000.000	10.000	0	0	0	0	./bin/champsim_goldencove_1c_hbm2_llc --warmup-instructions 200000000 --ramulator-stats results/1c/hbm2_llc/ramulator/654.roms_s-1390B.yaml --json results/1c/hbm2_llc/champsim/654.roms_s-1390B.json traces/654.roms_s-1390B.champsimtrace.xz
562	:	1700000000.000	10.000	0	0	0	0	./bin/champsim_goldencove_1c_hbm2_llc --warmup-instructions 200000000 --ramulator-stats results/1c/hbm2_llc/ramulator/654.roms_s-1613B.yaml --json results/1c/hbm2_llc/champsim/654.roms_s-1613B.json traces/654.roms_s-1613B.champsimtrace.xz
563	:	1700000000.000	10.000	0	0	0	0	./bin/champsim_goldencove_1c_hbm2_llc --warmup-instructions 200000000 --ramulator-stats results/1c/hbm2_llc/ramulator/654.roms_s-293B.yaml --json results/1c/hbm2_llc/champsim/654.roms_s-293B.json traces/654.roms_s-293B.champsimtrace.xz
564	:	1700000000.000	10.000	0	0	0	0	./bin/champsim_goldencove_1c_hbm2_llc --warmup-instructions 200000000 --ramulator-stats results/1c/hbm2_llc/ramulator/654.roms_s-294B.yaml --json results/1c/hbm2_llc/champsim/654.roms_s-294B.json traces/654.roms_s-294B.champsimtrace.xz
565	:	1700000000.000	10.000	0	0	0	0	./bin/champsim_goldencove_1c_hbm2_llc --warmup-instructions 200000000 --ramulator-stats results/1c/hbm2_llc/ramulator/654.roms_s-523B.yaml --json results/1c/hbm2_llc/champsim/654.roms_s-523B.json traces/654.roms_s-523B.champsimtrace.xz
566	:	1700000000.000	10.000	0	0	0	0	./bin/champsim_goldencove_1c_hbm2_llc --warmup-instructions 200000000 --ramulator-stats results/1c/hbm2_llc/ramulator/654.roms_s-842B.yaml --json results/1c/hbm2_llc/champsim/654.roms_s-842B.json traces/654.roms_s-842B.champsimtrace.xz
567	:	1700000000.000	10.000	0	0	0	0	./bin/champsim_goldencove_1c_hbm2_llc --warmup-instructions 200000000 --ramulator-stats results/1c/hbm2_llc/ramulator/657.xz_s-2302B.yaml --json results/1c/hbm2_llc/champsim/657.xz_s-2302B.json traces/657.xz_s-2302B.champsimtrace.xz
568	:	1700000000.000	10.000	0	0	0	0	./bin/champsim_goldencove_1c_hbm2_llc --warmup-instructions 200000000 --ramulator-stats results/1c/hbm2_llc/ramulator/657.xz_s-3167B.yaml --json results/1c/hbm2_llc/champsim/657.xz_s-3167B.json traces/657.xz_s-3167B.champsimtrace.xz
569	:	1700000000.000	10.000	0	0	0	0	./bin/champsim_goldencove_1c_hbm2_llc --warmup-instructions 200000000 --ramulator-stats results/1c/hbm2_llc/ramulator/657.xz_s-4994B.yaml --json results/1c/hbm2_llc/champsim/657.xz_s-4994B.json traces/657.xz_s-4994B.champsimtrace.xz
570	:	1700000000.000	10.000	0	0	0	0	./bin/champsim_goldencove_1c_hbm2_llc --warmup-instructions 200000000 --ramulator-stats results/1c/hbm2_llc/ramulator/657.xz_s-56B.yaml --json results/1c/hbm2_llc/champsim/657.xz_s-56B.json traces/657.xz_s-56B.champsimtrace.xz
571	:	1700000000.000	10.000	0	0	0	0	./bin/champsim_goldencove_1c_hbm3 --warmup-instructions 200000000 --ramulator-stats results/1c/hbm3/ramulator/600.perlbench_s-1273B.yaml --json results/1c/hbm3/champsim/600.perlbench_s-1273B.json traces/600.perlbench_s-1273B.champsimtrace.xz
572	:	1700000000.000	10.000	0	0	0	0	./bin/champsim_goldencove_1c_hbm3 --warmup-instructions 200000000 --ramulator-stats results/1c/hbm3/ramulator/600.perlbench_s-210B.yaml --json results/1c/hbm3/champsim/600.perlbench_s-210B.json traces/600.perlbench_s-210B.champsimtrace.xz
573	:	1700000000.000	10.000	0	0	0	0	./bin/champsim_goldencove_1c_hbm3 --warmup-instructions 200000000 --ramulator-stats results/1c/hbm3/ramulator/600.perlbench_s-570B.yaml --json results/1c/hbm3/champsim/600.perlbench_s-570B.json traces/600.perlbench_s-570B.champsimtrace.xz
574	:	1700000000.000	10.000	0	0	0	0	./bin/champsim_goldencove_1c_hbm3 --warmup-instructions 200000000 --ramulator-stats results/1c/hbm3/ramulator/602.gcc_s-1850B.yaml --json results/1c/hbm3/champsim/602.gcc_s-1850B.json traces/602.gcc_s-1850B.champsimtrace.xz
575	:	1700000000.000	10.000	0	0	0	0	./bin/champsim_goldencove_1c_hbm3 --warmup-instructions 200000000 --ramulator-stats results/1c/hbm3/ramulator/602.gcc_s-2226B.yaml --json results/1c/hbm3/champsim/602.gcc_s-2226B.json traces/602.gcc_s-2226B.champsimtrace.xz
576	:	1700000000.000	10.000	0	0	0	0	./bin/champsim_goldencove_1c_hbm3 --warmup-instructions 200000000 --ramulator-stats results/1c/hbm3/ramulator/602.gcc_s-2375B.yaml --json results/1c/hbm3/champsim/602.gcc_s-2375B.json traces/602.gcc_s-2375B.champsimtrace.xz
577	:	1700000000.000	10.000	0	0	0	0	./bin/champsim_goldencove_1c_hbm3 --warmup-instructions 200000000 --ramulator-stats results/1c/hbm3/ramulator/602.gcc_s-734B.yaml --json results/1c/hbm3/champsim/602.gcc_s-734B.json traces/602.gcc_s-734B.champsimtrace.xz
578	:	1700000000.000	10.000	0	0	0	0	./bin/champsim_goldencove_1c_hbm3 --warmup-instructions 200000000 --ramulator-stats results/1c/hbm3/ramulator/603.bwaves_s-1080B.yaml --json results/1c/hbm3/champsim/603.bwaves_s-1080B.json traces/603.bwaves_s-1080B.champsimtrace.xz
579	:	1700000000.000	10.000	0	0	0	0	./bin/champsim_goldencove_1c_hbm3 --warmup-instructions 200000000 --ramulator-stats results/1c/hbm3/ramulator/603.bwaves_s-1740B.yaml --json results/1c/hbm3/champsim/603.bwaves_s-1740B.json traces/603.bwaves_s-1740B.champsimtrace.xz
580	:	1700000000.000	10.000	0	0	0	0	./bin/champsim_goldencove_1c_hbm3 --warmup-instructions 200000000 --ramulator-stats results/1c/hbm3/ramulator/603.bwaves_s-2609B.yaml --json results/1c/hbm3/champsim/603.bwaves_s-2609B.json traces/603.bwaves_s-2609B.champsimtrace.xz
581	:	1700000000.000	10.000	0	0	0	0	./bin/champsim_goldencove_1c_hbm3 --warmup-instructions 200000000 --ramulator-stats results/1c/hbm3/ramulator/603.bwaves_s-2931B.yaml --json results/1c/hbm3/champsim/603.bwaves_s-2931B.json traces/603.bwaves_s-2931B.champsimtrace.xz
582	:	1700000000.000	10.000	0	0	0	0	./bin/champsim_goldencove_1c_hbm3 --warmup-instructions 200000000 --ramulator-stats results/1c/hbm3/ramulator/603.bwaves_s-3699B.yaml --json results/1c/hbm3/champsim/603.bwaves_s-3699B.json traces/603.bwaves_s-3699B.champsimtrace.xz
583	:	1700000000.000	10.000	0	0	0	0	./bin/champsim_goldencove_1c_hbm3 --warmup-instructions 200000000 --ramulator-stats results/1c/hbm3/ramulator/603.bwaves_s-5359B.yaml --json results/1c/hbm3/champsim/603.bwaves_s-5359B.json traces/603.bwaves_s-5359B.champsimtrace.xz
584	:	1700000000.000	10.000	0	0	0	0	./bin/champsim_goldencove_1c_hbm3 --warmup-instructions 200000000 --ramulator-stats results/1c/hbm3/ramulator/603.bwaves_s-891B.yaml --json results/1c/hbm3/champsim/603.bwaves_s-891B.json traces/603.bwaves_s-891B.champsimtrace.xz
585	:	1700000000.000	10.000	0	0	0	0	./bin/champsim_goldencove_1c_hbm3 --warmup-instructions 200000000 --ramulator-stats results/1c/hbm3/ramulator/605.mcf_s-1152B.yaml --json results/1c/hbm3/champsim/605.mcf_s-1152B.json traces/605.mcf_s-1152B.champsimtrace.xz
586	:	1700000000.000	10.000	0	0	0	0	./bin/champsim_goldencove_1c_hbm3 --warmup-instructions 200000000 --ramulator-stats results/1c/hbm3/ramulator/605.mcf_s-1536B.yaml --json results/1c/hbm3/champsim/605.mcf_s-1536B.json traces/605.mcf_s-1536B.champsimtrace.xz
587	:	1700000000.000	10.000	0	0	0	0	./bin/champsim_goldencove_1c_hbm3 --warmup-instructions 200000000 --ramulator-stats results/1c/hbm3/ramulator/605.mcf_s-1554B.yaml --json results/1c/hbm3/champsim/605.mcf_s-1554B.json traces/605.mcf_s-1554B.champsimtrace.xz
588	:	1700000000.000	10.000	0	0	0	0	./bin/champsim_goldencove_1c_hbm3 --warmup-instructions 200000000 --ramulator-stats results/1c/hbm3/ramulator/605.mcf_s-1644B.yaml --json results/1c/hbm3/champsim/605.mcf_s-1644B.json traces/605.mcf_s-1644B.champsimtrace.xz
589	:	1700000000.000	10.000	0	0	0	0	./bin/champsim_goldencove_1c_hbm3 --warmup-instructions 200000000 --ramulator-stats results/1c/hbm3/ramulator/605.mcf_s-472B.yaml --json results/1c/hbm3/champsim/605.mcf_s-472B.json traces/605.mcf_s-472B.champsimtrace.xz
590	:	1700000000.000	10.000	0	0	0	0	./bin/champsim_goldencove_1c_hbm3 --warmup-instructions 200000000 --ramulator-stats results/1c/hbm3/ramulator/605.mcf_s-484B.yaml --json results/1c/hbm3/champsim/605.mcf_s-484B.json traces/605.mcf_s-484B.champsimtrace.xz
591	:	1700000000.000	10.000	0	0	0	0	./bin/champsim_goldencove_1c_hbm3 --warmup-instructions 200000000 --ramulator-stats results/1c/hbm3/ramulator/605.mcf_s-665B.yaml --json results/1c/hbm3/champsim/605.mcf_s-665B.json traces/605.mcf_s-665B.champsimtrace.xz
592	:	1700000000.000	10.000	0	0	0	0	./bin/champsim_goldencove_1c_hbm3 --warmup-instructions 200000000 --ramulator-stats results/1c/hbm3/ramulator/605.mcf_s-994B.yaml --json results/1c/hbm3/champsim/605.mcf_s-994B.json traces/605.mcf_s-994B.champsimtrace.xz
593	:	1700000000.000	10.000	0	0	0	0	./bin/champsim_goldencove_1c_hbm3 --warmup-instructions 200000000 --ramulator-stats results/1c/hbm3/ramulator/607.cactuBSSN_s-2421B.yaml --json results/1c/hbm3/champsim/607.cactuBSSN_s-2421B.json traces/607.cactuBSSN_s-2421B.champsimtrace.xz
594	:	1700000000.000	10.000	0	0	0	0	./bin/champsim_goldencove_1c_hbm3 --warmup-instructions 200000000 --ramulator-stats results/1c/hbm3/ramulator/607.cactuBSSN_s-3477B.yaml --json results/1c/hbm3/champsim/607.cactuBSSN_s-3477B.json traces/607.cactuBSSN_s-3477B.champsimtrace.xz
595	:	1700000000.000	10.000	0	0	0	0	./bin/champsim_goldencove_1c_hbm3 --warmup-instructions 200000000 --ramulator-stats results/1c/hbm3/ramulator/607.cactuBSSN_s-4004B.yaml --json results/1c/hbm3/champsim/607.cactuBSSN_s-4004B.json traces/607.cactuBSSN_s-4004B.champsimtrace.xz
596	:	1700000000.000	10.000	0	0	0	0	./bin/champsim_goldencove_1c_hbm3 --warmup-instructions 200000000 --ramulator-stats results/1c/hbm3/ramulator/607.cactuBSSN_s-4248B.yaml --json results/1c/hbm3/champsim/607.cactuBSSN_s-4248B.json traces/607.cactuBSSN_s-4248B.champsimtrace.xz
597	:	1700000000.000	10.000	0	0	0	0	./bin/champsim_goldencove_1c_hbm3 --warmup-instructions 200000000 --ramulator-stats results/1c/hbm3/ramulator/619.lbm_s-2676B.yaml --json results/1c/hbm3/champsim/619.lbm_s-2676B.json traces/619.lbm_s-2676B.champsimtrace.xz
598	:	1700000000.000	10.000	0	0	0	0	./bin/champsim_goldencove_1c_hbm3 --warmup-instructions 200000000 --ramulator-stats results/1c/hbm3/ramulator/619.lbm_s-2677B.yaml --json results/1c/hbm3/champsim/619.lbm_s-2677B.json traces/619.lbm_s-2677B.champsimtrace.xz
599	:	1700000000.000	10.000	0	0	0	0	./bin/champsim_goldencove_1c_hbm3 --warmup-instructions 200000000 --ramulator-stats results/1c/hbm3/ramulator/619.lbm_s-3766B.yaml --json results/1c/hbm3/champsim/619.lbm_s-3766B.json traces/619.lbm_s-3766B.champsimtrace.xz
600	:	1700000000.000	10.000	0	0	0	0	./bin/champsim_goldencove_1c_hbm3 --warmup-instructions 200000000 --ramulator-stats results/1c/hbm3/ramulator/619.lbm_s-4268B.yaml --json results/1c/hbm3/champsim/619.lbm_s-4268B.json traces/619.lbm_s-4268B.champsimtrace.xz
601	:	1700000000.000	10.000	0	0	0	0	./bin/champsim_goldencove_1c_hbm3 --warmup-instructions 200000000 --ramulator-stats results/1c/hbm3/ramulator/620.omnetpp_s-141B.yaml --json results/1c/hbm3/champsim/620.omnetpp_s-141B.json traces/620.omnetpp_s-141B.champsimtrace.xz
602	:	1700000000.000	10.000	0	0	0	0	./bin/champsim_goldencove_1c_hbm3 --warmup-instructions 200000000 --ramulator-stats results/1c/hbm3/ramulator/620.omnetpp_s-874B.yaml --json results/1c/hbm3/champsim/620.omnetpp_s-874B.json traces/620.omnetpp_s-874B.champsimtrace.xz
603	:	1700000000.000	10.000	0	0	0	0	./bin/champsim_goldencove_1c_hbm3 --warmup-instructions 200000000 --ramulator-stats results/1c/hbm3/ramulator/621.wrf_s-575B.yaml --json results/1c/hbm3/champsim/621.wrf_s-575B.json traces/621.wrf_s-575B.champsimtrace.xz
604	:	1700000000.000	10.000	0	0	0	0	./bin/champsim_goldencove_1c_hbm3 --warmup-instructions 200000000 --ramulator-stats results/1c/hbm3/ramulator/621.wrf_s-6673B.yaml --json results/1c/hbm3/champsim/621.wrf_s-6673B.json traces/621.wrf_s-6673B.champsimtrace.xz
605	:	1700000000.000	10.000	0	0	0	0	./bin/champsim_goldencove_1c_hbm3 --warmup-instructions 200000000 --ramulator-stats results/1c/hbm3/ramulator/621.wrf_s-8065B.yaml --json results/1c/hbm3/champsim/621.wrf_s-8065B.json traces/621.wrf_s-8065B.champsimtrace.xz
606	:	1700000000.000	10.000	0	0	0	0	./bin/champsim_goldencove_1c_hbm3 --warmup-instructions 200000000 --ramulator-stats results/1c/hbm3/ramulator/621.wrf_s-8100B.yaml --json results/1c/hbm3/champsim/621.wrf_s-8100B.json traces/621.wrf_s-8100B.champsimtrace.xz
607	:	1700000000.000	10.000	0	0	0	0	./bin/champsim_goldencove_1c_hbm3 --warmup-instructions 200000000 --ramulator-stats results/1c/hbm3/ramulator/623.xalancbmk_s-10B.yaml --json results/1c/hbm3/champsim/623.xalancbmk_s-10B.json traces/623.xalancbmk_s-10B.champsimtrace.xz
608	:	1700000000.000	10.000	0	0	0	0	./bin/champsim_goldencove_1c_hbm3 --warmup-instructions 200000000 --ramulator-stats results/1c/hbm3/ramulator/623.xalancbmk_s-165B.yaml --json results/1c/hbm3/champsim/623.xalancbmk_s-165B.json traces/623.xalancbmk_s-165B.champsimtrace.xz
609	:	1700000000.000	10.000	0	0	0	0	./bin/champsim_goldencove_1c_hbm3 --warmup-instructions 200000000 --ramulator-stats results/1c/hbm3/ramulator/623.xalancbmk_s-202B.yaml --json results/1c/hbm3/champsim/623.xalancbmk_s-202B.json traces/623.xalancbmk_s-202B.champsimtrace.xz
610	:	1700000000.000	10.000	0	0	0	0	./bin/champsim_goldencove_1c_hbm3 --warmup-instructions 200000000 --ramulator-stats results/1c/hbm3/ramulator/623.xalancbmk_s-325B.yaml --json results/1c/hbm3/champsim/623.xalancbmk_s-325B.json traces/623.xalancbmk_s-325B.champsimtrace.xz
611	:	1700000000.000	10.000	0	0	0	0	./bin/champsim_goldencove_1c_hbm3 --warmup-instructions 200000000 --ramulator-stats results/1c/hbm3/ramulator/623.xalancbmk_s-592B.yaml --json results/1c/hbm3/champsim/623.xalancbmk_s-592B.json traces/623.xalancbmk_s-592B.champsimtrace.xz
612	:	1700000000.000	10.000	0	0	0	0	./bin/champsim_goldencove_1c_hbm3 --warmup-instructions 200000000 --ramulator-stats results/1c/hbm3/ramulator/623.xalancbmk_s-700B.yaml --json results/1c/hbm3/champsim/623.xalancbmk_s-700B.json traces/623.xalancbmk_s-700B.champsimtrace.xz
613	:	1700000000.000	10.000	0	0	0	0	./bin/champsim_goldencove_1c_hbm3 --warmup-instructions 200000000 --ramulator-stats results/1c/hbm3/ramulator/625.x264_s-12B.yaml --json results/1c/hbm3/champsim/625.x264_s-12B.json traces/625.x264_s-12B.champsimtrace.xz
614	:	1700000000.000	10.000	0	0	0	0	./bin/champsim_goldencove_1c_hbm3 --warmup-instructions 200000000 --ramulator-stats results/1c/hbm3/ramulator/625.x264_s-18B.yaml --json results/1c/hbm3/champsim/625.x264_s-18B.json traces/625.x264_s-18B.champsimtrace.xz
615	:	1700000000.000	10.000	0	0	0	0	./bin/champsim_goldencove_1c_hbm3 --warmup-instructions 200000000 --ramulator-stats results/1c/hbm3/ramulator/625.x264_s-20B.yaml --json results/1c/hbm3/champsim/625.x264_s-20B.json traces/625.x264_s-20B.champsimtrace.xz
616	:	1700000000.000	10.000	0	0	0	0	./bin/champsim_goldencove_1c_hbm3 --warmup-instructions 200000000 --ramulator-stats results/1c/hbm3/ramulator/625.x264_s-33B.yaml --json results/1c/hbm3/champsim/625.x264_s-33B.json traces/625.x264_s-33B.champsimtrace.xz
617	:	1700000000.000	10.000	0	0	0	0	./bin/champsim_goldencove_1c_hbm3 --warmup-instructions 200000000 --ramulator-stats results/1c/hbm3/ramulator/625.x264_s-39B.yaml --json results/1c/hbm3/champsim/625.x264_s-39B.json traces/625.x264_s-39B.champsimtrace.xz
618	:	1700000000.000	10.000	0	0	0	0	./bin/champsim_goldencove_1c_hbm3 --warmup-instructions 200000000 --ramulator-stats results/1c/hbm3/ramulator/627.cam4_s-490B.yaml --json results/1c/hbm3/champsim/627.cam4_s-490B.json traces/627.cam4_s-490B.champsimtrace.xz
619	:	1700000000.000	10.000	0	0	0	0	./bin/champsim_goldencove_1c_hbm3 --warmup-instructions 200000000 --ramulator-stats results/1c/hbm3/ramulator/627.cam4_s-573B.yaml --json results/1c/hbm3/champsim/627.cam4_s-573B.json traces/627.cam4_s-573B.champsimtrace.xz
620	:	1700000000.000	10.000	0	0	0	0	./bin/champsim_goldencove_1c_hbm3 --warmup-instructions 200000000 --ramulator-stats results/1c/hbm3/ramulator/628.pop2_s-17B.yaml --json results/1c/hbm3/champsim/628.pop2_s-17B.json traces/628.pop2_s-17B.champsimtrace.xz
621	:	1700000000.000	10.000	0	0	0	0	./bin/champsim_goldencove_1c_hbm3 --warmup-instructions 200000000 --ramulator-stats results/1c/hbm3/ramulator/631.deepsjeng_s-928B.yaml --json results/1c/hbm3/champsim/631.deepsjeng_s-928B.json traces/631.deepsjeng_s-928B.champsimtrace.xz
622	:	1700000000.000	10.000	0	0	0	0	./bin/champsim_goldencove_1c_hbm3 --warmup-instructions 200000000 --ramulator-stats results/1c/hbm3/ramulator/638.imagick_s-10316B.yaml --json results/1c/hbm3/champsim/638.imagick_s-10316B.json traces/638.imagick_s-10316B.champsimtrace.xz
623	:	1700000000.000	10.000	0	0	0	0	./bin/champsim_goldencove_1c_hbm3 --warmup-instructions 200000000 --ramulator-stats results/1c/hbm3/ramulator/638.imagick_s-4128B.yaml --json results/1c/hbm3/champsim/638.imagick_s-4128B.json traces/638.imagick_s-4128B.champsimtrace.xz
624	:	1700000000.000	10.000	0	0	0	0	./bin/champsim_goldencove_1c_hbm3 --warmup-instructions 200000000 --ramulator-stats results/1c/hbm3/ramulator/638.imagick_s-824B.yaml --json results/1c/hbm3/champsim/638.imagick_s-824B.json traces/638.imagick_s-824B.champsimtrace.xz
625	:	1700000000.000	10.000	0	0	0	0	./bin/champsim_goldencove_1c_hbm3 --warmup-instructions 200000000 --ramulator-stats results/1c/hbm3/ramulator/641.leela_s-1052B.yaml --json results/1c/hbm3/champsim/641.leela_s-1052B.json traces/641.leela_s-1052B.champsimtrace.xz
626	:	1700000000.000	10.000	0	0	0	0	./bin/champsim_goldencove_1c_hbm3 --warmup-instructions 200000000 --ramulator-stats results/1c/hbm3/ramulator/641.leela_s-1083B.yaml --json results/1c/hbm3/champsim/641.leela_s-1083B.json traces/641.leela_s-1083B.champsimtrace.xz
627	:	1700000000.000	10.000	0	0	0	0	./bin/champsim_goldencove_1c_hbm3 --warmup-instructions 200000000 --ramulator-stats results/1c/hbm3/ramulator/641.leela_s-149B.yaml --json results/1c/hbm3/champsim/641.leela_s-149B.json traces/641.leela_s-149B.champsimtrace.xz
628	:	1700000000.000	10.000	0	0	0	0	./bin/champsim_goldencove_1c_hbm3 --warmup-instructions 200000000 --ramulator-stats results/1c/hbm3/ramulator/641.leela_s-334B.yaml --json results/1c/hbm3/champsim/641.leela_s-334B.json traces/641.leela_s-334B.champsimtrace.xz
629	:	1700000000.000	10.000	0	0	0	0	./bin/champsim_goldencove_1c_hbm3 --warmup-instructions 200000000 --ramulator-stats results/1c/hbm3/ramulator/641.leela_s-602B.yaml --json results/1c/hbm3/champsim/641.leela_s-602B.json traces/641.leela_s-602B.champsimtrace.xz
630	:	1700000000.000	10.000	0	0	0	0	./bin/champsim_goldencove_1c_hbm3 --warmup-instructions 200000000 --ramulator-stats results/1c/hbm3/ramulator/641.leela_s-800B.yaml --json results/1c/hbm3/champsim/641.leela_s-800B.json traces/641.leela_s-800B.champsimtrace.xz
631	:	1700000000.000	10.000	0	0	0	0	./bin/champsim_goldencove_1c_hbm3 --warmup-instructions 200000000 --ramulator-stats results/1c/hbm3/ramulator/641.leela_s-862B.yaml --json results/1c/hbm3/champsim/641.leela_s-862B.json traces/641.leela_s-862B.champsimtrace.xz
632	:	1700000000.000	10.000	0	0	0	0	./bin/champsim_goldencove_1c_hbm3 --warmup-instructions 200000000 --ramulator-stats results/1c/hbm3/ramulator/644.nab_s-12459B.yaml --json results/1c/hbm3/champsim/644.nab_s-12459B.json traces/644.nab_s-12459B.champsimtrace.xz
633	:	1700000000.000	10.000	0	0	0	0	./bin/champsim_goldencove_1c_hbm3 --warmup-instructions 200000000 --ramulator-stats results/1c/hbm3/ramulator/644.nab_s-12521B.yaml --json results/1c/hbm3/champsim/644.nab_s-12521B.json traces/644.nab_s-12521B.champsimtrace.xz
634	:	1700000000.000	10.000	0	0	0	0	./bin/champsim_goldencove_1c_hbm3 --warmup-instructions 200000000 --ramulator-stats results/1c/hbm3/ramulator/644.nab_s-5853B.yaml --json results/1c/hbm3/champsim/644.nab_s-5853B.json traces/644.nab_s-5853B.champsimtrace.xz
635	:	1700000000.000	10.000	0	0	0	0	./bin/champsim_goldencove_1c_hbm3 --warmup-instructions 200000000 --ramulator-stats results/1c/hbm3/ramulator/644.nab_s-7928B.yaml --json results/1c/hbm3/champsim/644.nab_s-7928B.json traces/644.nab_s-7928B.champsimtrace.xz
636	:	1700000000.000	10.000	0	0	0	0	./bin/champsim_goldencove_1c_hbm3 --warmup-instructions 200000000 --ramulator-stats results/1c/hbm3/ramulator/644.nab_s-9322B.yaml --json results/1c/hbm3/champsim/644.nab_s-9322B.json traces/644.nab_s-9322B.champsimtrace.xz
637	:	1700000000.000	10.000	0	0	0	0	./bin/champsim_goldencove_1c_hbm3 --warmup-instructions 200000000 --ramulator-stats results/1c/hbm3/ramulator/648.exchange2_s-1227B.yaml --json results/1c/hbm3/champsim/648.exchange2_s-1227B.json traces/648.exchange2_s-1227B.champsimtrace.xz
638	:	1700000000.000	10.000	0	0	0	0	./bin/champsim_goldencove_1c_hbm3 --warmup-instructions 200000000 --ramulator-stats results/1c/hbm3/ramulator/648.exchange2_s-1247B.yaml --json results/1c/hbm3/champsim/648.exchange2_s-1247B.json traces/648.exchange2_s-1247B.champsimtrace.xz
639	:	1700000000.000	10.000	0	0	0	0	./bin/champsim_goldencove_1c_hbm3 --warmup-instructions 200000000 --ramulator-stats results/1c/hbm3/ramulator/648.exchange2_s-1511B.yaml --json results/1c/hbm3/champsim/648.exchange2_s-1511B.json traces/648.exchange2_s-1511B.champsimtrace.xz
640	:	1700000000.000	10.000	0	0	0	0	./bin/champsim_goldencove_1c_hbm3 --warmup-instructions 200000000 --ramulator-stats results/1c/hbm3/ramulator/648.exchange2_s-1699B.yaml --json results/1c/hbm3/champsim/648.exchange2_s-1699B.json traces/648.exchange2_s-1699B.champsimtrace.xz
641	:	1700000000.000	10.000	0	0	0	0	./bin/champsim_goldencove_1c_hbm3 --warmup-instructions 200000000 --ramulator-stats results/1c/hbm3/ramulator/648.exchange2_s-1712B.yaml --json results/1c/hbm3/champsim/648.exchange2_s-1712B.json traces/648.exchange2_s-1712B.champsimtrace.xz
642	:	1700000000.000	10.000	0	0	0	0	./bin/champsim_goldencove_1c_hbm3 --warmup-instructions 200000000 --ramulator-stats results/1c/hbm3/ramulator/648.exchange2_s-210B.yaml --json results/1c/hbm3/champsim/648.exchange2_s-210B.json traces/648.exchange2_s-210B.champsimtrace.xz
643	:	1700000000.000	10.000	0	0	0	0	./bin/champsim_goldencove_1c_hbm3 --warmup-instructions 200000000 --ramulator-stats results/1c/hbm3/ramulator/648.exchange2_s-353B.yaml --json results/1c/hbm3/champsim/648.exchange2_s-353B.json traces/648.exchange2_s-353B.champsimtrace.xz
644	:	1700000000.000	10.000	0	0	0	0	./bin/champsim_goldencove_1c_hbm3 --warmup-instructions 200000000 --ramulator-stats results/1c/hbm3/ramulator/648.exchange2_s-387B.yaml --json results/1c/hbm3/champsim/648.exchange2_s-387B.json traces/648.exchange2_s-387B.champsimtrace.xz
645	:	1700000000.000	10.000	0	0	0	0	./bin/champsim_goldencove_1c_hbm3 --warmup-instructions 200000000 --ramulator-stats results/1c/hbm3/ramulator/648.exchange2_s-584B.yaml --json results/1c/hbm3/champsim/648.exchange2_s-584B.json traces/648.exchange2_s-584B.champsimtrace.xz
646	:	1700000000.000	10.000	0	0	0	0	./bin/champsim_goldencove_1c_hbm3 --warmup-instructions 200000000 --ramulator-stats results/1c/hbm3/ramulator/648.exchange2_s-72B.yaml --json results/1c/hbm3/champsim/648.exchange2_s-72B.json traces/648.exchange2_s-72B.champsimtrace.xz
647	:	1700000000.000	10.000	0	0	0	0	./bin/champsim_goldencove_1c_hbm3 --warmup-instructions 200000000 --ramulator-stats results/1c/hbm3/ramulator/649.fotonik3d_s-10881B.yaml --json results/1c/hbm3/champsim/649.fotonik3d_s-10881B.json traces/649.fotonik3d_s-10881B.champsimtrace.xz
648	:	1700000000.000	10.000	0	0	0	0	./bin/champsim_goldencove_1c_hbm3 --warmup-instructions 200000000 --ramulator-stats results/1c/hbm3/ramulator/649.fotonik3d_s-1176B.yaml --json results/1c/hbm3/champsim/649.fotonik3d_s-1176B.json traces/649.fotonik3d_s-1176B.champsimtrace.xz
649	:	1700000000.000	10.000	0	0	0	0	./bin/champsim_goldencove_1c_hbm3 --warmup-instructions 200000000 --ramulator-stats results/1c/hbm3/ramulator/649.fotonik3d_s-1B.yaml --json results/1c/hbm3/champsim/649.fotonik3d_s-1B.json traces/649.fotonik3d_s-1B.champsimtrace.xz
650	:	1700000000.000	10.000	0	0	0	0	./bin/champsim_goldencove_1c_hbm3 --warmup-instructions 200000000 --ramulator-stats results/1c/hbm3/ramulator/649.fotonik3d_s-7084B.yaml --json results/1c/hbm3/champsim/649.fotonik3d_s-7084B.json traces/649.fotonik3d_s-7084B.champsimtrace.xz
651	:	1700000000.000	10.000	0	0	0	0	./bin/champsim_goldencove_1c_hbm3 --warmup-instructions 200000000 --ramulator-stats results/1c/hbm3/ramulator/649.fotonik3d_s-8225B.yaml --json results/1c/hbm3/champsim/649.fotonik3d_s-8225B.json traces/649.fotonik3d_s-8225B.champsimtrace.xz
652	:	1700000000.000	10.000	0	0	0	0	./bin/champsim_goldencove_1c_hbm3 --warmup-instructions 200000000 --ramulator-stats results/1c/hbm3/ramulator/654.roms_s-1007B.yaml --json results/1c/hbm3/champsim/654.roms_s-1007B.json traces/654.roms_s-1007B.champsimtrace.xz
653	:	1700000000.000	10.000	0	0	0	0	./bin/champsim_goldencove_1c_hbm3 --warmup-instructions 200000000 --ramulator-stats results/1c/hbm3/ramulator/654.roms_s-1021B.yaml --json results/1c/hbm3/champsim/654.roms_s-1021B.json traces/654.roms_s-1021B.champsimtrace.xz
654	:	1700000000.000	10.000	0	0	0	0	./bin/champsim_goldencove_1c_hbm3 --warmup-instructions 200000000 --ramulator-stats results/1c/hbm3/ramulator/654.roms_s-1070B.yaml --json results/1c/hbm3/champsim/654.roms_s-1070B.json traces/654.roms_s-1070B.champsimtrace.xz
655	:	1700000000.000	10.000	0	0	0	0	./bin/champsim_goldencove_1c_hbm3 --warmup-instructions 200000000 --ramulator-stats results/1c/hbm3/ramulator/654.roms_s-1390B.yaml --json results/1c/hbm3/champsim/654.roms_s-1390B.json traces/654.roms_s-1390B.champsimtrace.xz
656	:	1700000000.000	10.000	0	0	0	0	./bin/champsim_goldencove_1c_hbm3 --warmup-instructions 200000000 --ramulator-stats results/1c/hbm3/ramulator/654.roms_s-1613B.yaml --json results/1c/hbm3/champsim/654.roms_s-1613B.json traces/654.roms_s-1613B.champsimtrace.xz
657	:	1700000000.000	10.000	0	0	0	0	./bin/champsim_goldencove_1c_hbm3 --warmup-instructions 200000000 --ramulator-stats results/1c/hbm3/ramulator/654.roms_s-293B.yaml --json results/1c/hbm3/champsim/654.roms_s-293B.json traces/654.roms_s-293B.champsimtrace.xz
658	:	1700000000.000	10.000	0	0	0	0	./bin/champsim_goldencove_1c_hbm3 --warmup-instructions 200000000 --ramulator-stats results/1c/hbm3/ramulator/654.roms_s-294B.yaml --json results/1c/hbm3/champsim/654.roms_s-294B.json traces/654.roms_s-294B.champsimtrace.xz
659	:	1700000000.000	10.000	0	0	0	0	./bin/champsim_goldencove_1c_hbm3 --warmup-instructions 200000000 --ramulator-stats results/1c/hbm3/ramulator/654.roms_s-523B.yaml --json results/1c/hbm3/champsim/654.roms_s-523B.json traces/654.roms_s-523B.champsimtrace.xz
660	:	1700000000.000	10.000	0	0	0	0	./bin/champsim_goldencove_1c_hbm3 --warmup-instructions 200000000 --ramulator-stats results/1c/hbm3/ramulator/654.roms_s-842B.yaml --json results/1c/hbm3/champsim/654.roms_s-842B.json traces/654.roms_s-842B.champsimtrace.xz
661	:	1700000000.000	10.000	0	0	0	0	./bin/champsim_goldencove_1c_hbm3 --warmup-instructions 200000000 --ramulator-stats results/1c/hbm3/ramulator/657.xz_s-2302B.yaml --json results/1c/hbm3/champsim/657.xz_s-2302B.json traces/657.xz_s-2302B.champsimtrace.xz
662	:	1700000000.000	10.000	0	0	0	0	./bin/champsim_goldencove_1c_hbm3 --warmup-instructions 200000000 --ramulator-stats results/1c/hbm3/ramulator/657.xz_s-3167B.yaml --json results/1c/hbm3/champsim/657.xz_s-3167B.json traces/657.xz_s-3167B.champsimtrace.xz
663	:	1700000000.000	10.000	0	0	0	0	./bin/champsim_goldencove_1c_hbm3 --warmup-instructions 200000000 --ramulator-stats results/1c/hbm3/ramulator/657.xz_s-4994B.yaml --json results/1c/hbm3/champsim/657.xz_s-4994B.json traces/657.xz_s-4994B.champsimtrace.xz
664	:	1700000000.000	10.000	0	0	0	0	./bin/champsim_goldencove_1c_hbm3 --warmup-instructions 200000000 --ramulator-stats results/1c/hbm3/ramulator/657.xz_s-56B.yaml --json results/1c/hbm3/champsim/657.xz_s-56B.json traces/657.xz_s-56B.champsimtrace.xz
665	:	1700000000.000	10.000	0	0	0	0	./bin/champsim_goldencove_1c_hbm3_llc --warmup-instructions 200000000 --ramulator-stats results/1c/hbm3_llc/ramulator/600.perlbench_s-1273B.yaml --json results/1c/hbm3_llc/champsim/600.perlbench_s-1273B.json traces/600.perlbench_s-1273B.champsimtrace.xz
666	:	1700000000.000	10.000	0	0	0	0	./bin/champsim_goldencove_1c_hbm3_llc --warmup-instructions 200000000 --ramulator-stats results/1c/hbm3_llc/ramulator/600.perlbench_s-210B.yaml --json results/1c/hbm3_llc/champsim/600.perlbench_s-210B.json traces/600.perlbench_s-210B.champsimtrace.xz
667	:	1700000000.000	10.000	0	0	0	0	./bin/champsim_goldencove_1c_hbm3_llc --warmup-instructions 200000000 --ramulator-stats results/1c/hbm3_llc/ramulator/600.perlbench_s-570B.yaml --json results/1c/hbm3_llc/champsim/600.perlbench_s-570B.json traces/600.perlbench_s-570B.champsimtrace.xz
668	:	1700000000.000	10.000	0	0	0	0	./bin/champsim_goldencove_1c_hbm3_llc --warmup-instructions 200000000 --ramulator-stats results/1c/hbm3_llc/ramulator/602.gcc_s-1850B.yaml --json results/1c/hbm3_llc/champsim/602.gcc_s-1850B.json traces/602.gcc_s-1850B.champsimtrace.xz
669	:	1700000000.000	10.000	0	0	0	0	./bin/champsim_goldencove_1c_hbm3_llc --warmup-instructions 200000000 --ramulator-stats results/1c/hbm3_llc/ramulator/602.gcc_s-2375B.yaml --json results/1c/hbm3_llc/champsim/602.gcc_s-2375B.json traces/602.gcc_s-2375B.champsimtrace.xz
670	:	1700000000.000	10.000	0	0	0	0	./bin/champsim_goldencove_1c_hbm3_llc --warmup-instructions 200000000 --ramulator-stats results/1c/hbm3_llc/ramulator/602.gcc_s-734B.yaml --json results/1c/hbm3_llc/champsim/602.gcc_s-734B.json traces/602.gcc_s-734B.champsimtrace.xz
671	:	1700000000.000	10.000	0	0	0	0	./bin/champsim_goldencove_1c_hbm3_llc --warmup-instructions 200000000 --ramulator-stats results/1c/hbm3_llc/ramulator/603.bwaves_s-1080B.yaml --json results/1c/hbm3_llc/champsim/603.bwaves_s-1080B.json traces/603.bwaves_s-1080B.champsimtrace.xz
672	:	1700000000.000	10.000	0	0	0	0	./bin/champsim_goldencove_1c_hbm3_llc --warmup-instructions 200000000 --ramulator-stats results/1c/hbm3_llc/ramulator/603.bwaves_s-1740B.yaml --json results/1c/hbm3_llc/champsim/603.bwaves_s-1740B.json traces/603.bwaves_s-1740B.champsimtrace.xz
673	:	1700000000.000	10.000	0	0	0	0	./bin/champsim_goldencove_1c_hbm3_llc --warmup-instructions 200000000 --ramulator-stats results/1c/hbm3_llc/ramulator/603.bwaves_s-2609B.yaml --json results/1c/hbm3_llc/champsim/603.bwaves_s-2609B.json traces/603.bwaves_s-2609B.champsimtrace.xz
674	:	1700000000.000	10.000	0	0	0	0	./bin/champsim_goldencove_1c_hbm3_llc --warmup-instructions 200000000 --ramulator-stats results/1c/hbm3_llc/ramulator/603.bwaves_s-2931B.yaml --json results/1c/hbm3_llc/champsim/603.bwaves_s-2931B.json traces/603.bwaves_s-2931B.champsimtrace.xz
675	:	1700000000.000	10.000	0	0	0	0	./bin/champsim_goldencove_1c_hbm3_llc --warmup-instructions 200000000 --ramulator-stats results/1c/hbm3_llc/ramulator/603.bwaves_s-3699B.yaml --json results/1c/hbm3_llc/champsim/603.bwaves_s-3699B.json traces/603.bwaves_s-3699B.champsimtrace.xz
676	:	1700000000.000	10.000	0	0	0	0	./bin/champsim_goldencove_1c_hbm3_llc --warmup-instructions 200000000 --ramulator-stats results/1c/hbm3_llc/ramulator/603.bwaves_s-5359B.yaml --json results/1c/hbm3_llc/champsim/603.bwaves_s-5359B.json traces/603.bwaves_s-5359B.champsimtrace.xz
677	:	1700000000.000	10.000	0	0	0	0	./bin/champsim_goldencove_1c_hbm3_llc --warmup-instructions 200000000 --ramulator-stats results/1c/hbm3_llc/ramulator/603.bwaves_s-891B.yaml --json results/1c/hbm3_llc/champsim/603.bwaves_s-891B.json traces/603.bwaves_s-891B.champsimtrace.xz
678	:	1700000000.000	10.000	0	0	0	0	./bin/champsim_goldencove_1c_hbm3_llc --warmup-instructions 200000000 --ramulator-stats results/1c/hbm3_llc/ramulator/607.cactuBSSN_s-2421B.yaml --json results/1c/hbm3_llc/champsim/607.cactuBSSN_s-2421B.json traces/607.cactuBSSN_s-2421B.champsimtrace.xz
679	:	1700000000.000	10.000	0	0	0	0	./bin/champsim_goldencove_1c_hbm3_llc --warmup-instructions 200000000 --ramulator-stats results/1c/hbm3_llc/ramulator/607.cactuBSSN_s-4248B.yaml --json results/1c/hbm3_llc/champsim/607.cactuBSSN_s-4248B.json traces/607.cactuBSSN_s-4248B.champsimtrace.xz
680	:	1700000000.000	10.000	0	0	0	0	./bin/champsim_goldencove_1c_hbm3_llc --warmup-instructions 200000000 --ramulator-stats results/1c/hbm3_llc/ramulator/621.wrf_s-575B.yaml --json results/1c/hbm3_llc/champsim/621.wrf_s-575B.json traces/621.wrf_s-575B.champsimtrace.xz
681	:	1700000000.000	10.000	0	0	0	0	./bin/champsim_goldencove_1c_hbm3_llc --warmup-instructions 200000000 --ramulator-stats results/1c/hbm3_llc/ramulator/621.wrf_s-6673B.yaml --json results/1c/hbm3_llc/champsim/621.wrf_s-6673B.json traces/621.wrf_s-6673B.champsimtrace.xz
682	:	1700000000.000	10.000	0	0	0	0	./bin/champsim_goldencove_1c_hbm3_llc --warmup-instructions 200000000 --ramulator-stats results/1c/hbm3_llc/ramulator/621.wrf_s-8065B.yaml --json results/1c/hbm3_llc/champsim/621.wrf_s-8065B.json traces/621.wrf_s-8065B.champsimtrace.xz
683	:	1700000000.000	10.000	0	0	0	0	./bin/champsim_goldencove_1c_hbm3_llc --warmup-instructions 200000000 --ramulator-stats results/1c/hbm3_llc/ramulator/621.wrf_s-8100B.yaml --json results/1c/hbm3_llc/champsim/621.wrf_s-8100B.json traces/621.wrf_s-8100B.champsimtrace.xz
684	:	1700000000.000	10.000	0	0	0	0	./bin/champsim_goldencove_1c_hbm3_llc --warmup-instructions 200000000 --ramulator-stats results/1c/hbm3_llc/ramulator/623.xalancbmk_s-165B.yaml --json results/1c/hbm3_llc/champsim/623.xalancbmk_s-165B.json traces/623.xalancbmk_s-165B.champsimtrace.xz
685	:	1700000000.000	10.000	0	0	0	0	./bin/champsim_goldencove_8c_hbm1_llc --warmup-instructions 200000000 --ramulator-stats results/8c/hbm1_llc/ramulator/mix.yaml --json results/8c/hbm1_llc/champsim/mix.json traces/649.fotonik3d_s-8225B.champsimtrace.xz traces/649.fotonik3d_s-1176B.champsimtrace.xz traces/602.gcc_s-2226B.champsimtrace.xz traces/602.gcc_s-1850B.champsimtrace.xz traces/605.mcf_s-782B.champsimtrace.xz traces/623.xalancbmk_s-10B.champsimtrace.xz traces/605.mcf_s-1554B.champsimtrace.xz traces/605.mcf_s-1152B.champsimtrace.xz
686	:	1700000000.000	10.000	0	0	0	0	./bin/champsim_goldencove_8c_hbm1_llc --warmup-instructions 200000000 --ramulator-stats results/8c/hbm1_llc/ramulator/random.yaml --json results/8c/hbm1_llc/champsim/random.json traces/657.xz_s-3167B.champsimtrace.xz traces/605.mcf_s-1152B.champsimtrace.xz traces/605.mcf_s-665B.champsimtrace.xz traces/605.mcf_s-472B.champsimtrace.xz traces/641.leela_s-800B.champsimtrace.xz traces/607.cactuBSSN_s-4004B.champsimtrace.xz traces/648.exchange2_s-1227B.champsimtrace.xz traces/600.perlbench_s-1273B.champsimtrace.xz
687	:	1700000000.000	10.000	0	0	0	0	./bin/champsim_goldencove_8c_hbm2 --warmup-instructions 200000000 --ramulator-stats results/8c/hbm2/ramulator/random.yaml --json results/8c/hbm2/champsim/random.json traces/657.xz_s-3167B.champsimtrace.xz traces/605.mcf_s-1152B.champsimtrace.xz traces/605.mcf_s-665B.champsimtrace.xz traces/605.mcf_s-472B.champsimtrace.xz traces/641.leela_s-800B.champsimtrace.xz traces/607.cactuBSSN_s-4004B.champsimtrace.xz traces/648.exchange2_s-1227B.champsimtrace.xz traces/600.perlbench_s-1273B.champsimtrace.xz
688	:	1700000000.000	10.000	0	0	0	0	./bin/champsim_goldencove_8c_hbm2_llc --warmup-instructions 200000000 --ramulator-stats results/8c/hbm2_llc/ramulator/llc-compatible.yaml --json results/8c/hbm2_llc/champsim/llc-compatible.json traces/623.xalancbmk_s-10B.champsimtrace.xz traces/605.mcf_s-1554B.champsimtrace.xz traces/605.mcf_s-1536B.champsimtrace.xz traces/605.mcf_s-782B.champsimtrace.xz traces/605.mcf_s-1152B.champsimtrace.xz traces/620.omnetpp_s-141B.champsimtrace.xz traces/620.omnetpp_s-874B.champsimtrace.xz traces/605.mcf_s-665B.champsimtrace.xz
689	:	1700000000.000	10.000	0	0	0	0	./bin/champsim_goldencove_8c_hbm2_llc --warmup-instructions 200000000 --ramulator-stats results/8c/hbm2_llc/ramulator/mix.yaml --json results/8c/hbm2_llc/champsim/mix.json traces/649.fotonik3d_s-8225B.champsimtrace.xz traces/649.fotonik3d_s-1176B.champsimtrace.xz traces/602.gcc_s-2226B.champsimtrace.xz traces/602.gcc_s-1850B.champsimtrace.xz traces/605.mcf_s-782B.champsimtrace.xz traces/623.xalancbmk_s-10B.champsimtrace.xz traces/605.mcf_s-1554B.champsimtrace.xz traces/605.mcf_s-1152B.champsimtrace.xz
690	:	1700000000.000	10.000	0	0	0	0	./bin/champsim_goldencove_8c_hbm2_llc --warmup-instructions 200000000 --ramulator-stats results/8c/hbm2_llc/ramulator/random.yaml --json results/8c/hbm2_llc/champsim/random.json traces/657.xz_s-3167B.champsimtrace.xz traces/605.mcf_s-1152B.champsimtrace.xz traces/605.mcf_s-665B.champsimtrace.xz traces/605.mcf_s-472B.champsimtrace.xz traces/641.leela_s-800B.champsimtrace.xz traces/607.cactuBSSN_s-4004B.champsimtrace.xz traces/648.exchange2_s-1227B.champsimtrace.xz traces/600.perlbench_s-1273B.champsimtrace.xz
693	:	1789395177.114	  4748.743	0	34145	0	0	./bin/champsim_goldencove_1c_hbm3 --warmup-instructions 200000000 --ramulator-stats results/1c/hbm3/ramulator/657.xz_s-56B.yaml --json results/1c/hbm3/champsim/657.xz_s-56B.json traces/657.xz_s-56B.champsimtrace.xz
710	:	1789395177.145	  5791.266	0	34910	0	0	./bin/champsim_goldencove_1c_hbm3_llc --warmup-instructions 200000000 --ramulator-stats results/1c/hbm3_llc/ramulator/603.bwaves_s-5359B.yaml --json results/1c/hbm3_llc/champsim/603.bwaves_s-5359B.json traces/603.bwaves_s-5359B.champsimtrace.xz
724	:	1789395177.179	  5832.376	0	34829	0	0	./bin/champsim_goldencove_1c_hbm3_llc --warmup-instructions 200000000 --ramulator-stats results/1c/hbm3_llc/ramulator/607.cactuBSSN_s-4248B.yaml --json results/1c/hbm3_llc/champsim/607.cactuBSSN_s-4248B.json traces/607.cactuBSSN_s-4248B.champsimtrace.xz
692	:	1789395177.112	  5923.857	0	34236	0	0	./bin/champsim_goldencove_1c_hbm3 --warmup-instructions 200000000 --ramulator-stats results/1c/hbm3/ramulator/657.xz_s-4994B.yaml --json results/1c/hbm3/champsim/657.xz_s-4994B.json traces/657.xz_s-4994B.champsimtrace.xz
709	:	1789395177.143	  5946.933	0	34890	0	0	./bin/champsim_goldencove_1c_hbm3_llc --warmup-instructions 200000000 --ramulator-stats results/1c/hbm3_llc/ramulator/603.bwaves_s-3699B.yaml --json results/1c/hbm3_llc/champsim/603.bwaves_s-3699B.json traces/603.bwaves_s-3699B.champsimtrace.xz
705	:	1789395177.135	  6285.431	0	34888	0	0	./bin/champsim_goldencove_1c_hbm3_llc --warmup-instructions 200000000 --ramulator-stats results/1c/hbm3_llc/ramulator/603.bwaves_s-1080B.yaml --json results/1c/hbm3_llc/champsim/603.bwaves_s-1080B.json traces/603.bwaves_s-1080B.champsimtrace.xz
691	:	1789395177.110	  7190.548	0	34278	0	0	./bin/champsim_goldencove_1c_hbm3 --warmup-instructions 200000000 --ramulator-stats results/1c/hbm3/ramulator/657.xz_s-3167B.yaml --json results/1c/hbm3/champsim/657.xz_s-3167B.json traces/657.xz_s-3167B.champsimtrace.xz
704	:	1789395177.133	  7854.791	0	34946	0	0	./bin/champsim_goldencove_1c_hbm3_llc --warmup-instructions 200000000 --ramulator-stats results/1c/hbm3_llc/ramulator/602.gcc_s-734B.yaml --json results/1c/hbm3_llc/champsim/602.gcc_s-734B.json traces/602.gcc_s-734B.champsimtrace.xz
732	:	1789395177.205	  8383.077	0	35035	0	0	./bin/champsim_goldencove_1c_hbm3_llc --warmup-instructions 200000000 --ramulator-stats results/1c/hbm3_llc/ramulator/621.wrf_s-6673B.yaml --json results/1c/hbm3_llc/champsim/621.wrf_s-6673B.json traces/621.wrf_s-6673B.champsimtrace.xz
734	:	1789395177.212	  8405.307	0	35045	0	0	./bin/champsim_goldencove_1c_hbm3_llc --warmup-instructions 200000000 --ramulator-stats results/1c/hbm3_llc/ramulator/621.wrf_s-8100B.yaml --json results/1c/hbm3_llc/champsim/621.wrf_s-8100B.json traces/621.wrf_s-8100B.champsimtrace.xz
733	:	1789395177.208	  8456.509	0	35016	0	0	./bin/champsim_goldencove_1c_hbm3_llc --warmup-instructions 200000000 --ramulator-stats results/1c/hbm3_llc/ramulator/621.wrf_s-8065B.yaml --json results/1c/hbm3_llc/champsim/621.wrf_s-8065B.json traces/621.wrf_s-8065B.champsimtrace.xz
698	:	1789395177.123	  8491.134	0	34991	0	0	./bin/champsim_goldencove_1c_hbm3_llc --warmup-instructions 200000000 --ramulator-stats results/1c/hbm3_llc/ramulator/600.perlbench_s-1273B.yaml --json results/1c/hbm3_llc/champsim/600.perlbench_s-1273B.json traces/600.perlbench_s-1273B.champsimtrace.xz
736	:	1789395177.218	  8494.736	0	34971	0	0	./bin/champsim_goldencove_1c_hbm3_llc --warmup-instructions 200000000 --ramulator-stats results/1c/hbm3_llc/ramulator/623.xalancbmk_s-165B.yaml --json results/1c/hbm3_llc/champsim/623.xalancbmk_s-165B.json traces/623.xalancbmk_s-165B.champsimtrace.xz
699	:	1789395177.124	  8511.605	0	35033	0	0	./bin/champsim_goldencove_1c_hbm3_llc --warmup-instructions 200000000 --ramulator-stats results/1c/hbm3_llc/ramulator/600.perlbench_s-210B.yaml --json results/1c/hbm3_llc/champsim/600.perlbench_s-210B.json traces/600.perlbench_s-210B.champsimtrace.xz
731	:	1789395177.201	  8545.440	0	34990	0	0	./bin/champsim_goldencove_1c_hbm3_llc --warmup-instructions 200000000 --ramulator-stats results/1c/hbm3_llc/ramulator/621.wrf_s-575B.yaml --json results/1c/hbm3_llc/champsim/621.wrf_s-575B.json traces/621.wrf_s-575B.champsimtrace.xz
703	:	1789395177.131	  8573.024	0	35130	0	0	./bin/champsim_goldencove_1c_hbm3_llc --warmup-instructions 200000000 --ramulator-stats results/1c/hbm3_llc/ramulator/602.gcc_s-2375B.yaml --json results/1c/hbm3_llc/champsim/602.gcc_s-2375B.json traces/602.gcc_s-2375B.champsimtrace.xz
737	:	1789395177.222	  8600.324	0	34980	0	0	./bin/champsim_goldencove_1c_hbm3_llc --warmup-instructions 200000000 --ramulator-stats results/1c/hbm3_llc/ramulator/623.xalancbmk_s-202B.yaml --json results/1c/hbm3_llc/champsim/623.xalancbmk_s-202B.json traces/623.xalancbmk_s-202B.champsimtrace.xz
700	:	1789395177.126	  8645.736	0	34998	0	0	./bin/champsim_goldencove_1c_hbm3_llc --warmup-instructions 200000000 --ramulator-stats results/1c/hbm3_llc/ramulator/600.perlbench_s-570B.yaml --json results/1c/hbm3_llc/champsim/600.perlbench_s-570B.json traces/600.perlbench_s-570B.champsimtrace.xz
738	:	1789395177.225	  9256.763	0	35104	0	0	./bin/champsim_goldencove_1c_hbm3_llc --warmup-instructions 200000000 --ramulator-stats results/1c/hbm3_llc/ramulator/623.xalancbmk_s-325B.yaml --json results/1c/hbm3_llc/champsim/623.xalancbmk_s-325B.json traces/623.xalancbmk_s-325B.champsimtrace.xz
708	:	1789395177.141	 10315.631	0	35016	0	0	./bin/champsim_goldencove_1c_hbm3_llc --warmup-instructions 200000000 --ramulator-stats results/1c/hbm3_llc/ramulator/603.bwaves_s-2931B.yaml --json results/1c/hbm3_llc/champsim/603.bwaves_s-2931B.json traces/603.bwaves_s-2931B.champsimtrace.xz
721	:	1789395177.171	 10809.088	0	35018	0	0	./bin/champsim_goldencove_1c_hbm3_llc --warmup-instructions 200000000 --ramulator-stats results/1c/hbm3_llc/ramulator/607.cactuBSSN_s-2421B.yaml --json results/1c/hbm3_llc/champsim/607.cactuBSSN_s-2421B.json traces/607.cactuBSSN_s-2421B.champsimtrace.xz
723	:	1789395177.176	 11363.024	0	35037	0	0	./bin/champsim_goldencove_1c_hbm3_llc --warmup-instructions 200000000 --ramulator-stats results/1c/hbm3_llc/ramulator/607.cactuBSSN_s-4004B.yaml --json results/1c/hbm3_llc/champsim/607.cactuBSSN_s-4004B.json traces/607.cactuBSSN_s-4004B.champsimtrace.xz
722	:	1789395177.174	 11404.125	0	35093	0	0	./bin/champsim_goldencove_1c_hbm3_llc --warmup-instructions 200000000 --ramulator-stats results/1c/hbm3_llc/ramulator/607.cactuBSSN_s-3477B.yaml --json results/1c/hbm3_llc/champsim/607.cactuBSSN_s-3477B.json traces/607.cactuBSSN_s-3477B.champsimtrace.xz
711	:	1789395177.147	 11633.596	0	35370	0	0	./bin/champsim_goldencove_1c_hbm3_llc --warmup-instructions 200000000 --ramulator-stats results/1c/hbm3_llc/ramulator/603.bwaves_s-891B.yaml --json results/1c/hbm3_llc/champsim/603.bwaves_s-891B.json traces/603.bwaves_s-891B.champsimtrace.xz
735	:	1789395177.215	 11724.621	0	35385	0	0	./bin/champsim_goldencove_1c_hbm3_llc --warmup-instructions 200000000 --ramulator-stats results/1c/hbm3_llc/ramulator/623.xalancbmk_s-10B.yaml --json results/1c/hbm3_llc/champsim/623.xalancbmk_s-10B.json traces/623.xalancbmk_s-10B.champsimtrace.xz
706	:	1789395177.137	 12237.154	0	35388	0	0	./bin/champsim_goldencove_1c_hbm3_llc --warmup-instructions 200000000 --ramulator-stats results/1c/hbm3_llc/ramulator/603.bwaves_s-1740B.yaml --json results/1c/hbm3_llc/champsim/603.bwaves_s-1740B.json traces/603.bwaves_s-1740B.champsimtrace.xz
701	:	1789395177.127	 12310.846	0	35387	0	0	./bin/champsim_goldencove_1c_hbm3_llc --warmup-instructions 200000000 --ramulator-stats results/1c/hbm3_llc/ramulator/602.gcc_s-1850B.yaml --json results/1c/hbm3_llc/champsim/602.gcc_s-1850B.json traces/602.gcc_s-1850B.champsimtrace.xz
707	:	1789395177.139	 12357.884	0	35369	0	0	./bin/champsim_goldencove_1c_hbm3_llc --warmup-instructions 200000000 --ramulator-stats results/1c/hbm3_llc/ramulator/603.bwaves_s-2609B.yaml --json results/1c/hbm3_llc/champsim/603.bwaves_s-2609B.json traces/603.bwaves_s-2609B.champsimtrace.xz
730	:	1789395177.199	 12515.134	0	35396	0	0	./bin/champsim_goldencove_1c_hbm3_llc --warmup-instructions 200000000 --ramulator-stats results/1c/hbm3_llc/ramulator/620.omnetpp_s-874B.yaml --json results/1c/hbm3_llc/champsim/620.omnetpp_s-874B.json traces/620.omnetpp_s-874B.champsimtrace.xz
729	:	1789395177.196	 12646.921	0	35383	0	0	./bin/champsim_goldencove_1c_hbm3_llc --warmup-instructions 200000000 --ramulator-stats results/1c/hbm3_llc/ramulator/620.omnetpp_s-141B.yaml --json results/1c/hbm3_llc/champsim/620.omnetpp_s-141B.json traces/620.omnetpp_s-141B.champsimtrace.xz
741	:	1789401009.562	  7029.473	0	34940	0	0	./bin/champsim_goldencove_1c_hbm3_llc --warmup-instructions 200000000 --ramulator-stats results/1c/hbm3_llc/ramulator/625.x264_s-12B.yaml --json results/1c/hbm3_llc/champsim/625.x264_s-12B.json traces/625.x264_s-12B.champsimtrace.xz
750	:	1789403668.262	  4401.448	0	34636	0	0	./bin/champsim_goldencove_1c_hbm3_llc --warmup-instructions 200000000 --ramulator-stats results/1c/hbm3_llc/ramulator/638.imagick_s-10316B.yaml --json results/1c/hbm3_llc/champsim/638.imagick_s-10316B.json traces/638.imagick_s-10316B.champsimtrace.xz
742	:	1789401100.974	  6969.937	0	34953	0	0	./bin/champsim_goldencove_1c_hbm3_llc --warmup-instructions 200000000 --ramulator-stats results/1c/hbm3_llc/ramulator/625.x264_s-18B.yaml --json results/1c/hbm3_llc/champsim/625.x264_s-18B.json traces/625.x264_s-18B.champsimtrace.xz
743	:	1789401124.080	  6950.506	0	34959	0	0	./bin/champsim_goldencove_1c_hbm3_llc --warmup-instructions 200000000 --ramulator-stats results/1c/hbm3_llc/ramulator/625.x264_s-20B.yaml --json results/1c/hbm3_llc/champsim/625.x264_s-20B.json traces/625.x264_s-20B.champsimtrace.xz
725	:	1789395177.182	 13035.623	0	35378	0	0	./bin/champsim_goldencove_1c_hbm3_llc --warmup-instructions 200000000 --ramulator-stats results/1c/hbm3_llc/ramulator/619.lbm_s-2676B.yaml --json results/1c/hbm3_llc/champsim/619.lbm_s-2676B.json traces/619.lbm_s-2676B.champsimtrace.xz
728	:	1789395177.192	 13131.391	0	35375	0	0	./bin/champsim_goldencove_1c_hbm3_llc --warmup-instructions 200000000 --ramulator-stats results/1c/hbm3_llc/ramulator/619.lbm_s-4268B.yaml --json results/1c/hbm3_llc/champsim/619.lbm_s-4268B.json traces/619.lbm_s-4268B.champsimtrace.xz
718	:	1789395177.162	 13179.519	0	35382	0	0	./bin/champsim_goldencove_1c_hbm3_llc --warmup-instructions 200000000 --ramulator-stats results/1c/hbm3_llc/ramulator/605.mcf_s-665B.yaml --json results/1c/hbm3_llc/champsim/605.mcf_s-665B.json traces/605.mcf_s-665B.champsimtrace.xz
744	:	1789401462.571	  6922.347	0	34940	0	0	./bin/champsim_goldencove_1c_hbm3_llc --warmup-instructions 200000000 --ramulator-stats results/1c/hbm3_llc/ramulator/625.x264_s-33B.yaml --json results/1c/hbm3_llc/champsim/625.x264_s-33B.json traces/625.x264_s-33B.champsimtrace.xz
726	:	1789395177.186	 13577.653	0	35371	0	0	./bin/champsim_goldencove_1c_hbm3_llc --warmup-instructions 200000000 --ramulator-stats results/1c/hbm3_llc/ramulator/619.lbm_s-2677B.yaml --json results/1c/hbm3_llc/champsim/619.lbm_s-2677B.json traces/619.lbm_s-2677B.champsimtrace.xz
745	:	1789402367.664	  6830.105	0	34938	0	0	./bin/champsim_goldencove_1c_hbm3_llc --warmup-instructions 200000000 --ramulator-stats results/1c/hbm3_llc/ramulator/625.x264_s-39B.yaml --json results/1c/hbm3_llc/champsim/625.x264_s-39B.json traces/625.x264_s-39B.champsimtrace.xz
739	:	1789399925.864	  9529.758	0	35088	0	0	./bin/champsim_goldencove_1c_hbm3_llc --warmup-instructions 200000000 --ramulator-stats results/1c/hbm3_llc/ramulator/623.xalancbmk_s-592B.yaml --json results/1c/hbm3_llc/champsim/623.xalancbmk_s-592B.json traces/623.xalancbmk_s-592B.champsimtrace.xz
727	:	1789395177.189	 14339.399	0	35355	0	0	./bin/champsim_goldencove_1c_hbm3_llc --warmup-instructions 200000000 --ramulator-stats results/1c/hbm3_llc/ramulator/619.lbm_s-3766B.yaml --json results/1c/hbm3_llc/champsim/619.lbm_s-3766B.json traces/619.lbm_s-3766B.champsimtrace.xz
715	:	1789395177.155	 14405.362	0	35504	0	0	./bin/champsim_goldencove_1c_hbm3_llc --warmup-instructions 200000000 --ramulator-stats results/1c/hbm3_llc/ramulator/605.mcf_s-1644B.yaml --json results/1c/hbm3_llc/champsim/605.mcf_s-1644B.json traces/605.mcf_s-1644B.champsimtrace.xz
747	:	1789403560.288	  6544.283	0	34923	0	0	./bin/champsim_goldencove_1c_hbm3_llc --warmup-instructions 200000000 --ramulator-stats results/1c/hbm3_llc/ramulator/627.cam4_s-573B.yaml --json results/1c/hbm3_llc/champsim/627.cam4_s-573B.json traces/627.cam4_s-573B.champsimtrace.xz
720	:	1789395177.168	 14960.664	0	35401	0	0	./bin/champsim_goldencove_1c_hbm3_llc --warmup-instructions 200000000 --ramulator-stats results/1c/hbm3_llc/ramulator/605.mcf_s-994B.yaml --json results/1c/hbm3_llc/champsim/605.mcf_s-994B.json traces/605.mcf_s-994B.champsimtrace.xz
751	:	1789403671.961	  7045.394	0	34997	0	0	./bin/champsim_goldencove_1c_hbm3_llc --warmup-instructions 200000000 --ramulator-stats results/1c/hbm3_llc/ramulator/638.imagick_s-4128B.yaml --json results/1c/hbm3_llc/champsim/638.imagick_s-4128B.json traces/638.imagick_s-4128B.champsimtrace.xz
740	:	1789400968.417	  9951.322	0	35271	0	0	./bin/champsim_goldencove_1c_hbm3_llc --warmup-instructions 200000000 --ramulator-stats results/1c/hbm3_llc/ramulator/623.xalancbmk_s-700B.yaml --json results/1c/hbm3_llc/champsim/623.xalancbmk_s-700B.json traces/623.xalancbmk_s-700B.champsimtrace.xz
748	:	1789403582.524	  7414.648	0	34974	0	0	./bin/champsim_goldencove_1c_hbm3_llc --warmup-instructions 200000000 --ramulator-stats results/1c/hbm3_llc/ramulator/628.pop2_s-17B.yaml --json results/1c/hbm3_llc/champsim/628.pop2_s-17B.json traces/628.pop2_s-17B.champsimtrace.xz
746	:	1789403031.930	  8144.233	0	35003	0	0	./bin/champsim_goldencove_1c_hbm3_llc --warmup-instructions 200000000 --ramulator-stats results/1c/hbm3_llc/ramulator/627.cam4_s-490B.yaml --json results/1c/hbm3_llc/champsim/627.cam4_s-490B.json traces/627.cam4_s-490B.champsimtrace.xz
752	:	1789403688.735	  7601.901	0	34923	0	0	./bin/champsim_goldencove_1c_hbm3_llc --warmup-instructions 200000000 --ramulator-stats results/1c/hbm3_llc/ramulator/638.imagick_s-824B.yaml --json results/1c/hbm3_llc/champsim/638.imagick_s-824B.json traces/638.imagick_s-824B.champsimtrace.xz
712	:	1789395177.149	 16287.309	0	35403	0	0	./bin/champsim_goldencove_1c_hbm3_llc --warmup-instructions 200000000 --ramulator-stats results/1c/hbm3_llc/ramulator/605.mcf_s-1152B.yaml --json results/1c/hbm3_llc/champsim/605.mcf_s-1152B.json traces/605.mcf_s-1152B.champsimtrace.xz
755	:	1789403777.553	  7723.513	0	34928	0	0	./bin/champsim_goldencove_1c_hbm3_llc --warmup-instructions 200000000 --ramulator-stats results/1c/hbm3_llc/ramulator/641.leela_s-149B.yaml --json results/1c/hbm3_llc/champsim/641.leela_s-149B.json traces/641.leela_s-149B.champsimtrace.xz
754	:	1789403750.160	  7793.935	0	35040	0	0	./bin/champsim_goldencove_1c_hbm3_llc --warmup-instructions 200000000 --ramulator-stats results/1c/hbm3_llc/ramulator/641.leela_s-1083B.yaml --json results/1c/hbm3_llc/champsim/641.leela_s-1083B.json traces/641.leela_s-1083B.champsimtrace.xz
753	:	1789403722.647	  7896.085	0	35000	0	0	./bin/champsim_goldencove_1c_hbm3_llc --warmup-instructions 200000000 --ramulator-stats results/1c/hbm3_llc/ramulator/641.leela_s-1052B.yaml --json results/1c/hbm3_llc/champsim/641.leela_s-1052B.json traces/641.leela_s-1052B.champsimtrace.xz
756	:	1789403822.869	  7909.535	0	35017	0	0	./bin/champsim_goldencove_1c_hbm3_llc --warmup-instructions 200000000 --ramulator-stats results/1c/hbm3_llc/ramulator/641.leela_s-334B.yaml --json results/1c/hbm3_llc/champsim/641.leela_s-334B.json traces/641.leela_s-334B.champsimtrace.xz
749	:	1789403633.722	  8325.125	0	34988	0	0	./bin/champsim_goldencove_1c_hbm3_llc --warmup-instructions 200000000 --ramulator-stats results/1c/hbm3_llc/ramulator/631.deepsjeng_s-928B.yaml --json results/1c/hbm3_llc/champsim/631.deepsjeng_s-928B.json traces/631.deepsjeng_s-928B.champsimtrace.xz
757	:	1789404433.995	  7830.722	0	35011	0	0	./bin/champsim_goldencove_1c_hbm3_llc --warmup-instructions 200000000 --ramulator-stats results/1c/hbm3_llc/ramulator/641.leela_s-602B.yaml --json results/1c/hbm3_llc/champsim/641.leela_s-602B.json traces/641.leela_s-602B.champsimtrace.xz
716	:	1789395177.157	 17453.579	0	35447	0	0	./bin/champsim_goldencove_1c_hbm3_llc --warmup-instructions 200000000 --ramulator-stats results/1c/hbm3_llc/ramulator/605.mcf_s-472B.yaml --json results/1c/hbm3_llc/champsim/605.mcf_s-472B.json traces/605.mcf_s-472B.champsimtrace.xz
758	:	1789405492.780	  7702.726	0	35004	0	0	./bin/champsim_goldencove_1c_hbm3_llc --warmup-instructions 200000000 --ramulator-stats results/1c/hbm3_llc/ramulator/641.leela_s-800B.yaml --json results/1c/hbm3_llc/champsim/641.leela_s-800B.json traces/641.leela_s-800B.champsimtrace.xz
713	:	1789395177.151	 18067.473	0	35438	0	0	./bin/champsim_goldencove_1c_hbm3_llc --warmup-instructions 200000000 --ramulator-stats results/1c/hbm3_llc/ramulator/605.mcf_s-1536B.yaml --json results/1c/hbm3_llc/champsim/605.mcf_s-1536B.json traces/605.mcf_s-1536B.champsimtrace.xz
760	:	1789406540.206	  6912.289	0	34925	0	0	./bin/champsim_goldencove_1c_hbm3_llc --warmup-instructions 200000000 --ramulator-stats results/1c/hbm3_llc/ramulator/644.nab_s-12459B.yaml --json results/1c/hbm3_llc/champsim/644.nab_s-12459B.json traces/644.nab_s-12459B.champsimtrace.xz
759	:	1789405986.263	  7722.060	0	35004	0	0	./bin/champsim_goldencove_1c_hbm3_llc --warmup-instructions 200000000 --ramulator-stats results/1c/hbm3_llc/ramulator/641.leela_s-862B.yaml --json results/1c/hbm3_llc/champsim/641.leela_s-862B.json traces/641.leela_s-862B.champsimtrace.xz
714	:	1789395177.153	 18653.643	0	35422	0	0	./bin/champsim_goldencove_1c_hbm3_llc --warmup-instructions 200000000 --ramulator-stats results/1c/hbm3_llc/ramulator/605.mcf_s-1554B.yaml --json results/1c/hbm3_llc/champsim/605.mcf_s-1554B.json traces/605.mcf_s-1554B.champsimtrace.xz
772	:	1789408074.592	  6913.446	0	34151	0	0	./bin/champsim_goldencove_1c_hbm3_llc --warmup-instructions 200000000 --ramulator-stats results/1c/hbm3_llc/ramulator/648.exchange2_s-387B.yaml --json results/1c/hbm3_llc/champsim/648.exchange2_s-387B.json traces/648.exchange2_s-387B.champsimtrace.xz
765	:	1789407487.982	  7594.247	0	34980	0	0	./bin/champsim_goldencove_1c_hbm3_llc --warmup-instructions 200000000 --ramulator-stats results/1c/hbm3_llc/ramulator/648.exchange2_s-1227B.yaml --json results/1c/hbm3_llc/champsim/648.exchange2_s-1227B.json traces/648.exchange2_s-1227B.champsimtrace.xz
781	:	1789409582.524	  5503.144	0	34903	0	0	./bin/champsim_goldencove_1c_hbm3_llc --warmup-instructions 200000000 --ramulator-stats results/1c/hbm3_llc/ramulator/654.roms_s-1021B.yaml --json results/1c/hbm3_llc/champsim/654.roms_s-1021B.json traces/654.roms_s-1021B.champsimtrace.xz
717	:	1789395177.159	 19949.450	0	35465	0	0	./bin/champsim_goldencove_1c_hbm3_llc --warmup-instructions 200000000 --ramulator-stats results/1c/hbm3_llc/ramulator/605.mcf_s-484B.yaml --json results/1c/hbm3_llc/champsim/605.mcf_s-484B.json traces/605.mcf_s-484B.champsimtrace.xz
762	:	1789406810.752	  8390.240	0	35310	0	0	./bin/champsim_goldencove_1c_hbm3_llc --warmup-instructions 200000000 --ramulator-stats results/1c/hbm3_llc/ramulator/644.nab_s-5853B.yaml --json results/1c/hbm3_llc/champsim/644.nab_s-5853B.json traces/644.nab_s-5853B.champsimtrace.xz
766	:	1789407535.029	  7695.205	0	34975	0	0	./bin/champsim_goldencove_1c_hbm3_llc --warmup-instructions 200000000 --ramulator-stats results/1c/hbm3_llc/ramulator/648.exchange2_s-1247B.yaml --json results/1c/hbm3_llc/champsim/648.exchange2_s-1247B.json traces/648.exchange2_s-1247B.champsimtrace.xz
767	:	1789407692.338	  7602.875	0	34173	0	0	./bin/champsim_goldencove_1c_hbm3_llc --warmup-instructions 200000000 --ramulator-stats results/1c/hbm3_llc/ramulator/648.exchange2_s-1511B.yaml --json results/1c/hbm3_llc/champsim/648.exchange2_s-1511B.json traces/648.exchange2_s-1511B.champsimtrace.xz
763	:	1789406901.845	  8416.096	0	34851	0	0	./bin/champsim_goldencove_1c_hbm3_llc --warmup-instructions 200000000 --ramulator-stats results/1c/hbm3_llc/ramulator/644.nab_s-7928B.yaml --json results/1c/hbm3_llc/champsim/644.nab_s-7928B.json traces/644.nab_s-7928B.champsimtrace.xz
761	:	1789406581.303	  9028.062	0	34988	0	0	./bin/champsim_goldencove_1c_hbm3_llc --warmup-instructions 200000000 --ramulator-stats results/1c/hbm3_llc/ramulator/644.nab_s-12521B.yaml --json results/1c/hbm3_llc/champsim/644.nab_s-12521B.json traces/644.nab_s-12521B.champsimtrace.xz
764	:	1789407414.300	  8501.822	0	34912	0	0	./bin/champsim_goldencove_1c_hbm3_llc --warmup-instructions 200000000 --ramulator-stats results/1c/hbm3_llc/ramulator/644.nab_s-9322B.yaml --json results/1c/hbm3_llc/champsim/644.nab_s-9322B.json traces/644.nab_s-9322B.champsimtrace.xz
771	:	1789408070.918	  7876.878	0	34961	0	0	./bin/champsim_goldencove_1c_hbm3_llc --warmup-instructions 200000000 --ramulator-stats results/1c/hbm3_llc/ramulator/648.exchange2_s-353B.yaml --json results/1c/hbm3_llc/champsim/648.exchange2_s-353B.json traces/648.exchange2_s-353B.champsimtrace.xz
774	:	1789408308.590	  7762.388	0	34961	0	0	./bin/champsim_goldencove_1c_hbm3_llc --warmup-instructions 200000000 --ramulator-stats results/1c/hbm3_llc/ramulator/648.exchange2_s-72B.yaml --json results/1c/hbm3_llc/champsim/648.exchange2_s-72B.json traces/648.exchange2_s-72B.champsimtrace.xz
769	:	1789408039.042	  8038.726	0	34998	0	0	./bin/champsim_goldencove_1c_hbm3_llc --warmup-instructions 200000000 --ramulator-stats results/1c/hbm3_llc/ramulator/648.exchange2_s-1712B.yaml --json results/1c/hbm3_llc/champsim/648.exchange2_s-1712B.json traces/648.exchange2_s-1712B.champsimtrace.xz
768	:	1789407824.125	  8317.417	0	34190	0	0	./bin/champsim_goldencove_1c_hbm3_llc --warmup-instructions 200000000 --ramulator-stats results/1c/hbm3_llc/ramulator/648.exchange2_s-1699B.yaml --json results/1c/hbm3_llc/champsim/648.exchange2_s-1699B.json traces/648.exchange2_s-1699B.champsimtrace.xz
773	:	1789408212.810	  8079.943	0	34957	0	0	./bin/champsim_goldencove_1c_hbm3_llc --warmup-instructions 200000000 --ramulator-stats results/1c/hbm3_llc/ramulator/648.exchange2_s-584B.yaml --json results/1c/hbm3_llc/champsim/648.exchange2_s-584B.json traces/648.exchange2_s-584B.champsimtrace.xz
770	:	1789408069.717	  8317.336	0	34975	0	0	./bin/champsim_goldencove_1c_hbm3_llc --warmup-instructions 200000000 --ramulator-stats results/1c/hbm3_llc/ramulator/648.exchange2_s-210B.yaml --json results/1c/hbm3_llc/champsim/648.exchange2_s-210B.json traces/648.exchange2_s-210B.champsimtrace.xz
777	:	1789408754.847	  7683.682	0	34975	0	0	./bin/champsim_goldencove_1c_hbm3_llc --warmup-instructions 200000000 --ramulator-stats results/1c/hbm3_llc/ramulator/649.fotonik3d_s-1B.yaml --json results/1c/hbm3_llc/champsim/649.fotonik3d_s-1B.json traces/649.fotonik3d_s-1B.champsimtrace.xz
792	:	1789411618.739	  4951.681	0	34876	0	0	./bin/champsim_goldencove_1c_hbm3_llc --warmup-instructions 200000000 --ramulator-stats results/1c/hbm3_llc/ramulator/657.xz_s-56B.yaml --json results/1c/hbm3_llc/champsim/657.xz_s-56B.json traces/657.xz_s-56B.champsimtrace.xz
791	:	1789411544.101	  6147.613	0	34951	0	0	./bin/champsim_goldencove_1c_hbm3_llc --warmup-instructions 200000000 --ramulator-stats results/1c/hbm3_llc/ramulator/657.xz_s-4994B.yaml --json results/1c/hbm3_llc/champsim/657.xz_s-4994B.json traces/657.xz_s-4994B.champsimtrace.xz
790	:	1789411501.070	  6975.834	0	34963	0	0	./bin/champsim_goldencove_1c_hbm3_llc --warmup-instructions 200000000 --ramulator-stats results/1c/hbm3_llc/ramulator/657.xz_s-3167B.yaml --json results/1c/hbm3_llc/champsim/657.xz_s-3167B.json traces/657.xz_s-3167B.champsimtrace.xz
789	:	1789411464.462	  7067.711	0	34983	0	0	./bin/champsim_goldencove_1c_hbm3_llc --warmup-instructions 200000000 --ramulator-stats results/1c/hbm3_llc/ramulator/657.xz_s-2302B.yaml --json results/1c/hbm3_llc/champsim/657.xz_s-2302B.json traces/657.xz_s-2302B.champsimtrace.xz
788	:	1789411290.642	  8039.549	0	35009	0	0	./bin/champsim_goldencove_1c_hbm3_llc --warmup-instructions 200000000 --ramulator-stats results/1c/hbm3_llc/ramulator/654.roms_s-842B.yaml --json results/1c/hbm3_llc/champsim/654.roms_s-842B.json traces/654.roms_s-842B.champsimtrace.xz
784	:	1789410717.363	  9560.840	0	35160	0	0	./bin/champsim_goldencove_1c_hbm3_llc --warmup-instructions 200000000 --ramulator-stats results/1c/hbm3_llc/ramulator/654.roms_s-1613B.yaml --json results/1c/hbm3_llc/champsim/654.roms_s-1613B.json traces/654.roms_s-1613B.champsimtrace.xz
786	:	1789410997.180	  9522.490	0	35126	0	0	./bin/champsim_goldencove_1c_hbm3_llc --warmup-instructions 200000000 --ramulator-stats results/1c/hbm3_llc/ramulator/654.roms_s-294B.yaml --json results/1c/hbm3_llc/champsim/654.roms_s-294B.json traces/654.roms_s-294B.champsimtrace.xz
809	:	1789415317.949	  5560.480	0	34178	0	0	./bin/champsim_goldencove_1c_hbm4 --warmup-instructions 200000000 --ramulator-stats results/1c/hbm4/ramulator/603.bwaves_s-5359B.yaml --json results/1c/hbm4/champsim/603.bwaves_s-5359B.json traces/603.bwaves_s-5359B.champsimtrace.xz
808	:	1789415295.219	  5666.792	0	34146	0	0	./bin/champsim_goldencove_1c_hbm4 --warmup-instructions 200000000 --ramulator-stats results/1c/hbm4/ramulator/603.bwaves_s-3699B.yaml --json results/1c/hbm4/champsim/603.bwaves_s-3699B.json traces/603.bwaves_s-3699B.champsimtrace.xz
780	:	1789409516.593	 11597.124	0	35310	0	0	./bin/champsim_goldencove_1c_hbm3_llc --warmup-instructions 200000000 --ramulator-stats results/1c/hbm3_llc/ramulator/654.roms_s-1007B.yaml --json results/1c/hbm3_llc/champsim/654.roms_s-1007B.json traces/654.roms_s-1007B.champsimtrace.xz
702	:	1789395177.129	 26010.180	0	35435	0	0	./bin/champsim_goldencove_1c_hbm3_llc --warmup-instructions 200000000 --ramulator-stats results/1c/hbm3_llc/ramulator/602.gcc_s-2226B.yaml --json results/1c/hbm3_llc/champsim/602.gcc_s-2226B.json traces/602.gcc_s-2226B.champsimtrace.xz
804	:	1789415085.674	  6143.805	0	34184	0	0	./bin/champsim_goldencove_1c_hbm4 --warmup-instructions 200000000 --ramulator-stats results/1c/hbm4/ramulator/603.bwaves_s-1080B.yaml --json results/1c/hbm4/champsim/603.bwaves_s-1080B.json traces/603.bwaves_s-1080B.champsimtrace.xz
797	:	1789413195.513	  8065.733	0	34271	0	0	./bin/champsim_goldencove_1c_hbm4 --warmup-instructions 200000000 --ramulator-stats results/1c/hbm4/ramulator/600.perlbench_s-1273B.yaml --json results/1c/hbm4/champsim/600.perlbench_s-1273B.json traces/600.perlbench_s-1273B.champsimtrace.xz
782	:	1789410104.580	 11295.154	0	35302	0	0	./bin/champsim_goldencove_1c_hbm3_llc --warmup-instructions 200000000 --ramulator-stats results/1c/hbm3_llc/ramulator/654.roms_s-1070B.yaml --json results/1c/hbm3_llc/champsim/654.roms_s-1070B.json traces/654.roms_s-1070B.champsimtrace.xz
798	:	1789413244.629	  8295.993	0	34297	0	0	./bin/champsim_goldencove_1c_hbm4 --warmup-instructions 200000000 --ramulator-stats results/1c/hbm4/ramulator/600.perlbench_s-210B.yaml --json results/1c/hbm4/champsim/600.perlbench_s-210B.json traces/600.perlbench_s-210B.champsimtrace.xz
799	:	1789413452.508	  8240.011	0	34299	0	0	./bin/champsim_goldencove_1c_hbm4 --warmup-instructions 200000000 --ramulator-stats results/1c/hbm4/ramulator/600.perlbench_s-570B.yaml --json results/1c/hbm4/champsim/600.perlbench_s-570B.json traces/600.perlbench_s-570B.champsimtrace.xz
778	:	1789409197.774	 13205.450	0	35149	0	0	./bin/champsim_goldencove_1c_hbm3_llc --warmup-instructions 200000000 --ramulator-stats results/1c/hbm3_llc/ramulator/649.fotonik3d_s-7084B.yaml --json results/1c/hbm3_llc/champsim/649.fotonik3d_s-7084B.json traces/649.fotonik3d_s-7084B.champsimtrace.xz
785	:	1789410919.747	 11555.953	0	35286	0	0	./bin/champsim_goldencove_1c_hbm3_llc --warmup-instructions 200000000 --ramulator-stats results/1c/hbm3_llc/ramulator/654.roms_s-293B.yaml --json results/1c/hbm3_llc/champsim/654.roms_s-293B.json traces/654.roms_s-293B.champsimtrace.xz
719	:	1789395177.164	 27596.417	0	35419	0	0	./bin/champsim_goldencove_1c_hbm3_llc --warmup-instructions 200000000 --ramulator-stats results/1c/hbm3_llc/ramulator/605.mcf_s-782B.yaml --json results/1c/hbm3_llc/champsim/605.mcf_s-782B.json traces/605.mcf_s-782B.champsimtrace.xz
783	:	1789410137.841	 12648.653	0	35340	0	0	./bin/champsim_goldencove_1c_hbm3_llc --warmup-instructions 200000000 --ramulator-stats results/1c/hbm3_llc/ramulator/654.roms_s-1390B.yaml --json results/1c/hbm3_llc/champsim/654.roms_s-1390B.json traces/654.roms_s-1390B.champsimtrace.xz
803	:	1789415082.236	  7926.125	0	34234	0	0	./bin/champsim_goldencove_1c_hbm4 --warmup-instructions 200000000 --ramulator-stats results/1c/hbm4/ramulator/602.gcc_s-734B.yaml --json results/1c/hbm4/champsim/602.gcc_s-734B.json traces/602.gcc_s-734B.champsimtrace.xz
802	:	1789414988.043	  8293.463	0	34586	0	0	./bin/champsim_goldencove_1c_hbm4 --warmup-instructions 200000000 --ramulator-stats results/1c/hbm4/ramulator/602.gcc_s-2375B.yaml --json results/1c/hbm4/champsim/602.gcc_s-2375B.json traces/602.gcc_s-2375B.champsimtrace.xz
800	:	1789413708.330	  9777.042	0	34262	0	0	./bin/champsim_goldencove_1c_hbm4 --warmup-instructions 200000000 --ramulator-stats results/1c/hbm4/ramulator/602.gcc_s-1850B.yaml --json results/1c/hbm4/champsim/602.gcc_s-1850B.json traces/602.gcc_s-1850B.champsimtrace.xz
787	:	1789411176.171	 12636.667	0	35307	0	0	./bin/champsim_goldencove_1c_hbm3_llc --warmup-instructions 200000000 --ramulator-stats results/1c/hbm3_llc/ramulator/654.roms_s-523B.yaml --json results/1c/hbm3_llc/champsim/654.roms_s-523B.json traces/654.roms_s-523B.champsimtrace.xz
775	:	1789408356.689	 15683.874	0	35407	0	0	./bin/champsim_goldencove_1c_hbm3_llc --warmup-instructions 200000000 --ramulator-stats results/1c/hbm3_llc/ramulator/649.fotonik3d_s-10881B.yaml --json results/1c/hbm3_llc/champsim/649.fotonik3d_s-10881B.json traces/649.fotonik3d_s-10881B.champsimtrace.xz
807	:	1789415230.239	  9639.453	0	34282	0	0	./bin/champsim_goldencove_1c_hbm4 --warmup-instructions 200000000 --ramulator-stats results/1c/hbm4/ramulator/603.bwaves_s-2931B.yaml --json results/1c/hbm4/champsim/603.bwaves_s-2931B.json traces/603.bwaves_s-2931B.champsimtrace.xz
823	:	1789419330.200	  5566.960	0	34174	0	0	./bin/champsim_goldencove_1c_hbm4 --warmup-instructions 200000000 --ramulator-stats results/1c/hbm4/ramulator/607.cactuBSSN_s-4248B.yaml --json results/1c/hbm4/champsim/607.cactuBSSN_s-4248B.json traces/607.cactuBSSN_s-4248B.champsimtrace.xz
810	:	1789415609.371	  9978.484	0	34538	0	0	./bin/champsim_goldencove_1c_hbm4 --warmup-instructions 200000000 --ramulator-stats results/1c/hbm4/ramulator/603.bwaves_s-891B.yaml --json results/1c/hbm4/champsim/603.bwaves_s-891B.json traces/603.bwaves_s-891B.champsimtrace.xz
805	:	1789415126.613	 10953.692	0	34640	0	0	./bin/champsim_goldencove_1c_hbm4 --warmup-instructions 200000000 --ramulator-stats results/1c/hbm4/ramulator/603.bwaves_s-1740B.yaml --json results/1c/hbm4/champsim/603.bwaves_s-1740B.json traces/603.bwaves_s-1740B.champsimtrace.xz
806	:	1789415200.999	 10991.631	0	34635	0	0	./bin/champsim_goldencove_1c_hbm4 --warmup-instructions 200000000 --ramulator-stats results/1c/hbm4/ramulator/603.bwaves_s-2609B.yaml --json results/1c/hbm4/champsim/603.bwaves_s-2609B.json traces/603.bwaves_s-2609B.champsimtrace.xz
820	:	1789417691.724	 10568.332	0	34286	0	0	./bin/champsim_goldencove_1c_hbm4 --warmup-instructions 200000000 --ramulator-stats results/1c/hbm4/ramulator/607.cactuBSSN_s-2421B.yaml --json results/1c/hbm4/champsim/607.cactuBSSN_s-2421B.json traces/607.cactuBSSN_s-2421B.champsimtrace.xz
776	:	1789408384.925	 20293.702	0	35433	0	0	./bin/champsim_goldencove_1c_hbm3_llc --warmup-instructions 200000000 --ramulator-stats results/1c/hbm3_llc/ramulator/649.fotonik3d_s-1176B.yaml --json results/1c/hbm3_llc/champsim/649.fotonik3d_s-1176B.json traces/649.fotonik3d_s-1176B.champsimtrace.xz
822	:	1789418532.176	 10628.132	0	34275	0	0	./bin/champsim_goldencove_1c_hbm4 --warmup-instructions 200000000 --ramulator-stats results/1c/hbm4/ramulator/607.cactuBSSN_s-4004B.yaml --json results/1c/hbm4/champsim/607.cactuBSSN_s-4004B.json traces/607.cactuBSSN_s-4004B.champsimtrace.xz
821	:	1789418476.910	 11068.514	0	34247	0	0	./bin/champsim_goldencove_1c_hbm4 --warmup-instructions 200000000 --ramulator-stats results/1c/hbm4/ramulator/607.cactuBSSN_s-3477B.yaml --json results/1c/hbm4/champsim/607.cactuBSSN_s-3477B.json traces/607.cactuBSSN_s-3477B.champsimtrace.xz
831	:	1789421261.251	  8302.292	0	34436	0	0	./bin/champsim_goldencove_1c_hbm4 --warmup-instructions 200000000 --ramulator-stats results/1c/hbm4/ramulator/621.wrf_s-6673B.yaml --json results/1c/hbm4/champsim/621.wrf_s-6673B.json traces/621.wrf_s-6673B.champsimtrace.xz
814	:	1789416077.777	 13558.478	0	34763	0	0	./bin/champsim_goldencove_1c_hbm4 --warmup-instructions 200000000 --ramulator-stats results/1c/hbm4/ramulator/605.mcf_s-1644B.yaml --json results/1c/hbm4/champsim/605.mcf_s-1644B.json traces/605.mcf_s-1644B.champsimtrace.xz
832	:	1789421399.742	  8435.179	0	34462	0	0	./bin/champsim_goldencove_1c_hbm4 --warmup-instructions 200000000 --ramulator-stats results/1c/hbm4/ramulator/621.wrf_s-8065B.yaml --json results/1c/hbm4/champsim/621.wrf_s-8065B.json traces/621.wrf_s-8065B.champsimtrace.xz
840	:	1789423281.517	  6672.419	0	34224	0	0	./bin/champsim_goldencove_1c_hbm4 --warmup-instructions 200000000 --ramulator-stats results/1c/hbm4/ramulator/625.x264_s-12B.yaml --json results/1c/hbm4/champsim/625.x264_s-12B.json traces/625.x264_s-12B.champsimtrace.xz
833	:	1789421540.627	  8423.008	0	34334	0	0	./bin/champsim_goldencove_1c_hbm4 --warmup-instructions 200000000 --ramulator-stats results/1c/hbm4/ramulator/621.wrf_s-8100B.yaml --json results/1c/hbm4/champsim/621.wrf_s-8100B.json traces/621.wrf_s-8100B.champsimtrace.xz
801	:	1789413830.804	 16186.730	0	34659	0	0	./bin/champsim_goldencove_1c_hbm4 --warmup-instructions 200000000 --ramulator-stats results/1c/hbm4/ramulator/602.gcc_s-2226B.yaml --json results/1c/hbm4/champsim/602.gcc_s-2226B.json traces/602.gcc_s-2226B.champsimtrace.xz
779	:	1789409455.629	 20617.522	0	35411	0	0	./bin/champsim_goldencove_1c_hbm3_llc --warmup-instructions 200000000 --ramulator-stats results/1c/hbm3_llc/ramulator/649.fotonik3d_s-8225B.yaml --json results/1c/hbm3_llc/champsim/649.fotonik3d_s-8225B.json traces/649.fotonik3d_s-8225B.champsimtrace.xz
830	:	1789421229.485	  8869.998	0	34370	0	0	./bin/champsim_goldencove_1c_hbm4 --warmup-instructions 200000000 --ramulator-stats results/1c/hbm4/ramulator/621.wrf_s-575B.yaml --json results/1c/hbm4/champsim/621.wrf_s-575B.json traces/621.wrf_s-575B.champsimtrace.xz
841	:	1789423485.378	  6651.770	0	34215	0	0	./bin/champsim_goldencove_1c_hbm4 --warmup-instructions 200000000 --ramulator-stats results/1c/hbm4/ramulator/625.x264_s-18B.yaml --json results/1c/hbm4/champsim/625.x264_s-18B.json traces/625.x264_s-18B.champsimtrace.xz
842	:	1789423812.847	  6626.366	0	34221	0	0	./bin/champsim_goldencove_1c_hbm4 --warmup-instructions 200000000 --ramulator-stats results/1c/hbm4/ramulator/625.x264_s-20B.yaml --json results/1c/hbm4/champsim/625.x264_s-20B.json traces/625.x264_s-20B.champsimtrace.xz
843	:	1789424040.570	  6697.529	0	34221	0	0	./bin/champsim_goldencove_1c_hbm4 --warmup-instructions 200000000 --ramulator-stats results/1c/hbm4/ramulator/625.x264_s-33B.yaml --json results/1c/hbm4/champsim/625.x264_s-33B.json traces/625.x264_s-33B.champsimtrace.xz
835	:	1789422403.231	  8576.914	0	34243	0	0	./bin/champsim_goldencove_1c_hbm4 --warmup-instructions 200000000 --ramulator-stats results/1c/hbm4/ramulator/623.xalancbmk_s-165B.yaml --json results/1c/hbm4/champsim/623.xalancbmk_s-165B.json traces/623.xalancbmk_s-165B.champsimtrace.xz
819	:	1789416570.426	 14760.794	0	34681	0	0	./bin/champsim_goldencove_1c_hbm4 --warmup-instructions 200000000 --ramulator-stats results/1c/hbm4/ramulator/605.mcf_s-994B.yaml --json results/1c/hbm4/champsim/605.mcf_s-994B.json traces/605.mcf_s-994B.champsimtrace.xz
844	:	1789424869.697	  6625.213	0	34221	0	0	./bin/champsim_goldencove_1c_hbm4 --warmup-instructions 200000000 --ramulator-stats results/1c/hbm4/ramulator/625.x264_s-39B.yaml --json results/1c/hbm4/champsim/625.x264_s-39B.json traces/625.x264_s-39B.champsimtrace.xz
836	:	1789422475.710	  9075.295	0	34262	0	0	./bin/champsim_goldencove_1c_hbm4 --warmup-instructions 200000000 --ramulator-stats results/1c/hbm4/ramulator/623.xalancbmk_s-202B.yaml --json results/1c/hbm4/champsim/623.xalancbmk_s-202B.json traces/623.xalancbmk_s-202B.champsimtrace.xz
837	:	1789422773.586	  9018.121	0	34434	0	0	./bin/champsim_goldencove_1c_hbm4 --warmup-instructions 200000000 --ramulator-stats results/1c/hbm4/ramulator/623.xalancbmk_s-325B.yaml --json results/1c/hbm4/champsim/623.xalancbmk_s-325B.json traces/623.xalancbmk_s-325B.champsimtrace.xz
838	:	1789422786.502	  9114.347	0	34421	0	0	./bin/champsim_goldencove_1c_hbm4 --warmup-instructions 200000000 --ramulator-stats results/1c/hbm4/ramulator/623.xalancbmk_s-592B.yaml --json results/1c/hbm4/champsim/623.xalancbmk_s-592B.json traces/623.xalancbmk_s-592B.champsimtrace.xz
849	:	1789428260.062	  4159.513	0	33984	0	0	./bin/champsim_goldencove_1c_hbm4 --warmup-instructions 200000000 --ramulator-stats results/1c/hbm4/ramulator/638.imagick_s-10316B.yaml --json results/1c/hbm4/champsim/638.imagick_s-10316B.json traces/638.imagick_s-10316B.champsimtrace.xz
816	:	1789416292.758	 16313.334	0	34740	0	0	./bin/champsim_goldencove_1c_hbm4 --warmup-instructions 200000000 --ramulator-stats results/1c/hbm4/ramulator/605.mcf_s-484B.yaml --json results/1c/hbm4/champsim/605.mcf_s-484B.json traces/605.mcf_s-484B.champsimtrace.xz
824	:	1789420278.209	 12367.315	0	34550	0	0	./bin/champsim_goldencove_1c_hbm4 --warmup-instructions 200000000 --ramulator-stats results/1c/hbm4/ramulator/619.lbm_s-2676B.yaml --json results/1c/hbm4/champsim/619.lbm_s-2676B.json traces/619.lbm_s-2676B.champsimtrace.xz
839	:	1789423008.369	  9645.012	0	34583	0	0	./bin/champsim_goldencove_1c_hbm4 --warmup-instructions 200000000 --ramulator-stats results/1c/hbm4/ramulator/623.xalancbmk_s-700B.yaml --json results/1c/hbm4/champsim/623.xalancbmk_s-700B.json traces/623.xalancbmk_s-700B.champsimtrace.xz
817	:	1789416387.059	 16321.833	0	34661	0	0	./bin/champsim_goldencove_1c_hbm4 --warmup-instructions 200000000 --ramulator-stats results/1c/hbm4/ramulator/605.mcf_s-665B.yaml --json results/1c/hbm4/champsim/605.mcf_s-665B.json traces/605.mcf_s-665B.champsimtrace.xz
846	:	1789425587.862	  7167.440	0	34262	0	0	./bin/champsim_goldencove_1c_hbm4 --warmup-instructions 200000000 --ramulator-stats results/1c/hbm4/ramulator/627.cam4_s-573B.yaml --json results/1c/hbm4/champsim/627.cam4_s-573B.json traces/627.cam4_s-573B.champsimtrace.xz
847	:	1789426080.313	  6864.197	0	34226	0	0	./bin/champsim_goldencove_1c_hbm4 --warmup-instructions 200000000 --ramulator-stats results/1c/hbm4/ramulator/628.pop2_s-17B.yaml --json results/1c/hbm4/champsim/628.pop2_s-17B.json traces/628.pop2_s-17B.champsimtrace.xz
845	:	1789424897.165	  8363.845	0	34326	0	0	./bin/champsim_goldencove_1c_hbm4 --warmup-instructions 200000000 --ramulator-stats results/1c/hbm4/ramulator/627.cam4_s-490B.yaml --json results/1c/hbm4/champsim/627.cam4_s-490B.json traces/627.cam4_s-490B.champsimtrace.xz
827	:	1789420962.019	 12346.976	0	34595	0	0	./bin/champsim_goldencove_1c_hbm4 --warmup-instructions 200000000 --ramulator-stats results/1c/hbm4/ramulator/619.lbm_s-4268B.yaml --json results/1c/hbm4/champsim/619.lbm_s-4268B.json traces/619.lbm_s-4268B.champsimtrace.xz
825	:	1789420519.676	 13008.216	0	34591	0	0	./bin/champsim_goldencove_1c_hbm4 --warmup-instructions 200000000 --ramulator-stats results/1c/hbm4/ramulator/619.lbm_s-2677B.yaml --json results/1c/hbm4/champsim/619.lbm_s-2677B.json traces/619.lbm_s-2677B.champsimtrace.xz
815	:	1789416141.547	 17699.361	0	34711	0	0	./bin/champsim_goldencove_1c_hbm4 --warmup-instructions 200000000 --ramulator-stats results/1c/hbm4/ramulator/605.mcf_s-472B.yaml --json results/1c/hbm4/champsim/605.mcf_s-472B.json traces/605.mcf_s-472B.champsimtrace.xz
848	:	1789426192.637	  7933.280	0	34269	0	0	./bin/champsim_goldencove_1c_hbm4 --warmup-instructions 200000000 --ramulator-stats results/1c/hbm4/ramulator/631.deepsjeng_s-928B.yaml --json results/1c/hbm4/champsim/631.deepsjeng_s-928B.json traces/631.deepsjeng_s-928B.champsimtrace.xz
826	:	1789420878.434	 14134.014	0	34621	0	0	./bin/champsim_goldencove_1c_hbm4 --warmup-instructions 200000000 --ramulator-stats results/1c/hbm4/ramulator/619.lbm_s-3766B.yaml --json results/1c/hbm4/champsim/619.lbm_s-3766B.json traces/619.lbm_s-3766B.champsimtrace.xz
850	:	1789428678.633	  6689.200	0	34233	0	0	./bin/champsim_goldencove_1c_hbm4 --warmup-instructions 200000000 --ramulator-stats results/1c/hbm4/ramulator/638.imagick_s-4128B.yaml --json results/1c/hbm4/champsim/638.imagick_s-4128B.json traces/638.imagick_s-4128B.champsimtrace.xz
829	:	1789421187.314	 14760.452	0	34674	0	0	./bin/champsim_goldencove_1c_hbm4 --warmup-instructions 200000000 --ramulator-stats results/1c/hbm4/ramulator/620.omnetpp_s-874B.yaml --json results/1c/hbm4/champsim/620.omnetpp_s-874B.json traces/620.omnetpp_s-874B.champsimtrace.xz
851	:	1789429160.314	  7147.047	0	34180	0	0	./bin/champsim_goldencove_1c_hbm4 --warmup-instructions 200000000 --ramulator-stats results/1c/hbm4/ramulator/638.imagick_s-824B.yaml --json results/1c/hbm4/champsim/638.imagick_s-824B.json traces/638.imagick_s-824B.champsimtrace.xz
859	:	1789430073.158	  6527.727	0	34187	0	0	./bin/champsim_goldencove_1c_hbm4 --warmup-instructions 200000000 --ramulator-stats results/1c/hbm4/ramulator/644.nab_s-12459B.yaml --json results/1c/hbm4/champsim/644.nab_s-12459B.json traces/644.nab_s-12459B.champsimtrace.xz
828	:	1789421113.721	 15497.036	0	34674	0	0	./bin/champsim_goldencove_1c_hbm4 --warmup-instructions 200000000 --ramulator-stats results/1c/hbm4/ramulator/620.omnetpp_s-141B.yaml --json results/1c/hbm4/champsim/620.omnetpp_s-141B.json traces/620.omnetpp_s-141B.champsimtrace.xz
854	:	1789429636.262	  7269.276	0	34200	0	0	./bin/champsim_goldencove_1c_hbm4 --warmup-instructions 200000000 --ramulator-stats results/1c/hbm4/ramulator/641.leela_s-149B.yaml --json results/1c/hbm4/champsim/641.leela_s-149B.json traces/641.leela_s-149B.champsimtrace.xz
811	:	1789415916.135	 21051.940	0	34668	0	0	./bin/champsim_goldencove_1c_hbm4 --warmup-instructions 200000000 --ramulator-stats results/1c/hbm4/ramulator/605.mcf_s-1152B.yaml --json results/1c/hbm4/champsim/605.mcf_s-1152B.json traces/605.mcf_s-1152B.champsimtrace.xz
852	:	1789429545.431	  7482.960	0	34259	0	0	./bin/champsim_goldencove_1c_hbm4 --warmup-instructions 200000000 --ramulator-stats results/1c/hbm4/ramulator/641.leela_s-1052B.yaml --json results/1c/hbm4/champsim/641.leela_s-1052B.json traces/641.leela_s-1052B.champsimtrace.xz
853	:	1789429563.551	  7533.138	0	34354	0	0	./bin/champsim_goldencove_1c_hbm4 --warmup-instructions 200000000 --ramulator-stats results/1c/hbm4/ramulator/641.leela_s-1083B.yaml --json results/1c/hbm4/champsim/641.leela_s-1083B.json traces/641.leela_s-1083B.champsimtrace.xz
857	:	1789429963.643	  7293.614	0	34272	0	0	./bin/champsim_goldencove_1c_hbm4 --warmup-instructions 200000000 --ramulator-stats results/1c/hbm4/ramulator/641.leela_s-800B.yaml --json results/1c/hbm4/champsim/641.leela_s-800B.json traces/641.leela_s-800B.champsimtrace.xz
858	:	1789430017.543	  7344.237	0	34258	0	0	./bin/champsim_goldencove_1c_hbm4 --warmup-instructions 200000000 --ramulator-stats results/1c/hbm4/ramulator/641.leela_s-862B.yaml --json results/1c/hbm4/champsim/641.leela_s-862B.json traces/641.leela_s-862B.champsimtrace.xz
856	:	1789429953.944	  7416.637	0	34261	0	0	./bin/champsim_goldencove_1c_hbm4 --warmup-instructions 200000000 --ramulator-stats results/1c/hbm4/ramulator/641.leela_s-602B.yaml --json results/1c/hbm4/champsim/641.leela_s-602B.json traces/641.leela_s-602B.champsimtrace.xz
855	:	1789429834.933	  7616.740	0	34292	0	0	./bin/champsim_goldencove_1c_hbm4 --warmup-instructions 200000000 --ramulator-stats results/1c/hbm4/ramulator/641.leela_s-334B.yaml --json results/1c/hbm4/champsim/641.leela_s-334B.json traces/641.leela_s-334B.champsimtrace.xz
834	:	1789421692.527	 16021.798	0	34685	0	0	./bin/champsim_goldencove_1c_hbm4 --warmup-instructions 200000000 --ramulator-stats results/1c/hbm4/ramulator/623.xalancbmk_s-10B.yaml --json results/1c/hbm4/champsim/623.xalancbmk_s-10B.json traces/623.xalancbmk_s-10B.champsimtrace.xz
861	:	1789430137.155	  7808.575	0	34639	0	0	./bin/champsim_goldencove_1c_hbm4 --warmup-instructions 200000000 --ramulator-stats results/1c/hbm4/ramulator/644.nab_s-5853B.yaml --json results/1c/hbm4/champsim/644.nab_s-5853B.json traces/644.nab_s-5853B.champsimtrace.xz
864	:	1789430980.153	  7184.451	0	34248	0	0	./bin/champsim_goldencove_1c_hbm4 --warmup-instructions 200000000 --ramulator-stats results/1c/hbm4/ramulator/648.exchange2_s-1227B.yaml --json results/1c/hbm4/champsim/648.exchange2_s-1227B.json traces/648.exchange2_s-1227B.champsimtrace.xz
862	:	1789430439.219	  8003.640	0	34163	0	0	./bin/champsim_goldencove_1c_hbm4 --warmup-instructions 200000000 --ramulator-stats results/1c/hbm4/ramulator/644.nab_s-7928B.yaml --json results/1c/hbm4/champsim/644.nab_s-7928B.json traces/644.nab_s-7928B.champsimtrace.xz
860	:	1789430099.489	  8486.911	0	34256	0	0	./bin/champsim_goldencove_1c_hbm4 --warmup-instructions 200000000 --ramulator-stats results/1c/hbm4/ramulator/644.nab_s-12521B.yaml --json results/1c/hbm4/champsim/644.nab_s-12521B.json traces/644.nab_s-12521B.champsimtrace.xz
865	:	1789431331.227	  7312.273	0	34241	0	0	./bin/champsim_goldencove_1c_hbm4 --warmup-instructions 200000000 --ramulator-stats results/1c/hbm4/ramulator/648.exchange2_s-1247B.yaml --json results/1c/hbm4/champsim/648.exchange2_s-1247B.json traces/648.exchange2_s-1247B.champsimtrace.xz
863	:	1789430738.108	  7912.756	0	34229	0	0	./bin/champsim_goldencove_1c_hbm4 --warmup-instructions 200000000 --ramulator-stats results/1c/hbm4/ramulator/644.nab_s-9322B.yaml --json results/1c/hbm4/champsim/644.nab_s-9322B.json traces/644.nab_s-9322B.champsimtrace.xz
866	:	1789431494.921	  7245.358	0	33441	0	0	./bin/champsim_goldencove_1c_hbm4 --warmup-instructions 200000000 --ramulator-stats results/1c/hbm4/ramulator/648.exchange2_s-1511B.yaml --json results/1c/hbm4/champsim/648.exchange2_s-1511B.json traces/648.exchange2_s-1511B.champsimtrace.xz
812	:	1789415947.806	 22885.699	0	34690	0	0	./bin/champsim_goldencove_1c_hbm4 --warmup-instructions 200000000 --ramulator-stats results/1c/hbm4/ramulator/605.mcf_s-1536B.yaml --json results/1c/hbm4/champsim/605.mcf_s-1536B.json traces/605.mcf_s-1536B.champsimtrace.xz
880	:	1789433840.913	  5245.885	0	34172	0	0	./bin/champsim_goldencove_1c_hbm4 --warmup-instructions 200000000 --ramulator-stats results/1c/hbm4/ramulator/654.roms_s-1021B.yaml --json results/1c/hbm4/champsim/654.roms_s-1021B.json traces/654.roms_s-1021B.champsimtrace.xz
871	:	1789432606.097	  6653.397	0	33418	0	0	./bin/champsim_goldencove_1c_hbm4 --warmup-instructions 200000000 --ramulator-stats results/1c/hbm4/ramulator/648.exchange2_s-387B.yaml --json results/1c/hbm4/champsim/648.exchange2_s-387B.json traces/648.exchange2_s-387B.champsimtrace.xz
867	:	1789431551.012	  7857.609	0	33458	0	0	./bin/champsim_goldencove_1c_hbm4 --warmup-instructions 200000000 --ramulator-stats results/1c/hbm4/ramulator/648.exchange2_s-1699B.yaml --json results/1c/hbm4/champsim/648.exchange2_s-1699B.json traces/648.exchange2_s-1699B.champsimtrace.xz
868	:	1789431791.714	  7652.572	0	34268	0	0	./bin/champsim_goldencove_1c_hbm4 --warmup-instructions 200000000 --ramulator-stats results/1c/hbm4/ramulator/648.exchange2_s-1712B.yaml --json results/1c/hbm4/champsim/648.exchange2_s-1712B.json traces/648.exchange2_s-1712B.champsimtrace.xz
869	:	1789431900.857	  7835.417	0	34241	0	0	./bin/champsim_goldencove_1c_hbm4 --warmup-instructions 200000000 --ramulator-stats results/1c/hbm4/ramulator/648.exchange2_s-210B.yaml --json results/1c/hbm4/champsim/648.exchange2_s-210B.json traces/648.exchange2_s-210B.champsimtrace.xz
870	:	1789432419.587	  7477.074	0	34227	0	0	./bin/champsim_goldencove_1c_hbm4 --warmup-instructions 200000000 --ramulator-stats results/1c/hbm4/ramulator/648.exchange2_s-353B.yaml --json results/1c/hbm4/champsim/648.exchange2_s-353B.json traces/648.exchange2_s-353B.champsimtrace.xz
873	:	1789432653.387	  7468.513	0	34223	0	0	./bin/champsim_goldencove_1c_hbm4 --warmup-instructions 200000000 --ramulator-stats results/1c/hbm4/ramulator/648.exchange2_s-72B.yaml --json results/1c/hbm4/champsim/648.exchange2_s-72B.json traces/648.exchange2_s-72B.champsimtrace.xz
876	:	1789432944.517	  7203.219	0	34245	0	0	./bin/champsim_goldencove_1c_hbm4 --warmup-instructions 200000000 --ramulator-stats results/1c/hbm4/ramulator/649.fotonik3d_s-1B.yaml --json results/1c/hbm4/champsim/649.fotonik3d_s-1B.json traces/649.fotonik3d_s-1B.champsimtrace.xz
872	:	1789432645.532	  7565.698	0	34219	0	0	./bin/champsim_goldencove_1c_hbm4 --warmup-instructions 200000000 --ramulator-stats results/1c/hbm4/ramulator/648.exchange2_s-584B.yaml --json results/1c/hbm4/champsim/648.exchange2_s-584B.json traces/648.exchange2_s-584B.champsimtrace.xz
813	:	1789416070.986	 25288.773	0	34703	0	0	./bin/champsim_goldencove_1c_hbm4 --warmup-instructions 200000000 --ramulator-stats results/1c/hbm4/ramulator/605.mcf_s-1554B.yaml --json results/1c/hbm4/champsim/605.mcf_s-1554B.json traces/605.mcf_s-1554B.champsimtrace.xz
891	:	1789437096.695	  4661.779	0	34143	0	0	./bin/champsim_goldencove_1c_hbm4 --warmup-instructions 200000000 --ramulator-stats results/1c/hbm4/ramulator/657.xz_s-56B.yaml --json results/1c/hbm4/champsim/657.xz_s-56B.json traces/657.xz_s-56B.champsimtrace.xz
890	:	1789437028.396	  5856.119	0	34229	0	0	./bin/champsim_goldencove_1c_hbm4 --warmup-instructions 200000000 --ramulator-stats results/1c/hbm4/ramulator/657.xz_s-4994B.yaml --json results/1c/hbm4/champsim/657.xz_s-4994B.json traces/657.xz_s-4994B.champsimtrace.xz
889	:	1789436968.082	  7033.065	0	34273	0	0	./bin/champsim_goldencove_1c_hbm4 --warmup-instructions 200000000 --ramulator-stats results/1c/hbm4/ramulator/657.xz_s-3167B.yaml --json results/1c/hbm4/champsim/657.xz_s-3167B.json traces/657.xz_s-3167B.champsimtrace.xz
888	:	1789436905.544	  7562.565	0	34387	0	0	./bin/champsim_goldencove_1c_hbm4 --warmup-instructions 200000000 --ramulator-stats results/1c/hbm4/ramulator/657.xz_s-2302B.yaml --json results/1c/hbm4/champsim/657.xz_s-2302B.json traces/657.xz_s-2302B.champsimtrace.xz
879	:	1789433527.900	 11048.018	0	34573	0	0	./bin/champsim_goldencove_1c_hbm4 --warmup-instructions 200000000 --ramulator-stats results/1c/hbm4/ramulator/654.roms_s-1007B.yaml --json results/1c/hbm4/champsim/654.roms_s-1007B.json traces/654.roms_s-1007B.champsimtrace.xz
887	:	1789436610.768	  8056.830	0	34304	0	0	./bin/champsim_goldencove_1c_hbm4 --warmup-instructions 200000000 --ramulator-stats results/1c/hbm4/ramulator/654.roms_s-842B.yaml --json results/1c/hbm4/champsim/654.roms_s-842B.json traces/654.roms_s-842B.champsimtrace.xz
881	:	1789434125.925	 10736.180	0	34580	0	0	./bin/champsim_goldencove_1c_hbm4 --warmup-instructions 200000000 --ramulator-stats results/1c/hbm4/ramulator/654.roms_s-1070B.yaml --json results/1c/hbm4/champsim/654.roms_s-1070B.json traces/654.roms_s-1070B.champsimtrace.xz
883	:	1789435367.842	  9566.098	0	34529	0	0	./bin/champsim_goldencove_1c_hbm4 --warmup-instructions 200000000 --ramulator-stats results/1c/hbm4/ramulator/654.roms_s-1613B.yaml --json results/1c/hbm4/champsim/654.roms_s-1613B.json traces/654.roms_s-1613B.champsimtrace.xz
903	:	1789438740.284	  6196.577	0	34910	0	0	./bin/champsim_goldencove_1c_hbm4_llc --warmup-instructions 200000000 --ramulator-stats results/1c/hbm4_llc/ramulator/603.bwaves_s-1080B.yaml --json results/1c/hbm4_llc/champsim/603.bwaves_s-1080B.json traces/603.bwaves_s-1080B.champsimtrace.xz
885	:	1789436307.367	  8909.267	0	34370	0	0	./bin/champsim_goldencove_1c_hbm4 --warmup-instructions 200000000 --ramulator-stats results/1c/hbm4/ramulator/654.roms_s-294B.yaml --json results/1c/hbm4/champsim/654.roms_s-294B.json traces/654.roms_s-294B.champsimtrace.xz
907	:	1789439408.632	  5820.374	0	34883	0	0	./bin/champsim_goldencove_1c_hbm4_llc --warmup-instructions 200000000 --ramulator-stats results/1c/hbm4_llc/ramulator/603.bwaves_s-3699B.yaml --json results/1c/hbm4_llc/champsim/603.bwaves_s-3699B.json traces/603.bwaves_s-3699B.champsimtrace.xz
908	:	1789439444.296	  5790.026	0	34909	0	0	./bin/champsim_goldencove_1c_hbm4_llc --warmup-instructions 200000000 --ramulator-stats results/1c/hbm4_llc/ramulator/603.bwaves_s-5359B.yaml --json results/1c/hbm4_llc/champsim/603.bwaves_s-5359B.json traces/603.bwaves_s-5359B.champsimtrace.xz
877	:	1789433261.016	 11988.660	0	34418	0	0	./bin/champsim_goldencove_1c_hbm4 --warmup-instructions 200000000 --ramulator-stats results/1c/hbm4/ramulator/649.fotonik3d_s-7084B.yaml --json results/1c/hbm4/champsim/649.fotonik3d_s-7084B.json traces/649.fotonik3d_s-7084B.champsimtrace.xz
875	:	1789432755.317	 12731.665	0	34675	0	0	./bin/champsim_goldencove_1c_hbm4 --warmup-instructions 200000000 --ramulator-stats results/1c/hbm4/ramulator/649.fotonik3d_s-1176B.yaml --json results/1c/hbm4/champsim/649.fotonik3d_s-1176B.json traces/649.fotonik3d_s-1176B.champsimtrace.xz
878	:	1789433309.005	 12711.017	0	34645	0	0	./bin/champsim_goldencove_1c_hbm4 --warmup-instructions 200000000 --ramulator-stats results/1c/hbm4/ramulator/649.fotonik3d_s-8225B.yaml --json results/1c/hbm4/champsim/649.fotonik3d_s-8225B.json traces/649.fotonik3d_s-8225B.champsimtrace.xz
896	:	1789437714.331	  8536.080	0	34995	0	0	./bin/champsim_goldencove_1c_hbm4_llc --warmup-instructions 200000000 --ramulator-stats results/1c/hbm4_llc/ramulator/600.perlbench_s-1273B.yaml --json results/1c/hbm4_llc/champsim/600.perlbench_s-1273B.json traces/600.perlbench_s-1273B.champsimtrace.xz
897	:	1789437945.738	  8528.796	0	35030	0	0	./bin/champsim_goldencove_1c_hbm4_llc --warmup-instructions 200000000 --ramulator-stats results/1c/hbm4_llc/ramulator/600.perlbench_s-210B.yaml --json results/1c/hbm4_llc/champsim/600.perlbench_s-210B.json traces/600.perlbench_s-210B.champsimtrace.xz
902	:	1789438650.871	  7860.340	0	34955	0	0	./bin/champsim_goldencove_1c_hbm4_llc --warmup-instructions 200000000 --ramulator-stats results/1c/hbm4_llc/ramulator/602.gcc_s-734B.yaml --json results/1c/hbm4_llc/champsim/602.gcc_s-734B.json traces/602.gcc_s-734B.champsimtrace.xz
884	:	1789435947.773	 10704.174	0	34542	0	0	./bin/champsim_goldencove_1c_hbm4 --warmup-instructions 200000000 --ramulator-stats results/1c/hbm4/ramulator/654.roms_s-293B.yaml --json results/1c/hbm4/champsim/654.roms_s-293B.json traces/654.roms_s-293B.champsimtrace.xz
898	:	1789438164.612	  8509.766	0	35000	0	0	./bin/champsim_goldencove_1c_hbm4_llc --warmup-instructions 200000000 --ramulator-stats results/1c/hbm4_llc/ramulator/600.perlbench_s-570B.yaml --json results/1c/hbm4_llc/champsim/600.perlbench_s-570B.json traces/600.perlbench_s-570B.champsimtrace.xz
874	:	1789432708.908	 14087.736	0	34677	0	0	./bin/champsim_goldencove_1c_hbm4 --warmup-instructions 200000000 --ramulator-stats results/1c/hbm4/ramulator/649.fotonik3d_s-10881B.yaml --json results/1c/hbm4/champsim/649.fotonik3d_s-10881B.json traces/649.fotonik3d_s-10881B.champsimtrace.xz
882	:	1789435012.456	 12102.359	0	34619	0	0	./bin/champsim_goldencove_1c_hbm4 --warmup-instructions 200000000 --ramulator-stats results/1c/hbm4/ramulator/654.roms_s-1390B.yaml --json results/1c/hbm4/champsim/654.roms_s-1390B.json traces/654.roms_s-1390B.champsimtrace.xz
901	:	1789438643.506	  8537.667	0	35106	0	0	./bin/champsim_goldencove_1c_hbm4_llc --warmup-instructions 200000000 --ramulator-stats results/1c/hbm4_llc/ramulator/602.gcc_s-2375B.yaml --json results/1c/hbm4_llc/champsim/602.gcc_s-2375B.json traces/602.gcc_s-2375B.champsimtrace.xz
886	:	1789436600.892	 11548.831	0	34612	0	0	./bin/champsim_goldencove_1c_hbm4 --warmup-instructions 200000000 --ramulator-stats results/1c/hbm4/ramulator/654.roms_s-523B.yaml --json results/1c/hbm4/champsim/654.roms_s-523B.json traces/654.roms_s-523B.champsimtrace.xz
697	:	1789395177.121	 53399.307	0	244746	0	0	./bin/champsim_goldencove_8c_hbm3_llc --warmup-instructions 200000000 --ramulator-stats results/8c/hbm3_llc/ramulator/random.yaml --json results/8c/hbm3_llc/champsim/random.json traces/657.xz_s-3167B.champsimtrace.xz traces/605.mcf_s-1152B.champsimtrace.xz traces/605.mcf_s-665B.champsimtrace.xz traces/605.mcf_s-472B.champsimtrace.xz traces/641.leela_s-800B.champsimtrace.xz traces/607.cactuBSSN_s-4004B.champsimtrace.xz traces/648.exchange2_s-1227B.champsimtrace.xz traces/600.perlbench_s-1273B.champsimtrace.xz
906	:	1789439259.502	 10198.978	0	35015	0	0	./bin/champsim_goldencove_1c_hbm4_llc --warmup-instructions 200000000 --ramulator-stats results/1c/hbm4_llc/ramulator/603.bwaves_s-2931B.yaml --json results/1c/hbm4_llc/champsim/603.bwaves_s-2931B.json traces/603.bwaves_s-2931B.champsimtrace.xz
899	:	1789438442.868	 11947.608	0	35378	0	0	./bin/champsim_goldencove_1c_hbm4_llc --warmup-instructions 200000000 --ramulator-stats results/1c/hbm4_llc/ramulator/602.gcc_s-1850B.yaml --json results/1c/hbm4_llc/champsim/602.gcc_s-1850B.json traces/602.gcc_s-1850B.champsimtrace.xz
904	:	1789438833.511	 11805.991	0	35374	0	0	./bin/champsim_goldencove_1c_hbm4_llc --warmup-instructions 200000000 --ramulator-stats results/1c/hbm4_llc/ramulator/603.bwaves_s-1740B.yaml --json results/1c/hbm4_llc/champsim/603.bwaves_s-1740B.json traces/603.bwaves_s-1740B.champsimtrace.xz
922	:	1789444933.947	  5790.250	0	34772	0	0	./bin/champsim_goldencove_1c_hbm4_llc --warmup-instructions 200000000 --ramulator-stats results/1c/hbm4_llc/ramulator/607.cactuBSSN_s-4248B.yaml --json results/1c/hbm4_llc/champsim/607.cactuBSSN_s-4248B.json traces/607.cactuBSSN_s-4248B.champsimtrace.xz
909	:	1789439736.281	 11193.438	0	35358	0	0	./bin/champsim_goldencove_1c_hbm4_llc --warmup-instructions 200000000 --ramulator-stats results/1c/hbm4_llc/ramulator/603.bwaves_s-891B.yaml --json results/1c/hbm4_llc/champsim/603.bwaves_s-891B.json traces/603.bwaves_s-891B.champsimtrace.xz
905	:	1789439086.809	 12418.568	0	35327	0	0	./bin/champsim_goldencove_1c_hbm4_llc --warmup-instructions 200000000 --ramulator-stats results/1c/hbm4_llc/ramulator/603.bwaves_s-2609B.yaml --json results/1c/hbm4_llc/champsim/603.bwaves_s-2609B.json traces/603.bwaves_s-2609B.champsimtrace.xz
913	:	1789440211.238	 13711.358	0	35474	0	0	./bin/champsim_goldencove_1c_hbm4_llc --warmup-instructions 200000000 --ramulator-stats results/1c/hbm4_llc/ramulator/605.mcf_s-1644B.yaml --json results/1c/hbm4_llc/champsim/605.mcf_s-1644B.json traces/605.mcf_s-1644B.champsimtrace.xz
929	:	1789446020.032	  8566.941	0	34992	0	0	./bin/champsim_goldencove_1c_hbm4_llc --warmup-instructions 200000000 --ramulator-stats results/1c/hbm4_llc/ramulator/621.wrf_s-575B.yaml --json results/1c/hbm4_llc/champsim/621.wrf_s-575B.json traces/621.wrf_s-575B.champsimtrace.xz
930	:	1789446250.418	  8436.627	0	35022	0	0	./bin/champsim_goldencove_1c_hbm4_llc --warmup-instructions 200000000 --ramulator-stats results/1c/hbm4_llc/ramulator/621.wrf_s-6673B.yaml --json results/1c/hbm4_llc/champsim/621.wrf_s-6673B.json traces/621.wrf_s-6673B.champsimtrace.xz
932	:	1789446511.219	  8305.611	0	35039	0	0	./bin/champsim_goldencove_1c_hbm4_llc --warmup-instructions 200000000 --ramulator-stats results/1c/hbm4_llc/ramulator/621.wrf_s-8100B.yaml --json results/1c/hbm4_llc/champsim/621.wrf_s-8100B.json traces/621.wrf_s-8100B.champsimtrace.xz
931	:	1789446474.539	  8478.089	0	35024	0	0	./bin/champsim_goldencove_1c_hbm4_llc --warmup-instructions 200000000 --ramulator-stats results/1c/hbm4_llc/ramulator/621.wrf_s-8065B.yaml --json results/1c/hbm4_llc/champsim/621.wrf_s-8065B.json traces/621.wrf_s-8065B.champsimtrace.xz
934	:	1789446674.386	  8393.597	0	34977	0	0	./bin/champsim_goldencove_1c_hbm4_llc --warmup-instructions 200000000 --ramulator-stats results/1c/hbm4_llc/ramulator/623.xalancbmk_s-165B.yaml --json results/1c/hbm4_llc/champsim/623.xalancbmk_s-165B.json traces/623.xalancbmk_s-165B.champsimtrace.xz
919	:	1789444575.928	 10800.608	0	34734	0	0	./bin/champsim_goldencove_1c_hbm4_llc --warmup-instructions 200000000 --ramulator-stats results/1c/hbm4_llc/ramulator/607.cactuBSSN_s-2421B.yaml --json results/1c/hbm4_llc/champsim/607.cactuBSSN_s-2421B.json traces/607.cactuBSSN_s-2421B.champsimtrace.xz
935	:	1789446796.651	  8624.230	0	34982	0	0	./bin/champsim_goldencove_1c_hbm4_llc --warmup-instructions 200000000 --ramulator-stats results/1c/hbm4_llc/ramulator/623.xalancbmk_s-202B.yaml --json results/1c/hbm4_llc/champsim/623.xalancbmk_s-202B.json traces/623.xalancbmk_s-202B.champsimtrace.xz
939	:	1789448576.451	  7007.950	0	34957	0	0	./bin/champsim_goldencove_1c_hbm4_llc --warmup-instructions 200000000 --ramulator-stats results/1c/hbm4_llc/ramulator/625.x264_s-12B.yaml --json results/1c/hbm4_llc/champsim/625.x264_s-12B.json traces/625.x264_s-12B.champsimtrace.xz
920	:	1789444667.604	 11317.722	0	35060	0	0	./bin/champsim_goldencove_1c_hbm4_llc --warmup-instructions 200000000 --ramulator-stats results/1c/hbm4_llc/ramulator/607.cactuBSSN_s-3477B.yaml --json results/1c/hbm4_llc/champsim/607.cactuBSSN_s-3477B.json traces/607.cactuBSSN_s-3477B.champsimtrace.xz
916	:	1789442884.528	 13154.926	0	35394	0	0	./bin/champsim_goldencove_1c_hbm4_llc --warmup-instructions 200000000 --ramulator-stats results/1c/hbm4_llc/ramulator/605.mcf_s-665B.yaml --json results/1c/hbm4_llc/champsim/605.mcf_s-665B.json traces/605.mcf_s-665B.champsimtrace.xz
921	:	1789444862.113	 11235.999	0	35027	0	0	./bin/champsim_goldencove_1c_hbm4_llc --warmup-instructions 200000000 --ramulator-stats results/1c/hbm4_llc/ramulator/607.cactuBSSN_s-4004B.yaml --json results/1c/hbm4_llc/champsim/607.cactuBSSN_s-4004B.json traces/607.cactuBSSN_s-4004B.champsimtrace.xz
910	:	1789439896.671	 16294.118	0	35396	0	0	./bin/champsim_goldencove_1c_hbm4_llc --warmup-instructions 200000000 --ramulator-stats results/1c/hbm4_llc/ramulator/605.mcf_s-1152B.yaml --json results/1c/hbm4_llc/champsim/605.mcf_s-1152B.json traces/605.mcf_s-1152B.champsimtrace.xz
940	:	1789449458.489	  6844.866	0	34935	0	0	./bin/champsim_goldencove_1c_hbm4_llc --warmup-instructions 200000000 --ramulator-stats results/1c/hbm4_llc/ramulator/625.x264_s-18B.yaml --json results/1c/hbm4_llc/champsim/625.x264_s-18B.json traces/625.x264_s-18B.champsimtrace.xz
936	:	1789447114.820	  9281.664	0	35106	0	0	./bin/champsim_goldencove_1c_hbm4_llc --warmup-instructions 200000000 --ramulator-stats results/1c/hbm4_llc/ramulator/623.xalancbmk_s-325B.yaml --json results/1c/hbm4_llc/champsim/623.xalancbmk_s-325B.json traces/623.xalancbmk_s-325B.champsimtrace.xz
937	:	1789447181.177	  9312.353	0	35084	0	0	./bin/champsim_goldencove_1c_hbm4_llc --warmup-instructions 200000000 --ramulator-stats results/1c/hbm4_llc/ramulator/623.xalancbmk_s-592B.yaml --json results/1c/hbm4_llc/champsim/623.xalancbmk_s-592B.json traces/623.xalancbmk_s-592B.champsimtrace.xz
923	:	1789444936.872	 12053.723	0	35305	0	0	./bin/champsim_goldencove_1c_hbm4_llc --warmup-instructions 200000000 --ramulator-stats results/1c/hbm4_llc/ramulator/619.lbm_s-2676B.yaml --json results/1c/hbm4_llc/champsim/619.lbm_s-2676B.json traces/619.lbm_s-2676B.champsimtrace.xz
941	:	1789450390.482	  6894.044	0	34956	0	0	./bin/champsim_goldencove_1c_hbm4_llc --warmup-instructions 200000000 --ramulator-stats results/1c/hbm4_llc/ramulator/625.x264_s-20B.yaml --json results/1c/hbm4_llc/champsim/625.x264_s-20B.json traces/625.x264_s-20B.champsimtrace.xz
926	:	1789445234.328	 12079.782	0	35340	0	0	./bin/champsim_goldencove_1c_hbm4_llc --warmup-instructions 200000000 --ramulator-stats results/1c/hbm4_llc/ramulator/619.lbm_s-4268B.yaml --json results/1c/hbm4_llc/champsim/619.lbm_s-4268B.json traces/619.lbm_s-4268B.champsimtrace.xz
943	:	1789450724.202	  6773.837	0	34937	0	0	./bin/champsim_goldencove_1c_hbm4_llc --warmup-instructions 200000000 --ramulator-stats results/1c/hbm4_llc/ramulator/625.x264_s-39B.yaml --json results/1c/hbm4_llc/champsim/625.x264_s-39B.json traces/625.x264_s-39B.champsimtrace.xz
942	:	1789450639.509	  6986.662	0	34947	0	0	./bin/champsim_goldencove_1c_hbm4_llc --warmup-instructions 200000000 --ramulator-stats results/1c/hbm4_llc/ramulator/625.x264_s-33B.yaml --json results/1c/hbm4_llc/champsim/625.x264_s-33B.json traces/625.x264_s-33B.champsimtrace.xz
911	:	1789440121.907	 17657.052	0	35425	0	0	./bin/champsim_goldencove_1c_hbm4_llc --warmup-instructions 200000000 --ramulator-stats results/1c/hbm4_llc/ramulator/605.mcf_s-1536B.yaml --json results/1c/hbm4_llc/champsim/605.mcf_s-1536B.json traces/605.mcf_s-1536B.champsimtrace.xz
927	:	1789445249.681	 12599.473	0	35396	0	0	./bin/champsim_goldencove_1c_hbm4_llc --warmup-instructions 200000000 --ramulator-stats results/1c/hbm4_llc/ramulator/620.omnetpp_s-141B.yaml --json results/1c/hbm4_llc/champsim/620.omnetpp_s-141B.json traces/620.omnetpp_s-141B.champsimtrace.xz
818	:	1789416438.537	 41475.279	0	34769	0	0	./bin/champsim_goldencove_1c_hbm4 --warmup-instructions 200000000 --ramulator-stats results/1c/hbm4/ramulator/605.mcf_s-782B.yaml --json results/1c/hbm4/champsim/605.mcf_s-782B.json traces/605.mcf_s-782B.champsimtrace.xz
924	:	1789445216.641	 12703.457	0	35338	0	0	./bin/champsim_goldencove_1c_hbm4_llc --warmup-instructions 200000000 --ramulator-stats results/1c/hbm4_llc/ramulator/619.lbm_s-2677B.yaml --json results/1c/hbm4_llc/champsim/619.lbm_s-2677B.json traces/619.lbm_s-2677B.champsimtrace.xz
945	:	1789451505.383	  6456.947	0	34932	0	0	./bin/champsim_goldencove_1c_hbm4_llc --warmup-instructions 200000000 --ramulator-stats results/1c/hbm4_llc/ramulator/627.cam4_s-573B.yaml --json results/1c/hbm4_llc/champsim/627.cam4_s-573B.json traces/627.cam4_s-573B.champsimtrace.xz
928	:	1789445486.987	 12484.487	0	35374	0	0	./bin/champsim_goldencove_1c_hbm4_llc --warmup-instructions 200000000 --ramulator-stats results/1c/hbm4_llc/ramulator/620.omnetpp_s-874B.yaml --json results/1c/hbm4_llc/champsim/620.omnetpp_s-874B.json traces/620.omnetpp_s-874B.champsimtrace.xz
912	:	1789440147.743	 18060.937	0	35417	0	0	./bin/champsim_goldencove_1c_hbm4_llc --warmup-instructions 200000000 --ramulator-stats results/1c/hbm4_llc/ramulator/605.mcf_s-1554B.yaml --json results/1c/hbm4_llc/champsim/605.mcf_s-1554B.json traces/605.mcf_s-1554B.champsimtrace.xz
938	:	1789448149.731	 10115.842	0	35275	0	0	./bin/champsim_goldencove_1c_hbm4_llc --warmup-instructions 200000000 --ramulator-stats results/1c/hbm4_llc/ramulator/623.xalancbmk_s-700B.yaml --json results/1c/hbm4_llc/champsim/623.xalancbmk_s-700B.json traces/623.xalancbmk_s-700B.champsimtrace.xz
925	:	1789445229.012	 13161.474	0	35347	0	0	./bin/champsim_goldencove_1c_hbm4_llc --warmup-instructions 200000000 --ramulator-stats results/1c/hbm4_llc/ramulator/619.lbm_s-3766B.yaml --json results/1c/hbm4_llc/champsim/619.lbm_s-3766B.json traces/619.lbm_s-3766B.champsimtrace.xz
933	:	1789446651.956	 11771.513	0	35381	0	0	./bin/champsim_goldencove_1c_hbm4_llc --warmup-instructions 200000000 --ramulator-stats results/1c/hbm4_llc/ramulator/623.xalancbmk_s-10B.yaml --json results/1c/hbm4_llc/champsim/623.xalancbmk_s-10B.json traces/623.xalancbmk_s-10B.champsimtrace.xz
914	:	1789441359.779	 17202.927	0	35461	0	0	./bin/champsim_goldencove_1c_hbm4_llc --warmup-instructions 200000000 --ramulator-stats results/1c/hbm4_llc/ramulator/605.mcf_s-472B.yaml --json results/1c/hbm4_llc/champsim/605.mcf_s-472B.json traces/605.mcf_s-472B.champsimtrace.xz
944	:	1789450929.727	  7955.246	0	34999	0	0	./bin/champsim_goldencove_1c_hbm4_llc --warmup-instructions 200000000 --ramulator-stats results/1c/hbm4_llc/ramulator/627.cam4_s-490B.yaml --json results/1c/hbm4_llc/champsim/627.cam4_s-490B.json traces/627.cam4_s-490B.champsimtrace.xz
918	:	1789444468.116	 14591.213	0	35405	0	0	./bin/champsim_goldencove_1c_hbm4_llc --warmup-instructions 200000000 --ramulator-stats results/1c/hbm4_llc/ramulator/605.mcf_s-994B.yaml --json results/1c/hbm4_llc/champsim/605.mcf_s-994B.json traces/605.mcf_s-994B.champsimtrace.xz
948	:	1789454687.051	  4406.235	0	34633	0	0	./bin/champsim_goldencove_1c_hbm4_llc --warmup-instructions 200000000 --ramulator-stats results/1c/hbm4_llc/ramulator/638.imagick_s-10316B.yaml --json results/1c/hbm4_llc/champsim/638.imagick_s-10316B.json traces/638.imagick_s-10316B.champsimtrace.xz
915	:	1789441758.487	 19133.345	0	35468	0	0	./bin/champsim_goldencove_1c_hbm4_llc --warmup-instructions 200000000 --ramulator-stats results/1c/hbm4_llc/ramulator/605.mcf_s-484B.yaml --json results/1c/hbm4_llc/champsim/605.mcf_s-484B.json traces/605.mcf_s-484B.champsimtrace.xz
946	:	1789453922.605	  7198.529	0	34960	0	0	./bin/champsim_goldencove_1c_hbm4_llc --warmup-instructions 200000000 --ramulator-stats results/1c/hbm4_llc/ramulator/628.pop2_s-17B.yaml --json results/1c/hbm4_llc/champsim/628.pop2_s-17B.json traces/628.pop2_s-17B.champsimtrace.xz
949	:	1789454816.837	  6966.045	0	34996	0	0	./bin/champsim_goldencove_1c_hbm4_llc --warmup-instructions 200000000 --ramulator-stats results/1c/hbm4_llc/ramulator/638.imagick_s-4128B.yaml --json results/1c/hbm4_llc/champsim/638.imagick_s-4128B.json traces/638.imagick_s-4128B.champsimtrace.xz
950	:	1789454952.634	  7466.036	0	34919	0	0	./bin/champsim_goldencove_1c_hbm4_llc --warmup-instructions 200000000 --ramulator-stats results/1c/hbm4_llc/ramulator/638.imagick_s-824B.yaml --json results/1c/hbm4_llc/champsim/638.imagick_s-824B.json traces/638.imagick_s-824B.champsimtrace.xz
951	:	1789455067.989	  7752.649	0	34998	0	0	./bin/champsim_goldencove_1c_hbm4_llc --warmup-instructions 200000000 --ramulator-stats results/1c/hbm4_llc/ramulator/641.leela_s-1052B.yaml --json results/1c/hbm4_llc/champsim/641.leela_s-1052B.json traces/641.leela_s-1052B.champsimtrace.xz
958	:	1789456190.794	  6861.625	0	34924	0	0	./bin/champsim_goldencove_1c_hbm4_llc --warmup-instructions 200000000 --ramulator-stats results/1c/hbm4_llc/ramulator/644.nab_s-12459B.yaml --json results/1c/hbm4_llc/champsim/644.nab_s-12459B.json traces/644.nab_s-12459B.champsimtrace.xz
947	:	1789454586.983	  8477.144	0	34950	0	0	./bin/champsim_goldencove_1c_hbm4_llc --warmup-instructions 200000000 --ramulator-stats results/1c/hbm4_llc/ramulator/631.deepsjeng_s-928B.yaml --json results/1c/hbm4_llc/champsim/631.deepsjeng_s-928B.json traces/631.deepsjeng_s-928B.champsimtrace.xz
953	:	1789455420.889	  7678.348	0	34927	0	0	./bin/champsim_goldencove_1c_hbm4_llc --warmup-instructions 200000000 --ramulator-stats results/1c/hbm4_llc/ramulator/641.leela_s-149B.yaml --json results/1c/hbm4_llc/champsim/641.leela_s-149B.json traces/641.leela_s-149B.champsimtrace.xz
900	:	1789438586.405	 24518.339	0	35424	0	0	./bin/champsim_goldencove_1c_hbm4_llc --warmup-instructions 200000000 --ramulator-stats results/1c/hbm4_llc/ramulator/602.gcc_s-2226B.yaml --json results/1c/hbm4_llc/champsim/602.gcc_s-2226B.json traces/602.gcc_s-2226B.champsimtrace.xz
952	:	1789455376.544	  7873.774	0	35044	0	0	./bin/champsim_goldencove_1c_hbm4_llc --warmup-instructions 200000000 --ramulator-stats results/1c/hbm4_llc/ramulator/641.leela_s-1083B.yaml --json results/1c/hbm4_llc/champsim/641.leela_s-1083B.json traces/641.leela_s-1083B.champsimtrace.xz
954	:	1789455584.409	  7912.111	0	35015	0	0	./bin/champsim_goldencove_1c_hbm4_llc --warmup-instructions 200000000 --ramulator-stats results/1c/hbm4_llc/ramulator/641.leela_s-334B.yaml --json results/1c/hbm4_llc/champsim/641.leela_s-334B.json traces/641.leela_s-334B.champsimtrace.xz
956	:	1789456039.462	  7580.078	0	35001	0	0	./bin/champsim_goldencove_1c_hbm4_llc --warmup-instructions 200000000 --ramulator-stats results/1c/hbm4_llc/ramulator/641.leela_s-800B.yaml --json results/1c/hbm4_llc/champsim/641.leela_s-800B.json traces/641.leela_s-800B.champsimtrace.xz
957	:	1789456098.117	  7656.069	0	35010	0	0	./bin/champsim_goldencove_1c_hbm4_llc --warmup-instructions 200000000 --ramulator-stats results/1c/hbm4_llc/ramulator/641.leela_s-862B.yaml --json results/1c/hbm4_llc/champsim/641.leela_s-862B.json traces/641.leela_s-862B.champsimtrace.xz
955	:	1789455985.332	  7823.384	0	35012	0	0	./bin/champsim_goldencove_1c_hbm4_llc --warmup-instructions 200000000 --ramulator-stats results/1c/hbm4_llc/ramulator/641.leela_s-602B.yaml --json results/1c/hbm4_llc/champsim/641.leela_s-602B.json traces/641.leela_s-602B.champsimtrace.xz
979	:	1789459059.335	  5452.986	0	34904	0	0	./bin/champsim_goldencove_1c_hbm4_llc --warmup-instructions 200000000 --ramulator-stats results/1c/hbm4_llc/ramulator/654.roms_s-1021B.yaml --json results/1c/hbm4_llc/champsim/654.roms_s-1021B.json traces/654.roms_s-1021B.champsimtrace.xz
960	:	1789456396.493	  8361.197	0	35372	0	0	./bin/champsim_goldencove_1c_hbm4_llc --warmup-instructions 200000000 --ramulator-stats results/1c/hbm4_llc/ramulator/644.nab_s-5853B.yaml --json results/1c/hbm4_llc/champsim/644.nab_s-5853B.json traces/644.nab_s-5853B.champsimtrace.xz
970	:	1789457920.106	  6898.868	0	34149	0	0	./bin/champsim_goldencove_1c_hbm4_llc --warmup-instructions 200000000 --ramulator-stats results/1c/hbm4_llc/ramulator/648.exchange2_s-387B.yaml --json results/1c/hbm4_llc/champsim/648.exchange2_s-387B.json traces/648.exchange2_s-387B.champsimtrace.xz
963	:	1789457284.533	  7564.595	0	34981	0	0	./bin/champsim_goldencove_1c_hbm4_llc --warmup-instructions 200000000 --ramulator-stats results/1c/hbm4_llc/ramulator/648.exchange2_s-1227B.yaml --json results/1c/hbm4_llc/champsim/648.exchange2_s-1227B.json traces/648.exchange2_s-1227B.champsimtrace.xz
961	:	1789456493.536	  8455.552	0	34912	0	0	./bin/champsim_goldencove_1c_hbm4_llc --warmup-instructions 200000000 --ramulator-stats results/1c/hbm4_llc/ramulator/644.nab_s-7928B.yaml --json results/1c/hbm4_llc/champsim/644.nab_s-7928B.json traces/644.nab_s-7928B.champsimtrace.xz
964	:	1789457314.118	  7704.808	0	34975	0	0	./bin/champsim_goldencove_1c_hbm4_llc --warmup-instructions 200000000 --ramulator-stats results/1c/hbm4_llc/ramulator/648.exchange2_s-1247B.yaml --json results/1c/hbm4_llc/champsim/648.exchange2_s-1247B.json traces/648.exchange2_s-1247B.champsimtrace.xz
959	:	1789456303.361	  8850.586	0	34982	0	0	./bin/champsim_goldencove_1c_hbm4_llc --warmup-instructions 200000000 --ramulator-stats results/1c/hbm4_llc/ramulator/644.nab_s-12521B.yaml --json results/1c/hbm4_llc/champsim/644.nab_s-12521B.json traces/644.nab_s-12521B.champsimtrace.xz
965	:	1789457498.047	  7687.630	0	34171	0	0	./bin/champsim_goldencove_1c_hbm4_llc --warmup-instructions 200000000 --ramulator-stats results/1c/hbm4_llc/ramulator/648.exchange2_s-1511B.yaml --json results/1c/hbm4_llc/champsim/648.exchange2_s-1511B.json traces/648.exchange2_s-1511B.champsimtrace.xz
962	:	1789456990.602	  8298.513	0	34969	0	0	./bin/champsim_goldencove_1c_hbm4_llc --warmup-instructions 200000000 --ramulator-stats results/1c/hbm4_llc/ramulator/644.nab_s-9322B.yaml --json results/1c/hbm4_llc/champsim/644.nab_s-9322B.json traces/644.nab_s-9322B.champsimtrace.xz
967	:	1789457778.967	  7939.739	0	34995	0	0	./bin/champsim_goldencove_1c_hbm4_llc --warmup-instructions 200000000 --ramulator-stats results/1c/hbm4_llc/ramulator/648.exchange2_s-1712B.yaml --json results/1c/hbm4_llc/champsim/648.exchange2_s-1712B.json traces/648.exchange2_s-1712B.champsimtrace.xz
969	:	1789457913.825	  7837.661	0	34961	0	0	./bin/champsim_goldencove_1c_hbm4_llc --warmup-instructions 200000000 --ramulator-stats results/1c/hbm4_llc/ramulator/648.exchange2_s-353B.yaml --json results/1c/hbm4_llc/champsim/648.exchange2_s-353B.json traces/648.exchange2_s-353B.champsimtrace.xz
966	:	1789457626.182	  8129.990	0	34190	0	0	./bin/champsim_goldencove_1c_hbm4_llc --warmup-instructions 200000000 --ramulator-stats results/1c/hbm4_llc/ramulator/648.exchange2_s-1699B.yaml --json results/1c/hbm4_llc/champsim/648.exchange2_s-1699B.json traces/648.exchange2_s-1699B.champsimtrace.xz
971	:	1789457962.337	  7852.185	0	34955	0	0	./bin/champsim_goldencove_1c_hbm4_llc --warmup-instructions 200000000 --ramulator-stats results/1c/hbm4_llc/ramulator/648.exchange2_s-584B.yaml --json results/1c/hbm4_llc/champsim/648.exchange2_s-584B.json traces/648.exchange2_s-584B.champsimtrace.xz
975	:	1789458390.499	  7440.059	0	34977	0	0	./bin/champsim_goldencove_1c_hbm4_llc --warmup-instructions 200000000 --ramulator-stats results/1c/hbm4_llc/ramulator/649.fotonik3d_s-1B.yaml --json results/1c/hbm4_llc/champsim/649.fotonik3d_s-1B.json traces/649.fotonik3d_s-1B.champsimtrace.xz
972	:	1789457971.480	  7865.210	0	34955	0	0	./bin/champsim_goldencove_1c_hbm4_llc --warmup-instructions 200000000 --ramulator-stats results/1c/hbm4_llc/ramulator/648.exchange2_s-72B.yaml --json results/1c/hbm4_llc/champsim/648.exchange2_s-72B.json traces/648.exchange2_s-72B.champsimtrace.xz
968	:	1789457849.162	  8139.450	0	34973	0	0	./bin/champsim_goldencove_1c_hbm4_llc --warmup-instructions 200000000 --ramulator-stats results/1c/hbm4_llc/ramulator/648.exchange2_s-210B.yaml --json results/1c/hbm4_llc/champsim/648.exchange2_s-210B.json traces/648.exchange2_s-210B.champsimtrace.xz
796	:	1789412630.743	 53400.586	0	227876	0	0	./bin/champsim_goldencove_8c_hbm4 --warmup-instructions 200000000 --ramulator-stats results/8c/hbm4/ramulator/random.yaml --json results/8c/hbm4/champsim/random.json traces/657.xz_s-3167B.champsimtrace.xz traces/605.mcf_s-1152B.champsimtrace.xz traces/605.mcf_s-665B.champsimtrace.xz traces/605.mcf_s-472B.champsimtrace.xz traces/641.leela_s-800B.champsimtrace.xz traces/607.cactuBSSN_s-4004B.champsimtrace.xz traces/648.exchange2_s-1227B.champsimtrace.xz traces/600.perlbench_s-1273B.champsimtrace.xz
990	:	1789463250.327	  4766.403	0	34878	0	0	./bin/champsim_goldencove_1c_hbm4_llc --warmup-instructions 200000000 --ramulator-stats results/1c/hbm4_llc/ramulator/657.xz_s-56B.yaml --json results/1c/hbm4_llc/champsim/657.xz_s-56B.json traces/657.xz_s-56B.champsimtrace.xz
989	:	1789463104.756	  5977.098	0	34952	0	0	./bin/champsim_goldencove_1c_hbm4_llc --warmup-instructions 200000000 --ramulator-stats results/1c/hbm4_llc/ramulator/657.xz_s-4994B.yaml --json results/1c/hbm4_llc/champsim/657.xz_s-4994B.json traces/657.xz_s-4994B.champsimtrace.xz
988	:	1789463099.243	  6732.773	0	34941	0	0	./bin/champsim_goldencove_1c_hbm4_llc --warmup-instructions 200000000 --ramulator-stats results/1c/hbm4_llc/ramulator/657.xz_s-3167B.yaml --json results/1c/hbm4_llc/champsim/657.xz_s-3167B.json traces/657.xz_s-3167B.champsimtrace.xz
987	:	1789463064.133	  6867.044	0	34984	0	0	./bin/champsim_goldencove_1c_hbm4_llc --warmup-instructions 200000000 --ramulator-stats results/1c/hbm4_llc/ramulator/657.xz_s-2302B.yaml --json results/1c/hbm4_llc/champsim/657.xz_s-2302B.json traces/657.xz_s-2302B.champsimtrace.xz
980	:	1789459093.292	 10841.648	0	35304	0	0	./bin/champsim_goldencove_1c_hbm4_llc --warmup-instructions 200000000 --ramulator-stats results/1c/hbm4_llc/ramulator/654.roms_s-1070B.yaml --json results/1c/hbm4_llc/champsim/654.roms_s-1070B.json traces/654.roms_s-1070B.champsimtrace.xz
982	:	1789461121.141	  8982.035	0	35027	0	0	./bin/champsim_goldencove_1c_hbm4_llc --warmup-instructions 200000000 --ramulator-stats results/1c/hbm4_llc/ramulator/654.roms_s-1613B.yaml --json results/1c/hbm4_llc/champsim/654.roms_s-1613B.json traces/654.roms_s-1613B.champsimtrace.xz
978	:	1789458884.980	 11280.777	0	35304	0	0	./bin/champsim_goldencove_1c_hbm4_llc --warmup-instructions 200000000 --ramulator-stats results/1c/hbm4_llc/ramulator/654.roms_s-1007B.yaml --json results/1c/hbm4_llc/champsim/654.roms_s-1007B.json traces/654.roms_s-1007B.champsimtrace.xz
986	:	1789463052.424	  7640.546	0	35000	0	0	./bin/champsim_goldencove_1c_hbm4_llc --warmup-instructions 200000000 --ramulator-stats results/1c/hbm4_llc/ramulator/654.roms_s-842B.yaml --json results/1c/hbm4_llc/champsim/654.roms_s-842B.json traces/654.roms_s-842B.champsimtrace.xz
917	:	1789444001.154	 26969.829	0	35399	0	0	./bin/champsim_goldencove_1c_hbm4_llc --warmup-instructions 200000000 --ramulator-stats results/1c/hbm4_llc/ramulator/605.mcf_s-782B.yaml --json results/1c/hbm4_llc/champsim/605.mcf_s-782B.json traces/605.mcf_s-782B.champsimtrace.xz
976	:	1789458423.476	 12835.498	0	35160	0	0	./bin/champsim_goldencove_1c_hbm4_llc --warmup-instructions 200000000 --ramulator-stats results/1c/hbm4_llc/ramulator/649.fotonik3d_s-7084B.yaml --json results/1c/hbm4_llc/champsim/649.fotonik3d_s-7084B.json traces/649.fotonik3d_s-7084B.champsimtrace.xz
984	:	1789462418.680	  8874.221	0	35101	0	0	./bin/champsim_goldencove_1c_hbm4_llc --warmup-instructions 200000000 --ramulator-stats results/1c/hbm4_llc/ramulator/654.roms_s-294B.yaml --json results/1c/hbm4_llc/champsim/654.roms_s-294B.json traces/654.roms_s-294B.champsimtrace.xz
983	:	1789461782.891	 11107.095	0	35281	0	0	./bin/champsim_goldencove_1c_hbm4_llc --warmup-instructions 200000000 --ramulator-stats results/1c/hbm4_llc/ramulator/654.roms_s-293B.yaml --json results/1c/hbm4_llc/champsim/654.roms_s-293B.json traces/654.roms_s-293B.champsimtrace.xz
981	:	1789460891.838	 12060.940	0	35347	0	0	./bin/champsim_goldencove_1c_hbm4_llc --warmup-instructions 200000000 --ramulator-stats results/1c/hbm4_llc/ramulator/654.roms_s-1390B.yaml --json results/1c/hbm4_llc/champsim/654.roms_s-1390B.json traces/654.roms_s-1390B.champsimtrace.xz
973	:	1789458208.685	 14872.815	0	35403	0	0	./bin/champsim_goldencove_1c_hbm4_llc --warmup-instructions 200000000 --ramulator-stats results/1c/hbm4_llc/ramulator/649.fotonik3d_s-10881B.yaml --json results/1c/hbm4_llc/champsim/649.fotonik3d_s-10881B.json traces/649.fotonik3d_s-10881B.champsimtrace.xz
985	:	1789462820.650	 11632.794	0	35294	0	0	./bin/champsim_goldencove_1c_hbm4_llc --warmup-instructions 200000000 --ramulator-stats results/1c/hbm4_llc/ramulator/654.roms_s-523B.yaml --json results/1c/hbm4_llc/champsim/654.roms_s-523B.json traces/654.roms_s-523B.champsimtrace.xz
974	:	1789458265.580	 16828.887	0	35411	0	0	./bin/champsim_goldencove_1c_hbm4_llc --warmup-instructions 200000000 --ramulator-stats results/1c/hbm4_llc/ramulator/649.fotonik3d_s-1176B.yaml --json results/1c/hbm4_llc/champsim/649.fotonik3d_s-1176B.json traces/649.fotonik3d_s-1176B.champsimtrace.xz
977	:	1789458562.712	 16727.881	0	35419	0	0	./bin/champsim_goldencove_1c_hbm4_llc --warmup-instructions 200000000 --ramulator-stats results/1c/hbm4_llc/ramulator/649.fotonik3d_s-8225B.yaml --json results/1c/hbm4_llc/champsim/649.fotonik3d_s-8225B.json traces/649.fotonik3d_s-8225B.champsimtrace.xz
694	:	1789395177.116	 80680.348	0	231295	0	0	./bin/champsim_goldencove_8c_hbm3_llc --warmup-instructions 200000000 --ramulator-stats results/8c/hbm3_llc/ramulator/llc-compatible.yaml --json results/8c/hbm3_llc/champsim/llc-compatible.json traces/623.xalancbmk_s-10B.champsimtrace.xz traces/605.mcf_s-1554B.champsimtrace.xz traces/605.mcf_s-1536B.champsimtrace.xz traces/605.mcf_s-782B.champsimtrace.xz traces/605.mcf_s-1152B.champsimtrace.xz traces/620.omnetpp_s-141B.champsimtrace.xz traces/620.omnetpp_s-874B.champsimtrace.xz traces/605.mcf_s-665B.champsimtrace.xz
696	:	1789395177.119	 84351.105	0	233170	0	0	./bin/champsim_goldencove_8c_hbm3_llc --warmup-instructions 200000000 --ramulator-stats results/8c/hbm3_llc/ramulator/mix.yaml --json results/8c/hbm3_llc/champsim/mix.json traces/649.fotonik3d_s-8225B.champsimtrace.xz traces/649.fotonik3d_s-1176B.champsimtrace.xz traces/602.gcc_s-2226B.champsimtrace.xz traces/602.gcc_s-1850B.champsimtrace.xz traces/605.mcf_s-782B.champsimtrace.xz traces/623.xalancbmk_s-10B.champsimtrace.xz traces/605.mcf_s-1554B.champsimtrace.xz traces/605.mcf_s-1152B.champsimtrace.xz
695	:	1789395177.117	 90808.644	0	242365	0	0	./bin/champsim_goldencove_8c_hbm3_llc --warmup-instructions 200000000 --ramulator-stats results/8c/hbm3_llc/ramulator/llc-incompatible.yaml --json results/8c/hbm3_llc/champsim/llc-incompatible.json traces/649.fotonik3d_s-1176B.champsimtrace.xz traces/649.fotonik3d_s-8225B.champsimtrace.xz traces/603.bwaves_s-891B.champsimtrace.xz traces/602.gcc_s-2226B.champsimtrace.xz traces/602.gcc_s-1850B.champsimtrace.xz traces/654.roms_s-293B.champsimtrace.xz traces/649.fotonik3d_s-7084B.champsimtrace.xz traces/605.mcf_s-484B.champsimtrace.xz
895	:	1789437451.686	 52148.355	0	246096	0	0	./bin/champsim_goldencove_8c_hbm4_llc --warmup-instructions 200000000 --ramulator-stats results/8c/hbm4_llc/ramulator/random.yaml --json results/8c/hbm4_llc/champsim/random.json traces/657.xz_s-3167B.champsimtrace.xz traces/605.mcf_s-1152B.champsimtrace.xz traces/605.mcf_s-665B.champsimtrace.xz traces/605.mcf_s-472B.champsimtrace.xz traces/641.leela_s-800B.champsimtrace.xz traces/607.cactuBSSN_s-4004B.champsimtrace.xz traces/648.exchange2_s-1227B.champsimtrace.xz traces/600.perlbench_s-1273B.champsimtrace.xz
794	:	1789411958.853	 86344.473	0	238856	0	0	./bin/champsim_goldencove_8c_hbm4 --warmup-instructions 200000000 --ramulator-stats results/8c/hbm4/ramulator/llc-incompatible.yaml --json results/8c/hbm4/champsim/llc-incompatible.json traces/649.fotonik3d_s-1176B.champsimtrace.xz traces/649.fotonik3d_s-8225B.champsimtrace.xz traces/603.bwaves_s-891B.champsimtrace.xz traces/602.gcc_s-2226B.champsimtrace.xz traces/602.gcc_s-1850B.champsimtrace.xz traces/654.roms_s-293B.champsimtrace.xz traces/649.fotonik3d_s-7084B.champsimtrace.xz traces/605.mcf_s-484B.champsimtrace.xz
795	:	1789412264.725	 92626.877	0	217563	0	0	./bin/champsim_goldencove_8c_hbm4 --warmup-instructions 200000000 --ramulator-stats results/8c/hbm4/ramulator/mix.yaml --json results/8c/hbm4/champsim/mix.json traces/649.fotonik3d_s-8225B.champsimtrace.xz traces/649.fotonik3d_s-1176B.champsimtrace.xz traces/602.gcc_s-2226B.champsimtrace.xz traces/602.gcc_s-1850B.champsimtrace.xz traces/605.mcf_s-782B.champsimtrace.xz traces/623.xalancbmk_s-10B.champsimtrace.xz traces/605.mcf_s-1554B.champsimtrace.xz traces/605.mcf_s-1152B.champsimtrace.xz
892	:	1789437257.262	 78954.063	0	236606	0	0	./bin/champsim_goldencove_8c_hbm4_llc --warmup-instructions 200000000 --ramulator-stats results/8c/hbm4_llc/ramulator/llc-compatible.yaml --json results/8c/hbm4_llc/champsim/llc-compatible.json traces/623.xalancbmk_s-10B.champsimtrace.xz traces/605.mcf_s-1554B.champsimtrace.xz traces/605.mcf_s-1536B.champsimtrace.xz traces/605.mcf_s-782B.champsimtrace.xz traces/605.mcf_s-1152B.champsimtrace.xz traces/620.omnetpp_s-141B.champsimtrace.xz traces/620.omnetpp_s-874B.champsimtrace.xz traces/605.mcf_s-665B.champsimtrace.xz
893	:	1789437361.787	 84394.672	0	246644	0	0	./bin/champsim_goldencove_8c_hbm4_llc --warmup-instructions 200000000 --ramulator-stats results/8c/hbm4_llc/ramulator/llc-incompatible.yaml --json results/8c/hbm4_llc/champsim/llc-incompatible.json traces/649.fotonik3d_s-1176B.champsimtrace.xz traces/649.fotonik3d_s-8225B.champsimtrace.xz traces/603.bwaves_s-891B.champsimtrace.xz traces/602.gcc_s-2226B.champsimtrace.xz traces/602.gcc_s-1850B.champsimtrace.xz traces/654.roms_s-293B.champsimtrace.xz traces/649.fotonik3d_s-7084B.champsimtrace.xz traces/605.mcf_s-484B.champsimtrace.xz
894	:	1789437370.590	 86483.250	0	244207	0	0	./bin/champsim_goldencove_8c_hbm4_llc --warmup-instructions 200000000 --ramulator-stats results/8c/hbm4_llc/ramulator/mix.yaml --json results/8c/hbm4_llc/champsim/mix.json traces/649.fotonik3d_s-8225B.champsimtrace.xz traces/649.fotonik3d_s-1176B.champsimtrace.xz traces/602.gcc_s-2226B.champsimtrace.xz traces/602.gcc_s-1850B.champsimtrace.xz traces/605.mcf_s-782B.champsimtrace.xz traces/623.xalancbmk_s-10B.champsimtrace.xz traces/605.mcf_s-1554B.champsimtrace.xz traces/605.mcf_s-1152B.champsimtrace.xz
793	:	1789411732.414	130905.849	0	244133	0	0	./bin/champsim_goldencove_8c_hbm4 --warmup-instructions 200000000 --ramulator-stats results/8c/hbm4/ramulator/llc-compatible.yaml --json results/8c/hbm4/champsim/llc-compatible.json traces/623.xalancbmk_s-10B.champsimtrace.xz traces/605.mcf_s-1554B.champsimtrace.xz traces/605.mcf_s-1536B.champsimtrace.xz traces/605.mcf_s-782B.champsimtrace.xz traces/605.mcf_s-1152B.champsimtrace.xz traces/620.omnetpp_s-141B.champsimtrace.xz traces/620.omnetpp_s-874B.champsimtrace.xz traces/605.mcf_s-665B.champsimtrace.xz
