Seq	Host	Starttime	JobRuntime	Send	Receive	Exitval	Signal	Command
17	:	1790009759.608	  5543.375	0	34178	0	0	./bin/champsim_goldencove_1c_ddr5 --warmup-instructions 200000000 --ramulator-stats results/1c/ddr5/ramulator/603.bwaves_s-5359B.yaml --json results/1c/ddr5/champsim/603.bwaves_s-5359B.json traces/603.bwaves_s-5359B.champsimtrace.xz
31	:	1790009759.640	  5577.274	0	34212	0	0	./bin/champsim_goldencove_1c_ddr5 --warmup-instructions 200000000 --ramulator-stats results/1c/ddr5/ramulator/607.cactuBSSN_s-4248B.yaml --json results/1c/ddr5/champsim/607.cactuBSSN_s-4248B.json traces/607.cactuBSSN_s-4248B.champsimtrace.xz
16	:	1790009759.607	  5618.268	0	34152	0	0	./bin/champsim_goldencove_1c_ddr5 --warmup-instructions 200000000 --ramulator-stats results/1c/ddr5/ramulator/603.bwaves_s-3699B.yaml --json results/1c/ddr5/champsim/603.bwaves_s-3699B.json traces/603.bwaves_s-3699B.champsimtrace.xz
12	:	1790009759.600	  6037.907	0	34168	0	0	./bin/champsim_goldencove_1c_ddr5 --warmup-instructions 200000000 --ramulator-stats results/1c/ddr5/ramulator/603.bwaves_s-1080B.yaml --json results/1c/ddr5/champsim/603.bwaves_s-1080B.json traces/603.bwaves_s-1080B.champsimtrace.xz
48	:	1790009759.692	  6748.105	0	34225	0	0	./bin/champsim_goldencove_1c_ddr5 --warmup-instructions 200000000 --ramulator-stats results/1c/ddr5/ramulator/625.x264_s-12B.yaml --json results/1c/ddr5/champsim/625.x264_s-12B.json traces/625.x264_s-12B.champsimtrace.xz
11	:	1790009759.598	  8127.736	0	34209	0	0	./bin/champsim_goldencove_1c_ddr5 --warmup-instructions 200000000 --ramulator-stats results/1c/ddr5/ramulator/602.gcc_s-734B.yaml --json results/1c/ddr5/champsim/602.gcc_s-734B.json traces/602.gcc_s-734B.champsimtrace.xz
5	:	1790009759.588	  8217.082	0	34290	0	0	./bin/champsim_goldencove_1c_ddr5 --warmup-instructions 200000000 --ramulator-stats results/1c/ddr5/ramulator/600.perlbench_s-1273B.yaml --json results/1c/ddr5/champsim/600.perlbench_s-1273B.json traces/600.perlbench_s-1273B.champsimtrace.xz
6	:	1790009759.589	  8316.983	0	34299	0	0	./bin/champsim_goldencove_1c_ddr5 --warmup-instructions 200000000 --ramulator-stats results/1c/ddr5/ramulator/600.perlbench_s-210B.yaml --json results/1c/ddr5/champsim/600.perlbench_s-210B.json traces/600.perlbench_s-210B.champsimtrace.xz
7	:	1790009759.591	  8344.352	0	34295	0	0	./bin/champsim_goldencove_1c_ddr5 --warmup-instructions 200000000 --ramulator-stats results/1c/ddr5/ramulator/600.perlbench_s-570B.yaml --json results/1c/ddr5/champsim/600.perlbench_s-570B.json traces/600.perlbench_s-570B.champsimtrace.xz
10	:	1790009759.596	  8405.055	0	34590	0	0	./bin/champsim_goldencove_1c_ddr5 --warmup-instructions 200000000 --ramulator-stats results/1c/ddr5/ramulator/602.gcc_s-2375B.yaml --json results/1c/ddr5/champsim/602.gcc_s-2375B.json traces/602.gcc_s-2375B.champsimtrace.xz
39	:	1790009759.663	  8584.277	0	34481	0	0	./bin/champsim_goldencove_1c_ddr5 --warmup-instructions 200000000 --ramulator-stats results/1c/ddr5/ramulator/621.wrf_s-6673B.yaml --json results/1c/ddr5/champsim/621.wrf_s-6673B.json traces/621.wrf_s-6673B.champsimtrace.xz
41	:	1790009759.668	  8691.973	0	34366	0	0	./bin/champsim_goldencove_1c_ddr5 --warmup-instructions 200000000 --ramulator-stats results/1c/ddr5/ramulator/621.wrf_s-8100B.yaml --json results/1c/ddr5/champsim/621.wrf_s-8100B.json traces/621.wrf_s-8100B.champsimtrace.xz
40	:	1790009759.666	  8713.916	0	34526	0	0	./bin/champsim_goldencove_1c_ddr5 --warmup-instructions 200000000 --ramulator-stats results/1c/ddr5/ramulator/621.wrf_s-8065B.yaml --json results/1c/ddr5/champsim/621.wrf_s-8065B.json traces/621.wrf_s-8065B.champsimtrace.xz
43	:	1790009759.674	  8763.868	0	34250	0	0	./bin/champsim_goldencove_1c_ddr5 --warmup-instructions 200000000 --ramulator-stats results/1c/ddr5/ramulator/623.xalancbmk_s-165B.yaml --json results/1c/ddr5/champsim/623.xalancbmk_s-165B.json traces/623.xalancbmk_s-165B.champsimtrace.xz
45	:	1790009759.682	  9079.278	0	34479	0	0	./bin/champsim_goldencove_1c_ddr5 --warmup-instructions 200000000 --ramulator-stats results/1c/ddr5/ramulator/623.xalancbmk_s-325B.yaml --json results/1c/ddr5/champsim/623.xalancbmk_s-325B.json traces/623.xalancbmk_s-325B.champsimtrace.xz
46	:	1790009759.685	  9197.615	0	34484	0	0	./bin/champsim_goldencove_1c_ddr5 --warmup-instructions 200000000 --ramulator-stats results/1c/ddr5/ramulator/623.xalancbmk_s-592B.yaml --json results/1c/ddr5/champsim/623.xalancbmk_s-592B.json traces/623.xalancbmk_s-592B.champsimtrace.xz
38	:	1790009759.660	  9250.009	0	34464	0	0	./bin/champsim_goldencove_1c_ddr5 --warmup-instructions 200000000 --ramulator-stats results/1c/ddr5/ramulator/621.wrf_s-575B.yaml --json results/1c/ddr5/champsim/621.wrf_s-575B.json traces/621.wrf_s-575B.champsimtrace.xz
44	:	1790009759.678	  9524.815	0	34307	0	0	./bin/champsim_goldencove_1c_ddr5 --warmup-instructions 200000000 --ramulator-stats results/1c/ddr5/ramulator/623.xalancbmk_s-202B.yaml --json results/1c/ddr5/champsim/623.xalancbmk_s-202B.json traces/623.xalancbmk_s-202B.champsimtrace.xz
15	:	1790009759.605	  9754.802	0	34283	0	0	./bin/champsim_goldencove_1c_ddr5 --warmup-instructions 200000000 --ramulator-stats results/1c/ddr5/ramulator/603.bwaves_s-2931B.yaml --json results/1c/ddr5/champsim/603.bwaves_s-2931B.json traces/603.bwaves_s-2931B.champsimtrace.xz
47	:	1790009759.689	  9773.688	0	34590	0	0	./bin/champsim_goldencove_1c_ddr5 --warmup-instructions 200000000 --ramulator-stats results/1c/ddr5/ramulator/623.xalancbmk_s-700B.yaml --json results/1c/ddr5/champsim/623.xalancbmk_s-700B.json traces/623.xalancbmk_s-700B.champsimtrace.xz
8	:	1790009759.593	 10126.828	0	34592	0	0	./bin/champsim_goldencove_1c_ddr5 --warmup-instructions 200000000 --ramulator-stats results/1c/ddr5/ramulator/602.gcc_s-1850B.yaml --json results/1c/ddr5/champsim/602.gcc_s-1850B.json traces/602.gcc_s-1850B.champsimtrace.xz
28	:	1790009759.632	 10400.723	0	34241	0	0	./bin/champsim_goldencove_1c_ddr5 --warmup-instructions 200000000 --ramulator-stats results/1c/ddr5/ramulator/607.cactuBSSN_s-2421B.yaml --json results/1c/ddr5/champsim/607.cactuBSSN_s-2421B.json traces/607.cactuBSSN_s-2421B.champsimtrace.xz
18	:	1790009759.610	 10574.416	0	34618	0	0	./bin/champsim_goldencove_1c_ddr5 --warmup-instructions 200000000 --ramulator-stats results/1c/ddr5/ramulator/603.bwaves_s-891B.yaml --json results/1c/ddr5/champsim/603.bwaves_s-891B.json traces/603.bwaves_s-891B.champsimtrace.xz
30	:	1790009759.637	 10746.431	0	34267	0	0	./bin/champsim_goldencove_1c_ddr5 --warmup-instructions 200000000 --ramulator-stats results/1c/ddr5/ramulator/607.cactuBSSN_s-4004B.yaml --json results/1c/ddr5/champsim/607.cactuBSSN_s-4004B.json traces/607.cactuBSSN_s-4004B.champsimtrace.xz
29	:	1790009759.635	 10837.213	0	34357	0	0	./bin/champsim_goldencove_1c_ddr5 --warmup-instructions 200000000 --ramulator-stats results/1c/ddr5/ramulator/607.cactuBSSN_s-3477B.yaml --json results/1c/ddr5/champsim/607.cactuBSSN_s-3477B.json traces/607.cactuBSSN_s-3477B.champsimtrace.xz
13	:	1790009759.602	 11195.825	0	34637	0	0	./bin/champsim_goldencove_1c_ddr5 --warmup-instructions 200000000 --ramulator-stats results/1c/ddr5/ramulator/603.bwaves_s-1740B.yaml --json results/1c/ddr5/champsim/603.bwaves_s-1740B.json traces/603.bwaves_s-1740B.champsimtrace.xz
14	:	1790009759.603	 11342.354	0	34643	0	0	./bin/champsim_goldencove_1c_ddr5 --warmup-instructions 200000000 --ramulator-stats results/1c/ddr5/ramulator/603.bwaves_s-2609B.yaml --json results/1c/ddr5/champsim/603.bwaves_s-2609B.json traces/603.bwaves_s-2609B.champsimtrace.xz
49	:	1790015302.996	  6657.648	0	34217	0	0	./bin/champsim_goldencove_1c_ddr5 --warmup-instructions 200000000 --ramulator-stats results/1c/ddr5/ramulator/625.x264_s-18B.yaml --json results/1c/ddr5/champsim/625.x264_s-18B.json traces/625.x264_s-18B.champsimtrace.xz
51	:	1790015377.884	  6666.632	0	34213	0	0	./bin/champsim_goldencove_1c_ddr5 --warmup-instructions 200000000 --ramulator-stats results/1c/ddr5/ramulator/625.x264_s-33B.yaml --json results/1c/ddr5/champsim/625.x264_s-33B.json traces/625.x264_s-33B.champsimtrace.xz
50	:	1790015336.923	  6723.025	0	34206	0	0	./bin/champsim_goldencove_1c_ddr5 --warmup-instructions 200000000 --ramulator-stats results/1c/ddr5/ramulator/625.x264_s-20B.yaml --json results/1c/ddr5/champsim/625.x264_s-20B.json traces/625.x264_s-20B.champsimtrace.xz
57	:	1790018103.952	  4260.809	0	33929	0	0	./bin/champsim_goldencove_1c_ddr5 --warmup-instructions 200000000 --ramulator-stats results/1c/ddr5/ramulator/638.imagick_s-10316B.yaml --json results/1c/ddr5/champsim/638.imagick_s-10316B.json traces/638.imagick_s-10316B.champsimtrace.xz
52	:	1790015797.513	  6661.259	0	34224	0	0	./bin/champsim_goldencove_1c_ddr5 --warmup-instructions 200000000 --ramulator-stats results/1c/ddr5/ramulator/625.x264_s-39B.yaml --json results/1c/ddr5/champsim/625.x264_s-39B.json traces/625.x264_s-39B.champsimtrace.xz
32	:	1790009759.643	 13951.496	0	34649	0	0	./bin/champsim_goldencove_1c_ddr5 --warmup-instructions 200000000 --ramulator-stats results/1c/ddr5/ramulator/619.lbm_s-2676B.yaml --json results/1c/ddr5/champsim/619.lbm_s-2676B.json traces/619.lbm_s-2676B.champsimtrace.xz
35	:	1790009759.651	 14097.545	0	34652	0	0	./bin/champsim_goldencove_1c_ddr5 --warmup-instructions 200000000 --ramulator-stats results/1c/ddr5/ramulator/619.lbm_s-4268B.yaml --json results/1c/ddr5/champsim/619.lbm_s-4268B.json traces/619.lbm_s-4268B.champsimtrace.xz
22	:	1790009759.619	 14342.755	0	34768	0	0	./bin/champsim_goldencove_1c_ddr5 --warmup-instructions 200000000 --ramulator-stats results/1c/ddr5/ramulator/605.mcf_s-1644B.yaml --json results/1c/ddr5/champsim/605.mcf_s-1644B.json traces/605.mcf_s-1644B.champsimtrace.xz
33	:	1790009759.645	 14895.770	0	34665	0	0	./bin/champsim_goldencove_1c_ddr5 --warmup-instructions 200000000 --ramulator-stats results/1c/ddr5/ramulator/619.lbm_s-2677B.yaml --json results/1c/ddr5/champsim/619.lbm_s-2677B.json traces/619.lbm_s-2677B.champsimtrace.xz
58	:	1790018164.658	  6862.245	0	34199	0	0	./bin/champsim_goldencove_1c_ddr5 --warmup-instructions 200000000 --ramulator-stats results/1c/ddr5/ramulator/638.imagick_s-4128B.yaml --json results/1c/ddr5/champsim/638.imagick_s-4128B.json traces/638.imagick_s-4128B.champsimtrace.xz
55	:	1790017976.677	  7123.937	0	34229	0	0	./bin/champsim_goldencove_1c_ddr5 --warmup-instructions 200000000 --ramulator-stats results/1c/ddr5/ramulator/628.pop2_s-17B.yaml --json results/1c/ddr5/champsim/628.pop2_s-17B.json traces/628.pop2_s-17B.champsimtrace.xz
54	:	1790017887.355	  7407.365	0	34269	0	0	./bin/champsim_goldencove_1c_ddr5 --warmup-instructions 200000000 --ramulator-stats results/1c/ddr5/ramulator/627.cam4_s-573B.yaml --json results/1c/ddr5/champsim/627.cam4_s-573B.json traces/627.cam4_s-573B.champsimtrace.xz
53	:	1790016507.805	  8999.766	0	34452	0	0	./bin/champsim_goldencove_1c_ddr5 --warmup-instructions 200000000 --ramulator-stats results/1c/ddr5/ramulator/627.cam4_s-490B.yaml --json results/1c/ddr5/champsim/627.cam4_s-490B.json traces/627.cam4_s-490B.champsimtrace.xz
59	:	1790018343.947	  7210.408	0	34181	0	0	./bin/champsim_goldencove_1c_ddr5 --warmup-instructions 200000000 --ramulator-stats results/1c/ddr5/ramulator/638.imagick_s-824B.yaml --json results/1c/ddr5/champsim/638.imagick_s-824B.json traces/638.imagick_s-824B.champsimtrace.xz
37	:	1790009759.657	 15990.307	0	34684	0	0	./bin/champsim_goldencove_1c_ddr5 --warmup-instructions 200000000 --ramulator-stats results/1c/ddr5/ramulator/620.omnetpp_s-874B.yaml --json results/1c/ddr5/champsim/620.omnetpp_s-874B.json traces/620.omnetpp_s-874B.champsimtrace.xz
62	:	1790018523.547	  7286.430	0	34234	0	0	./bin/champsim_goldencove_1c_ddr5 --warmup-instructions 200000000 --ramulator-stats results/1c/ddr5/ramulator/641.leela_s-149B.yaml --json results/1c/ddr5/champsim/641.leela_s-149B.json traces/641.leela_s-149B.champsimtrace.xz
56	:	1790018076.578	  7847.802	0	34251	0	0	./bin/champsim_goldencove_1c_ddr5 --warmup-instructions 200000000 --ramulator-stats results/1c/ddr5/ramulator/631.deepsjeng_s-928B.yaml --json results/1c/ddr5/champsim/631.deepsjeng_s-928B.json traces/631.deepsjeng_s-928B.champsimtrace.xz
34	:	1790009759.648	 16178.507	0	34625	0	0	./bin/champsim_goldencove_1c_ddr5 --warmup-instructions 200000000 --ramulator-stats results/1c/ddr5/ramulator/619.lbm_s-3766B.yaml --json results/1c/ddr5/champsim/619.lbm_s-3766B.json traces/619.lbm_s-3766B.champsimtrace.xz
27	:	1790009759.629	 16213.864	0	34672	0	0	./bin/champsim_goldencove_1c_ddr5 --warmup-instructions 200000000 --ramulator-stats results/1c/ddr5/ramulator/605.mcf_s-994B.yaml --json results/1c/ddr5/champsim/605.mcf_s-994B.json traces/605.mcf_s-994B.champsimtrace.xz
61	:	1790018473.587	  7540.552	0	34359	0	0	./bin/champsim_goldencove_1c_ddr5 --warmup-instructions 200000000 --ramulator-stats results/1c/ddr5/ramulator/641.leela_s-1083B.yaml --json results/1c/ddr5/champsim/641.leela_s-1083B.json traces/641.leela_s-1083B.champsimtrace.xz
60	:	1790018451.648	  7584.661	0	34276	0	0	./bin/champsim_goldencove_1c_ddr5 --warmup-instructions 200000000 --ramulator-stats results/1c/ddr5/ramulator/641.leela_s-1052B.yaml --json results/1c/ddr5/champsim/641.leela_s-1052B.json traces/641.leela_s-1052B.champsimtrace.xz
67	:	1790019514.415	  6539.854	0	34198	0	0	./bin/champsim_goldencove_1c_ddr5 --warmup-instructions 200000000 --ramulator-stats results/1c/ddr5/ramulator/644.nab_s-12459B.yaml --json results/1c/ddr5/champsim/644.nab_s-12459B.json traces/644.nab_s-12459B.champsimtrace.xz
65	:	1790019009.676	  7362.988	0	34284	0	0	./bin/champsim_goldencove_1c_ddr5 --warmup-instructions 200000000 --ramulator-stats results/1c/ddr5/ramulator/641.leela_s-800B.yaml --json results/1c/ddr5/champsim/641.leela_s-800B.json traces/641.leela_s-800B.champsimtrace.xz
64	:	1790018957.309	  7500.503	0	34258	0	0	./bin/champsim_goldencove_1c_ddr5 --warmup-instructions 200000000 --ramulator-stats results/1c/ddr5/ramulator/641.leela_s-602B.yaml --json results/1c/ddr5/champsim/641.leela_s-602B.json traces/641.leela_s-602B.champsimtrace.xz
63	:	1790018838.967	  7671.654	0	34289	0	0	./bin/champsim_goldencove_1c_ddr5 --warmup-instructions 200000000 --ramulator-stats results/1c/ddr5/ramulator/641.leela_s-334B.yaml --json results/1c/ddr5/champsim/641.leela_s-334B.json traces/641.leela_s-334B.champsimtrace.xz
36	:	1790009759.654	 16834.345	0	34688	0	0	./bin/champsim_goldencove_1c_ddr5 --warmup-instructions 200000000 --ramulator-stats results/1c/ddr5/ramulator/620.omnetpp_s-141B.yaml --json results/1c/ddr5/champsim/620.omnetpp_s-141B.json traces/620.omnetpp_s-141B.champsimtrace.xz
66	:	1790019284.503	  7350.000	0	34272	0	0	./bin/champsim_goldencove_1c_ddr5 --warmup-instructions 200000000 --ramulator-stats results/1c/ddr5/ramulator/641.leela_s-862B.yaml --json results/1c/ddr5/champsim/641.leela_s-862B.json traces/641.leela_s-862B.champsimtrace.xz
9	:	1790009759.594	 17435.709	0	34699	0	0	./bin/champsim_goldencove_1c_ddr5 --warmup-instructions 200000000 --ramulator-stats results/1c/ddr5/ramulator/602.gcc_s-2226B.yaml --json results/1c/ddr5/champsim/602.gcc_s-2226B.json traces/602.gcc_s-2226B.champsimtrace.xz
24	:	1790009759.623	 17440.292	0	34732	0	0	./bin/champsim_goldencove_1c_ddr5 --warmup-instructions 200000000 --ramulator-stats results/1c/ddr5/ramulator/605.mcf_s-484B.yaml --json results/1c/ddr5/champsim/605.mcf_s-484B.json traces/605.mcf_s-484B.champsimtrace.xz
42	:	1790009759.671	 17478.818	0	34681	0	0	./bin/champsim_goldencove_1c_ddr5 --warmup-instructions 200000000 --ramulator-stats results/1c/ddr5/ramulator/623.xalancbmk_s-10B.yaml --json results/1c/ddr5/champsim/623.xalancbmk_s-10B.json traces/623.xalancbmk_s-10B.champsimtrace.xz
25	:	1790009759.625	 17876.168	0	34659	0	0	./bin/champsim_goldencove_1c_ddr5 --warmup-instructions 200000000 --ramulator-stats results/1c/ddr5/ramulator/605.mcf_s-665B.yaml --json results/1c/ddr5/champsim/605.mcf_s-665B.json traces/605.mcf_s-665B.champsimtrace.xz
72	:	1790020506.075	  7224.366	0	34250	0	0	./bin/champsim_goldencove_1c_ddr5 --warmup-instructions 200000000 --ramulator-stats results/1c/ddr5/ramulator/648.exchange2_s-1227B.yaml --json results/1c/ddr5/champsim/648.exchange2_s-1227B.json traces/648.exchange2_s-1227B.champsimtrace.xz
69	:	1790019886.430	  7868.805	0	34645	0	0	./bin/champsim_goldencove_1c_ddr5 --warmup-instructions 200000000 --ramulator-stats results/1c/ddr5/ramulator/644.nab_s-5853B.yaml --json results/1c/ddr5/champsim/644.nab_s-5853B.json traces/644.nab_s-5853B.champsimtrace.xz
73	:	1790020596.854	  7400.257	0	34244	0	0	./bin/champsim_goldencove_1c_ddr5 --warmup-instructions 200000000 --ramulator-stats results/1c/ddr5/ramulator/648.exchange2_s-1247B.yaml --json results/1c/ddr5/champsim/648.exchange2_s-1247B.json traces/648.exchange2_s-1247B.champsimtrace.xz
68	:	1790019533.385	  8498.503	0	34259	0	0	./bin/champsim_goldencove_1c_ddr5 --warmup-instructions 200000000 --ramulator-stats results/1c/ddr5/ramulator/644.nab_s-12521B.yaml --json results/1c/ddr5/champsim/644.nab_s-12521B.json traces/644.nab_s-12521B.champsimtrace.xz
74	:	1790020955.437	  7250.930	0	33441	0	0	./bin/champsim_goldencove_1c_ddr5 --warmup-instructions 200000000 --ramulator-stats results/1c/ddr5/ramulator/648.exchange2_s-1511B.yaml --json results/1c/ddr5/champsim/648.exchange2_s-1511B.json traces/648.exchange2_s-1511B.champsimtrace.xz
70	:	1790020160.360	  8081.917	0	34167	0	0	./bin/champsim_goldencove_1c_ddr5 --warmup-instructions 200000000 --ramulator-stats results/1c/ddr5/ramulator/644.nab_s-7928B.yaml --json results/1c/ddr5/champsim/644.nab_s-7928B.json traces/644.nab_s-7928B.champsimtrace.xz
71	:	1790020334.032	  7916.671	0	34206	0	0	./bin/champsim_goldencove_1c_ddr5 --warmup-instructions 200000000 --ramulator-stats results/1c/ddr5/ramulator/644.nab_s-9322B.yaml --json results/1c/ddr5/champsim/644.nab_s-9322B.json traces/644.nab_s-9322B.champsimtrace.xz
23	:	1790009759.621	 19181.092	0	34724	0	0	./bin/champsim_goldencove_1c_ddr5 --warmup-instructions 200000000 --ramulator-stats results/1c/ddr5/ramulator/605.mcf_s-472B.yaml --json results/1c/ddr5/champsim/605.mcf_s-472B.json traces/605.mcf_s-472B.champsimtrace.xz
75	:	1790021101.964	  7862.049	0	33458	0	0	./bin/champsim_goldencove_1c_ddr5 --warmup-instructions 200000000 --ramulator-stats results/1c/ddr5/ramulator/648.exchange2_s-1699B.yaml --json results/1c/ddr5/champsim/648.exchange2_s-1699B.json traces/648.exchange2_s-1699B.champsimtrace.xz
79	:	1790022364.769	  6686.138	0	33419	0	0	./bin/champsim_goldencove_1c_ddr5 --warmup-instructions 200000000 --ramulator-stats results/1c/ddr5/ramulator/648.exchange2_s-387B.yaml --json results/1c/ddr5/champsim/648.exchange2_s-387B.json traces/648.exchange2_s-387B.champsimtrace.xz
78	:	1790022059.956	  7526.829	0	34225	0	0	./bin/champsim_goldencove_1c_ddr5 --warmup-instructions 200000000 --ramulator-stats results/1c/ddr5/ramulator/648.exchange2_s-353B.yaml --json results/1c/ddr5/champsim/648.exchange2_s-353B.json traces/648.exchange2_s-353B.champsimtrace.xz
76	:	1790021960.658	  7670.551	0	34268	0	0	./bin/champsim_goldencove_1c_ddr5 --warmup-instructions 200000000 --ramulator-stats results/1c/ddr5/ramulator/648.exchange2_s-1712B.yaml --json results/1c/ddr5/champsim/648.exchange2_s-1712B.json traces/648.exchange2_s-1712B.champsimtrace.xz
77	:	1790022044.524	  7787.866	0	34240	0	0	./bin/champsim_goldencove_1c_ddr5 --warmup-instructions 200000000 --ramulator-stats results/1c/ddr5/ramulator/648.exchange2_s-210B.yaml --json results/1c/ddr5/champsim/648.exchange2_s-210B.json traces/648.exchange2_s-210B.champsimtrace.xz
80	:	1790022458.779	  7556.726	0	34225	0	0	./bin/champsim_goldencove_1c_ddr5 --warmup-instructions 200000000 --ramulator-stats results/1c/ddr5/ramulator/648.exchange2_s-584B.yaml --json results/1c/ddr5/champsim/648.exchange2_s-584B.json traces/648.exchange2_s-584B.champsimtrace.xz
88	:	1790025507.579	  5311.937	0	34171	0	0	./bin/champsim_goldencove_1c_ddr5 --warmup-instructions 200000000 --ramulator-stats results/1c/ddr5/ramulator/654.roms_s-1021B.yaml --json results/1c/ddr5/champsim/654.roms_s-1021B.json traces/654.roms_s-1021B.champsimtrace.xz
81	:	1790023711.150	  7447.754	0	34225	0	0	./bin/champsim_goldencove_1c_ddr5 --warmup-instructions 200000000 --ramulator-stats results/1c/ddr5/ramulator/648.exchange2_s-72B.yaml --json results/1c/ddr5/champsim/648.exchange2_s-72B.json traces/648.exchange2_s-72B.champsimtrace.xz
99	:	1790026457.818	  4764.552	0	34145	0	0	./bin/champsim_goldencove_1c_ddr5 --warmup-instructions 200000000 --ramulator-stats results/1c/ddr5/ramulator/657.xz_s-56B.yaml --json results/1c/ddr5/champsim/657.xz_s-56B.json traces/657.xz_s-56B.champsimtrace.xz
84	:	1790024655.420	  7240.871	0	34245	0	0	./bin/champsim_goldencove_1c_ddr5 --warmup-instructions 200000000 --ramulator-stats results/1c/ddr5/ramulator/649.fotonik3d_s-1B.yaml --json results/1c/ddr5/champsim/649.fotonik3d_s-1B.json traces/649.fotonik3d_s-1B.champsimtrace.xz
98	:	1790026372.671	  5890.868	0	34236	0	0	./bin/champsim_goldencove_1c_ddr5 --warmup-instructions 200000000 --ramulator-stats results/1c/ddr5/ramulator/657.xz_s-4994B.yaml --json results/1c/ddr5/champsim/657.xz_s-4994B.json traces/657.xz_s-4994B.champsimtrace.xz
97	:	1790026054.274	  7242.160	0	34278	0	0	./bin/champsim_goldencove_1c_ddr5 --warmup-instructions 200000000 --ramulator-stats results/1c/ddr5/ramulator/657.xz_s-3167B.yaml --json results/1c/ddr5/champsim/657.xz_s-3167B.json traces/657.xz_s-3167B.champsimtrace.xz
19	:	1790009759.612	 23863.322	0	34678	0	0	./bin/champsim_goldencove_1c_ddr5 --warmup-instructions 200000000 --ramulator-stats results/1c/ddr5/ramulator/605.mcf_s-1152B.yaml --json results/1c/ddr5/champsim/605.mcf_s-1152B.json traces/605.mcf_s-1152B.champsimtrace.xz
96	:	1790026036.319	  7856.374	0	34435	0	0	./bin/champsim_goldencove_1c_ddr5 --warmup-instructions 200000000 --ramulator-stats results/1c/ddr5/ramulator/657.xz_s-2302B.yaml --json results/1c/ddr5/champsim/657.xz_s-2302B.json traces/657.xz_s-2302B.champsimtrace.xz
111	:	1790028206.378	  6262.408	0	34888	0	0	./bin/champsim_goldencove_1c_ddr5_llc --warmup-instructions 200000000 --ramulator-stats results/1c/ddr5_llc/ramulator/603.bwaves_s-1080B.yaml --json results/1c/ddr5_llc/champsim/603.bwaves_s-1080B.json traces/603.bwaves_s-1080B.champsimtrace.xz
95	:	1790026014.145	  8492.441	0	34366	0	0	./bin/champsim_goldencove_1c_ddr5 --warmup-instructions 200000000 --ramulator-stats results/1c/ddr5/ramulator/654.roms_s-842B.yaml --json results/1c/ddr5/champsim/654.roms_s-842B.json traces/654.roms_s-842B.champsimtrace.xz
93	:	1790025938.162	  8745.934	0	34387	0	0	./bin/champsim_goldencove_1c_ddr5 --warmup-instructions 200000000 --ramulator-stats results/1c/ddr5/ramulator/654.roms_s-294B.yaml --json results/1c/ddr5/champsim/654.roms_s-294B.json traces/654.roms_s-294B.champsimtrace.xz
115	:	1790028964.019	  5884.004	0	34890	0	0	./bin/champsim_goldencove_1c_ddr5_llc --warmup-instructions 200000000 --ramulator-stats results/1c/ddr5_llc/ramulator/603.bwaves_s-3699B.yaml --json results/1c/ddr5_llc/champsim/603.bwaves_s-3699B.json traces/603.bwaves_s-3699B.champsimtrace.xz
116	:	1790029050.919	  5913.404	0	34910	0	0	./bin/champsim_goldencove_1c_ddr5_llc --warmup-instructions 200000000 --ramulator-stats results/1c/ddr5_llc/ramulator/603.bwaves_s-5359B.yaml --json results/1c/ddr5_llc/champsim/603.bwaves_s-5359B.json traces/603.bwaves_s-5359B.champsimtrace.xz
104	:	1790027199.922	  8384.430	0	34991	0	0	./bin/champsim_goldencove_1c_ddr5_llc --warmup-instructions 200000000 --ramulator-stats results/1c/ddr5_llc/ramulator/600.perlbench_s-1273B.yaml --json results/1c/ddr5_llc/champsim/600.perlbench_s-1273B.json traces/600.perlbench_s-1273B.champsimtrace.xz
105	:	1790027238.497	  8499.153	0	35033	0	0	./bin/champsim_goldencove_1c_ddr5_llc --warmup-instructions 200000000 --ramulator-stats results/1c/ddr5_llc/ramulator/600.perlbench_s-210B.yaml --json results/1c/ddr5_llc/champsim/600.perlbench_s-210B.json traces/600.perlbench_s-210B.champsimtrace.xz
110	:	1790028031.901	  7774.013	0	34946	0	0	./bin/champsim_goldencove_1c_ddr5_llc --warmup-instructions 200000000 --ramulator-stats results/1c/ddr5_llc/ramulator/602.gcc_s-734B.yaml --json results/1c/ddr5_llc/champsim/602.gcc_s-734B.json traces/602.gcc_s-734B.champsimtrace.xz
20	:	1790009759.614	 26279.246	0	34698	0	0	./bin/champsim_goldencove_1c_ddr5 --warmup-instructions 200000000 --ramulator-stats results/1c/ddr5/ramulator/605.mcf_s-1536B.yaml --json results/1c/ddr5/champsim/605.mcf_s-1536B.json traces/605.mcf_s-1536B.champsimtrace.xz
106	:	1790027635.802	  8470.026	0	34998	0	0	./bin/champsim_goldencove_1c_ddr5_llc --warmup-instructions 200000000 --ramulator-stats results/1c/ddr5_llc/ramulator/600.perlbench_s-570B.yaml --json results/1c/ddr5_llc/champsim/600.perlbench_s-570B.json traces/600.perlbench_s-570B.champsimtrace.xz
91	:	1790025809.985	 10323.058	0	34557	0	0	./bin/champsim_goldencove_1c_ddr5 --warmup-instructions 200000000 --ramulator-stats results/1c/ddr5/ramulator/654.roms_s-1613B.yaml --json results/1c/ddr5/champsim/654.roms_s-1613B.json traces/654.roms_s-1613B.champsimtrace.xz
87	:	1790025294.727	 11142.385	0	34593	0	0	./bin/champsim_goldencove_1c_ddr5 --warmup-instructions 200000000 --ramulator-stats results/1c/ddr5/ramulator/654.roms_s-1007B.yaml --json results/1c/ddr5/champsim/654.roms_s-1007B.json traces/654.roms_s-1007B.champsimtrace.xz
109	:	1790027997.117	  8470.656	0	35130	0	0	./bin/champsim_goldencove_1c_ddr5_llc --warmup-instructions 200000000 --ramulator-stats results/1c/ddr5_llc/ramulator/602.gcc_s-2375B.yaml --json results/1c/ddr5_llc/champsim/602.gcc_s-2375B.json traces/602.gcc_s-2375B.champsimtrace.xz
89	:	1790025554.363	 11278.958	0	34603	0	0	./bin/champsim_goldencove_1c_ddr5 --warmup-instructions 200000000 --ramulator-stats results/1c/ddr5/ramulator/654.roms_s-1070B.yaml --json results/1c/ddr5/champsim/654.roms_s-1070B.json traces/654.roms_s-1070B.champsimtrace.xz
92	:	1790025924.387	 10992.313	0	34543	0	0	./bin/champsim_goldencove_1c_ddr5 --warmup-instructions 200000000 --ramulator-stats results/1c/ddr5/ramulator/654.roms_s-293B.yaml --json results/1c/ddr5/champsim/654.roms_s-293B.json traces/654.roms_s-293B.champsimtrace.xz
85	:	1790025026.910	 12415.576	0	34423	0	0	./bin/champsim_goldencove_1c_ddr5 --warmup-instructions 200000000 --ramulator-stats results/1c/ddr5/ramulator/649.fotonik3d_s-7084B.yaml --json results/1c/ddr5/champsim/649.fotonik3d_s-7084B.json traces/649.fotonik3d_s-7084B.champsimtrace.xz
21	:	1790009759.617	 27960.186	0	34694	0	0	./bin/champsim_goldencove_1c_ddr5 --warmup-instructions 200000000 --ramulator-stats results/1c/ddr5/ramulator/605.mcf_s-1554B.yaml --json results/1c/ddr5/champsim/605.mcf_s-1554B.json traces/605.mcf_s-1554B.champsimtrace.xz
82	:	1790023857.203	 14308.983	0	34679	0	0	./bin/champsim_goldencove_1c_ddr5 --warmup-instructions 200000000 --ramulator-stats results/1c/ddr5/ramulator/649.fotonik3d_s-10881B.yaml --json results/1c/ddr5/champsim/649.fotonik3d_s-10881B.json traces/649.fotonik3d_s-10881B.champsimtrace.xz
83	:	1790024102.379	 14375.682	0	34691	0	0	./bin/champsim_goldencove_1c_ddr5 --warmup-instructions 200000000 --ramulator-stats results/1c/ddr5/ramulator/649.fotonik3d_s-1176B.yaml --json results/1c/ddr5/champsim/649.fotonik3d_s-1176B.json traces/649.fotonik3d_s-1176B.champsimtrace.xz
94	:	1790025973.501	 12509.710	0	34609	0	0	./bin/champsim_goldencove_1c_ddr5 --warmup-instructions 200000000 --ramulator-stats results/1c/ddr5/ramulator/654.roms_s-523B.yaml --json results/1c/ddr5/champsim/654.roms_s-523B.json traces/654.roms_s-523B.champsimtrace.xz
90	:	1790025749.973	 13105.603	0	34637	0	0	./bin/champsim_goldencove_1c_ddr5 --warmup-instructions 200000000 --ramulator-stats results/1c/ddr5/ramulator/654.roms_s-1390B.yaml --json results/1c/ddr5/champsim/654.roms_s-1390B.json traces/654.roms_s-1390B.champsimtrace.xz
86	:	1790025100.622	 13955.763	0	34665	0	0	./bin/champsim_goldencove_1c_ddr5 --warmup-instructions 200000000 --ramulator-stats results/1c/ddr5/ramulator/649.fotonik3d_s-8225B.yaml --json results/1c/ddr5/champsim/649.fotonik3d_s-8225B.json traces/649.fotonik3d_s-8225B.champsimtrace.xz
114	:	1790028940.724	 10173.868	0	35016	0	0	./bin/champsim_goldencove_1c_ddr5_llc --warmup-instructions 200000000 --ramulator-stats results/1c/ddr5_llc/ramulator/603.bwaves_s-2931B.yaml --json results/1c/ddr5_llc/champsim/603.bwaves_s-2931B.json traces/603.bwaves_s-2931B.champsimtrace.xz
107	:	1790027730.449	 12233.908	0	35387	0	0	./bin/champsim_goldencove_1c_ddr5_llc --warmup-instructions 200000000 --ramulator-stats results/1c/ddr5_llc/ramulator/602.gcc_s-1850B.yaml --json results/1c/ddr5_llc/champsim/602.gcc_s-1850B.json traces/602.gcc_s-1850B.champsimtrace.xz
130	:	1790034506.604	  5743.168	0	34829	0	0	./bin/champsim_goldencove_1c_ddr5_llc --warmup-instructions 200000000 --ramulator-stats results/1c/ddr5_llc/ramulator/607.cactuBSSN_s-4248B.yaml --json results/1c/ddr5_llc/champsim/607.cactuBSSN_s-4248B.json traces/607.cactuBSSN_s-4248B.champsimtrace.xz
112	:	1790028242.285	 12031.406	0	35388	0	0	./bin/champsim_goldencove_1c_ddr5_llc --warmup-instructions 200000000 --ramulator-stats results/1c/ddr5_llc/ramulator/603.bwaves_s-1740B.yaml --json results/1c/ddr5_llc/champsim/603.bwaves_s-1740B.json traces/603.bwaves_s-1740B.champsimtrace.xz
113	:	1790028250.709	 12069.917	0	35369	0	0	./bin/champsim_goldencove_1c_ddr5_llc --warmup-instructions 200000000 --ramulator-stats results/1c/ddr5_llc/ramulator/603.bwaves_s-2609B.yaml --json results/1c/ddr5_llc/champsim/603.bwaves_s-2609B.json traces/603.bwaves_s-2609B.champsimtrace.xz
117	:	1790029586.791	 11617.197	0	35370	0	0	./bin/champsim_goldencove_1c_ddr5_llc --warmup-instructions 200000000 --ramulator-stats results/1c/ddr5_llc/ramulator/603.bwaves_s-891B.yaml --json results/1c/ddr5_llc/champsim/603.bwaves_s-891B.json traces/603.bwaves_s-891B.champsimtrace.xz
127	:	1790033622.942	 10618.889	0	35018	0	0	./bin/champsim_goldencove_1c_ddr5_llc --warmup-instructions 200000000 --ramulator-stats results/1c/ddr5_llc/ramulator/607.cactuBSSN_s-2421B.yaml --json results/1c/ddr5_llc/champsim/607.cactuBSSN_s-2421B.json traces/607.cactuBSSN_s-2421B.champsimtrace.xz
138	:	1790036105.835	  8305.134	0	35035	0	0	./bin/champsim_goldencove_1c_ddr5_llc --warmup-instructions 200000000 --ramulator-stats results/1c/ddr5_llc/ramulator/621.wrf_s-6673B.yaml --json results/1c/ddr5_llc/champsim/621.wrf_s-6673B.json traces/621.wrf_s-6673B.champsimtrace.xz
139	:	1790036133.048	  8300.690	0	35016	0	0	./bin/champsim_goldencove_1c_ddr5_llc --warmup-instructions 200000000 --ramulator-stats results/1c/ddr5_llc/ramulator/621.wrf_s-8065B.yaml --json results/1c/ddr5_llc/champsim/621.wrf_s-8065B.json traces/621.wrf_s-8065B.champsimtrace.xz
137	:	1790036038.872	  8562.730	0	34990	0	0	./bin/champsim_goldencove_1c_ddr5_llc --warmup-instructions 200000000 --ramulator-stats results/1c/ddr5_llc/ramulator/621.wrf_s-575B.yaml --json results/1c/ddr5_llc/champsim/621.wrf_s-575B.json traces/621.wrf_s-575B.champsimtrace.xz
140	:	1790036437.119	  8312.041	0	35045	0	0	./bin/champsim_goldencove_1c_ddr5_llc --warmup-instructions 200000000 --ramulator-stats results/1c/ddr5_llc/ramulator/621.wrf_s-8100B.yaml --json results/1c/ddr5_llc/champsim/621.wrf_s-8100B.json traces/621.wrf_s-8100B.champsimtrace.xz
128	:	1790033892.698	 11174.006	0	35093	0	0	./bin/champsim_goldencove_1c_ddr5_llc --warmup-instructions 200000000 --ramulator-stats results/1c/ddr5_llc/ramulator/607.cactuBSSN_s-3477B.yaml --json results/1c/ddr5_llc/champsim/607.cactuBSSN_s-3477B.json traces/607.cactuBSSN_s-3477B.champsimtrace.xz
124	:	1790031896.297	 13219.927	0	35382	0	0	./bin/champsim_goldencove_1c_ddr5_llc --warmup-instructions 200000000 --ramulator-stats results/1c/ddr5_llc/ramulator/605.mcf_s-665B.yaml --json results/1c/ddr5_llc/champsim/605.mcf_s-665B.json traces/605.mcf_s-665B.champsimtrace.xz
121	:	1790030819.525	 14310.219	0	35504	0	0	./bin/champsim_goldencove_1c_ddr5_llc --warmup-instructions 200000000 --ramulator-stats results/1c/ddr5_llc/ramulator/605.mcf_s-1644B.yaml --json results/1c/ddr5_llc/champsim/605.mcf_s-1644B.json traces/605.mcf_s-1644B.champsimtrace.xz
147	:	1790038478.075	  6864.128	0	34940	0	0	./bin/champsim_goldencove_1c_ddr5_llc --warmup-instructions 200000000 --ramulator-stats results/1c/ddr5_llc/ramulator/625.x264_s-12B.yaml --json results/1c/ddr5_llc/champsim/625.x264_s-12B.json traces/625.x264_s-12B.champsimtrace.xz
148	:	1790038483.217	  6873.072	0	34953	0	0	./bin/champsim_goldencove_1c_ddr5_llc --warmup-instructions 200000000 --ramulator-stats results/1c/ddr5_llc/ramulator/625.x264_s-18B.yaml --json results/1c/ddr5_llc/champsim/625.x264_s-18B.json traces/625.x264_s-18B.champsimtrace.xz
142	:	1790036833.328	  8553.954	0	34971	0	0	./bin/champsim_goldencove_1c_ddr5_llc --warmup-instructions 200000000 --ramulator-stats results/1c/ddr5_llc/ramulator/623.xalancbmk_s-165B.yaml --json results/1c/ddr5_llc/champsim/623.xalancbmk_s-165B.json traces/623.xalancbmk_s-165B.champsimtrace.xz
143	:	1790036916.708	  8500.789	0	34980	0	0	./bin/champsim_goldencove_1c_ddr5_llc --warmup-instructions 200000000 --ramulator-stats results/1c/ddr5_llc/ramulator/623.xalancbmk_s-202B.yaml --json results/1c/ddr5_llc/champsim/623.xalancbmk_s-202B.json traces/623.xalancbmk_s-202B.champsimtrace.xz
156	:	1790041203.996	  4371.378	0	34636	0	0	./bin/champsim_goldencove_1c_ddr5_llc --warmup-instructions 200000000 --ramulator-stats results/1c/ddr5_llc/ramulator/638.imagick_s-10316B.yaml --json results/1c/ddr5_llc/champsim/638.imagick_s-10316B.json traces/638.imagick_s-10316B.champsimtrace.xz
129	:	1790034468.794	 11112.287	0	35037	0	0	./bin/champsim_goldencove_1c_ddr5_llc --warmup-instructions 200000000 --ramulator-stats results/1c/ddr5_llc/ramulator/607.cactuBSSN_s-4004B.yaml --json results/1c/ddr5_llc/champsim/607.cactuBSSN_s-4004B.json traces/607.cactuBSSN_s-4004B.champsimtrace.xz
149	:	1790038855.584	  6838.669	0	34959	0	0	./bin/champsim_goldencove_1c_ddr5_llc --warmup-instructions 200000000 --ramulator-stats results/1c/ddr5_llc/ramulator/625.x264_s-20B.yaml --json results/1c/ddr5_llc/champsim/625.x264_s-20B.json traces/625.x264_s-20B.champsimtrace.xz
150	:	1790039056.394	  6823.073	0	34940	0	0	./bin/champsim_goldencove_1c_ddr5_llc --warmup-instructions 200000000 --ramulator-stats results/1c/ddr5_llc/ramulator/625.x264_s-33B.yaml --json results/1c/ddr5_llc/champsim/625.x264_s-33B.json traces/625.x264_s-33B.champsimtrace.xz
151	:	1790039114.599	  6766.128	0	34938	0	0	./bin/champsim_goldencove_1c_ddr5_llc --warmup-instructions 200000000 --ramulator-stats results/1c/ddr5_llc/ramulator/625.x264_s-39B.yaml --json results/1c/ddr5_llc/champsim/625.x264_s-39B.json traces/625.x264_s-39B.champsimtrace.xz
118	:	1790029631.214	 16255.759	0	35403	0	0	./bin/champsim_goldencove_1c_ddr5_llc --warmup-instructions 200000000 --ramulator-stats results/1c/ddr5_llc/ramulator/605.mcf_s-1152B.yaml --json results/1c/ddr5_llc/champsim/605.mcf_s-1152B.json traces/605.mcf_s-1152B.champsimtrace.xz
144	:	1790037442.493	  9179.253	0	35104	0	0	./bin/champsim_goldencove_1c_ddr5_llc --warmup-instructions 200000000 --ramulator-stats results/1c/ddr5_llc/ramulator/623.xalancbmk_s-325B.yaml --json results/1c/ddr5_llc/champsim/623.xalancbmk_s-325B.json traces/623.xalancbmk_s-325B.champsimtrace.xz
153	:	1790040249.779	  6405.227	0	34923	0	0	./bin/champsim_goldencove_1c_ddr5_llc --warmup-instructions 200000000 --ramulator-stats results/1c/ddr5_llc/ramulator/627.cam4_s-573B.yaml --json results/1c/ddr5_llc/champsim/627.cam4_s-573B.json traces/627.cam4_s-573B.champsimtrace.xz
145	:	1790037719.814	  9431.313	0	35088	0	0	./bin/champsim_goldencove_1c_ddr5_llc --warmup-instructions 200000000 --ramulator-stats results/1c/ddr5_llc/ramulator/623.xalancbmk_s-592B.yaml --json results/1c/ddr5_llc/champsim/623.xalancbmk_s-592B.json traces/623.xalancbmk_s-592B.champsimtrace.xz
131	:	1790034684.106	 12803.952	0	35378	0	0	./bin/champsim_goldencove_1c_ddr5_llc --warmup-instructions 200000000 --ramulator-stats results/1c/ddr5_llc/ramulator/619.lbm_s-2676B.yaml --json results/1c/ddr5_llc/champsim/619.lbm_s-2676B.json traces/619.lbm_s-2676B.champsimtrace.xz
154	:	1790040273.697	  7324.743	0	34974	0	0	./bin/champsim_goldencove_1c_ddr5_llc --warmup-instructions 200000000 --ramulator-stats results/1c/ddr5_llc/ramulator/628.pop2_s-17B.yaml --json results/1c/ddr5_llc/champsim/628.pop2_s-17B.json traces/628.pop2_s-17B.champsimtrace.xz
119	:	1790029832.396	 17772.603	0	35438	0	0	./bin/champsim_goldencove_1c_ddr5_llc --warmup-instructions 200000000 --ramulator-stats results/1c/ddr5_llc/ramulator/605.mcf_s-1536B.yaml --json results/1c/ddr5_llc/champsim/605.mcf_s-1536B.json traces/605.mcf_s-1536B.champsimtrace.xz
120	:	1790030015.511	 17989.465	0	35422	0	0	./bin/champsim_goldencove_1c_ddr5_llc --warmup-instructions 200000000 --ramulator-stats results/1c/ddr5_llc/ramulator/605.mcf_s-1554B.yaml --json results/1c/ddr5_llc/champsim/605.mcf_s-1554B.json traces/605.mcf_s-1554B.champsimtrace.xz
152	:	1790039964.364	  8063.717	0	35003	0	0	./bin/champsim_goldencove_1c_ddr5_llc --warmup-instructions 200000000 --ramulator-stats results/1c/ddr5_llc/ramulator/627.cam4_s-490B.yaml --json results/1c/ddr5_llc/champsim/627.cam4_s-490B.json traces/627.cam4_s-490B.champsimtrace.xz
146	:	1790038166.193	  9914.041	0	35271	0	0	./bin/champsim_goldencove_1c_ddr5_llc --warmup-instructions 200000000 --ramulator-stats results/1c/ddr5_llc/ramulator/623.xalancbmk_s-700B.yaml --json results/1c/ddr5_llc/champsim/623.xalancbmk_s-700B.json traces/623.xalancbmk_s-700B.champsimtrace.xz
136	:	1790035805.921	 12330.582	0	35396	0	0	./bin/champsim_goldencove_1c_ddr5_llc --warmup-instructions 200000000 --ramulator-stats results/1c/ddr5_llc/ramulator/620.omnetpp_s-874B.yaml --json results/1c/ddr5_llc/champsim/620.omnetpp_s-874B.json traces/620.omnetpp_s-874B.champsimtrace.xz
141	:	1790036467.779	 11691.191	0	35385	0	0	./bin/champsim_goldencove_1c_ddr5_llc --warmup-instructions 200000000 --ramulator-stats results/1c/ddr5_llc/ramulator/623.xalancbmk_s-10B.yaml --json results/1c/ddr5_llc/champsim/623.xalancbmk_s-10B.json traces/623.xalancbmk_s-10B.champsimtrace.xz
126	:	1790033296.442	 15002.134	0	35401	0	0	./bin/champsim_goldencove_1c_ddr5_llc --warmup-instructions 200000000 --ramulator-stats results/1c/ddr5_llc/ramulator/605.mcf_s-994B.yaml --json results/1c/ddr5_llc/champsim/605.mcf_s-994B.json traces/605.mcf_s-994B.champsimtrace.xz
132	:	1790034848.031	 13459.244	0	35371	0	0	./bin/champsim_goldencove_1c_ddr5_llc --warmup-instructions 200000000 --ramulator-stats results/1c/ddr5_llc/ramulator/619.lbm_s-2677B.yaml --json results/1c/ddr5_llc/champsim/619.lbm_s-2677B.json traces/619.lbm_s-2677B.champsimtrace.xz
135	:	1790035737.656	 12585.687	0	35383	0	0	./bin/champsim_goldencove_1c_ddr5_llc --warmup-instructions 200000000 --ramulator-stats results/1c/ddr5_llc/ramulator/620.omnetpp_s-141B.yaml --json results/1c/ddr5_llc/champsim/620.omnetpp_s-141B.json traces/620.omnetpp_s-141B.champsimtrace.xz
122	:	1790031158.912	 17257.197	0	35447	0	0	./bin/champsim_goldencove_1c_ddr5_llc --warmup-instructions 200000000 --ramulator-stats results/1c/ddr5_llc/ramulator/605.mcf_s-472B.yaml --json results/1c/ddr5_llc/champsim/605.mcf_s-472B.json traces/605.mcf_s-472B.champsimtrace.xz
134	:	1790035584.359	 12899.023	0	35375	0	0	./bin/champsim_goldencove_1c_ddr5_llc --warmup-instructions 200000000 --ramulator-stats results/1c/ddr5_llc/ramulator/619.lbm_s-4268B.yaml --json results/1c/ddr5_llc/champsim/619.lbm_s-4268B.json traces/619.lbm_s-4268B.champsimtrace.xz
155	:	1790040320.633	  8509.762	0	34988	0	0	./bin/champsim_goldencove_1c_ddr5_llc --warmup-instructions 200000000 --ramulator-stats results/1c/ddr5_llc/ramulator/631.deepsjeng_s-928B.yaml --json results/1c/ddr5_llc/champsim/631.deepsjeng_s-928B.json traces/631.deepsjeng_s-928B.champsimtrace.xz
133	:	1790034964.328	 14192.254	0	35355	0	0	./bin/champsim_goldencove_1c_ddr5_llc --warmup-instructions 200000000 --ramulator-stats results/1c/ddr5_llc/ramulator/619.lbm_s-3766B.yaml --json results/1c/ddr5_llc/champsim/619.lbm_s-3766B.json traces/619.lbm_s-3766B.champsimtrace.xz
123	:	1790031222.378	 19597.161	0	35465	0	0	./bin/champsim_goldencove_1c_ddr5_llc --warmup-instructions 200000000 --ramulator-stats results/1c/ddr5_llc/ramulator/605.mcf_s-484B.yaml --json results/1c/ddr5_llc/champsim/605.mcf_s-484B.json traces/605.mcf_s-484B.champsimtrace.xz
157	:	1790044241.841	  6914.034	0	34997	0	0	./bin/champsim_goldencove_1c_ddr5_llc --warmup-instructions 200000000 --ramulator-stats results/1c/ddr5_llc/ramulator/638.imagick_s-4128B.yaml --json results/1c/ddr5_llc/champsim/638.imagick_s-4128B.json traces/638.imagick_s-4128B.champsimtrace.xz
158	:	1790044410.976	  7371.440	0	34923	0	0	./bin/champsim_goldencove_1c_ddr5_llc --warmup-instructions 200000000 --ramulator-stats results/1c/ddr5_llc/ramulator/638.imagick_s-824B.yaml --json results/1c/ddr5_llc/champsim/638.imagick_s-824B.json traces/638.imagick_s-824B.champsimtrace.xz
166	:	1790045356.299	  6780.345	0	34925	0	0	./bin/champsim_goldencove_1c_ddr5_llc --warmup-instructions 200000000 --ramulator-stats results/1c/ddr5_llc/ramulator/644.nab_s-12459B.yaml --json results/1c/ddr5_llc/champsim/644.nab_s-12459B.json traces/644.nab_s-12459B.champsimtrace.xz
159	:	1790044433.747	  7774.250	0	35000	0	0	./bin/champsim_goldencove_1c_ddr5_llc --warmup-instructions 200000000 --ramulator-stats results/1c/ddr5_llc/ramulator/641.leela_s-1052B.yaml --json results/1c/ddr5_llc/champsim/641.leela_s-1052B.json traces/641.leela_s-1052B.champsimtrace.xz
161	:	1790044749.166	  7674.499	0	34928	0	0	./bin/champsim_goldencove_1c_ddr5_llc --warmup-instructions 200000000 --ramulator-stats results/1c/ddr5_llc/ramulator/641.leela_s-149B.yaml --json results/1c/ddr5_llc/champsim/641.leela_s-149B.json traces/641.leela_s-149B.champsimtrace.xz
160	:	1790044601.610	  7847.678	0	35040	0	0	./bin/champsim_goldencove_1c_ddr5_llc --warmup-instructions 200000000 --ramulator-stats results/1c/ddr5_llc/ramulator/641.leela_s-1083B.yaml --json results/1c/ddr5_llc/champsim/641.leela_s-1083B.json traces/641.leela_s-1083B.champsimtrace.xz
164	:	1790045129.752	  7572.069	0	35004	0	0	./bin/champsim_goldencove_1c_ddr5_llc --warmup-instructions 200000000 --ramulator-stats results/1c/ddr5_llc/ramulator/641.leela_s-800B.yaml --json results/1c/ddr5_llc/champsim/641.leela_s-800B.json traces/641.leela_s-800B.champsimtrace.xz
163	:	1790045116.230	  7813.881	0	35011	0	0	./bin/champsim_goldencove_1c_ddr5_llc --warmup-instructions 200000000 --ramulator-stats results/1c/ddr5_llc/ramulator/641.leela_s-602B.yaml --json results/1c/ddr5_llc/champsim/641.leela_s-602B.json traces/641.leela_s-602B.champsimtrace.xz
162	:	1790045066.709	  7900.577	0	35017	0	0	./bin/champsim_goldencove_1c_ddr5_llc --warmup-instructions 200000000 --ramulator-stats results/1c/ddr5_llc/ramulator/641.leela_s-334B.yaml --json results/1c/ddr5_llc/champsim/641.leela_s-334B.json traces/641.leela_s-334B.champsimtrace.xz
165	:	1790045342.237	  7691.819	0	35004	0	0	./bin/champsim_goldencove_1c_ddr5_llc --warmup-instructions 200000000 --ramulator-stats results/1c/ddr5_llc/ramulator/641.leela_s-862B.yaml --json results/1c/ddr5_llc/champsim/641.leela_s-862B.json traces/641.leela_s-862B.champsimtrace.xz
171	:	1790045694.261	  7481.899	0	34980	0	0	./bin/champsim_goldencove_1c_ddr5_llc --warmup-instructions 200000000 --ramulator-stats results/1c/ddr5_llc/ramulator/648.exchange2_s-1227B.yaml --json results/1c/ddr5_llc/champsim/648.exchange2_s-1227B.json traces/648.exchange2_s-1227B.champsimtrace.xz
108	:	1790027755.241	 25492.693	0	35435	0	0	./bin/champsim_goldencove_1c_ddr5_llc --warmup-instructions 200000000 --ramulator-stats results/1c/ddr5_llc/ramulator/602.gcc_s-2226B.yaml --json results/1c/ddr5_llc/champsim/602.gcc_s-2226B.json traces/602.gcc_s-2226B.champsimtrace.xz
173	:	1790045880.734	  7565.342	0	34173	0	0	./bin/champsim_goldencove_1c_ddr5_llc --warmup-instructions 200000000 --ramulator-stats results/1c/ddr5_llc/ramulator/648.exchange2_s-1511B.yaml --json results/1c/ddr5_llc/champsim/648.exchange2_s-1511B.json traces/648.exchange2_s-1511B.champsimtrace.xz
172	:	1790045879.476	  7609.017	0	34975	0	0	./bin/champsim_goldencove_1c_ddr5_llc --warmup-instructions 200000000 --ramulator-stats results/1c/ddr5_llc/ramulator/648.exchange2_s-1247B.yaml --json results/1c/ddr5_llc/champsim/648.exchange2_s-1247B.json traces/648.exchange2_s-1247B.champsimtrace.xz
168	:	1790045417.503	  8220.289	0	35310	0	0	./bin/champsim_goldencove_1c_ddr5_llc --warmup-instructions 200000000 --ramulator-stats results/1c/ddr5_llc/ramulator/644.nab_s-5853B.yaml --json results/1c/ddr5_llc/champsim/644.nab_s-5853B.json traces/644.nab_s-5853B.champsimtrace.xz
170	:	1790045581.088	  8281.934	0	34912	0	0	./bin/champsim_goldencove_1c_ddr5_llc --warmup-instructions 200000000 --ramulator-stats results/1c/ddr5_llc/ramulator/644.nab_s-9322B.yaml --json results/1c/ddr5_llc/champsim/644.nab_s-9322B.json traces/644.nab_s-9322B.champsimtrace.xz
169	:	1790045575.382	  8304.572	0	34851	0	0	./bin/champsim_goldencove_1c_ddr5_llc --warmup-instructions 200000000 --ramulator-stats results/1c/ddr5_llc/ramulator/644.nab_s-7928B.yaml --json results/1c/ddr5_llc/champsim/644.nab_s-7928B.json traces/644.nab_s-7928B.champsimtrace.xz
187	:	1790048307.281	  5653.622	0	34903	0	0	./bin/champsim_goldencove_1c_ddr5_llc --warmup-instructions 200000000 --ramulator-stats results/1c/ddr5_llc/ramulator/654.roms_s-1021B.yaml --json results/1c/ddr5_llc/champsim/654.roms_s-1021B.json traces/654.roms_s-1021B.champsimtrace.xz
174	:	1790045886.981	  8108.062	0	34190	0	0	./bin/champsim_goldencove_1c_ddr5_llc --warmup-instructions 200000000 --ramulator-stats results/1c/ddr5_llc/ramulator/648.exchange2_s-1699B.yaml --json results/1c/ddr5_llc/champsim/648.exchange2_s-1699B.json traces/648.exchange2_s-1699B.champsimtrace.xz
167	:	1790045387.292	  8761.378	0	34988	0	0	./bin/champsim_goldencove_1c_ddr5_llc --warmup-instructions 200000000 --ramulator-stats results/1c/ddr5_llc/ramulator/644.nab_s-12521B.yaml --json results/1c/ddr5_llc/champsim/644.nab_s-12521B.json traces/644.nab_s-12521B.champsimtrace.xz
178	:	1790047488.063	  6916.604	0	34151	0	0	./bin/champsim_goldencove_1c_ddr5_llc --warmup-instructions 200000000 --ramulator-stats results/1c/ddr5_llc/ramulator/648.exchange2_s-387B.yaml --json results/1c/ddr5_llc/champsim/648.exchange2_s-387B.json traces/648.exchange2_s-387B.champsimtrace.xz
175	:	1790046621.753	  8061.059	0	34998	0	0	./bin/champsim_goldencove_1c_ddr5_llc --warmup-instructions 200000000 --ramulator-stats results/1c/ddr5_llc/ramulator/648.exchange2_s-1712B.yaml --json results/1c/ddr5_llc/champsim/648.exchange2_s-1712B.json traces/648.exchange2_s-1712B.champsimtrace.xz
176	:	1790046655.016	  8123.319	0	34975	0	0	./bin/champsim_goldencove_1c_ddr5_llc --warmup-instructions 200000000 --ramulator-stats results/1c/ddr5_llc/ramulator/648.exchange2_s-210B.yaml --json results/1c/ddr5_llc/champsim/648.exchange2_s-210B.json traces/648.exchange2_s-210B.champsimtrace.xz
177	:	1790047151.132	  7773.068	0	34961	0	0	./bin/champsim_goldencove_1c_ddr5_llc --warmup-instructions 200000000 --ramulator-stats results/1c/ddr5_llc/ramulator/648.exchange2_s-353B.yaml --json results/1c/ddr5_llc/champsim/648.exchange2_s-353B.json traces/648.exchange2_s-353B.champsimtrace.xz
180	:	1790047605.009	  7691.529	0	34961	0	0	./bin/champsim_goldencove_1c_ddr5_llc --warmup-instructions 200000000 --ramulator-stats results/1c/ddr5_llc/ramulator/648.exchange2_s-72B.yaml --json results/1c/ddr5_llc/champsim/648.exchange2_s-72B.json traces/648.exchange2_s-72B.champsimtrace.xz
179	:	1790047598.446	  7855.339	0	34957	0	0	./bin/champsim_goldencove_1c_ddr5_llc --warmup-instructions 200000000 --ramulator-stats results/1c/ddr5_llc/ramulator/648.exchange2_s-584B.yaml --json results/1c/ddr5_llc/champsim/648.exchange2_s-584B.json traces/648.exchange2_s-584B.champsimtrace.xz
183	:	1790048080.242	  7480.244	0	34975	0	0	./bin/champsim_goldencove_1c_ddr5_llc --warmup-instructions 200000000 --ramulator-stats results/1c/ddr5_llc/ramulator/649.fotonik3d_s-1B.yaml --json results/1c/ddr5_llc/champsim/649.fotonik3d_s-1B.json traces/649.fotonik3d_s-1B.champsimtrace.xz
26	:	1790009759.627	 47047.801	0	35135	0	0	./bin/champsim_goldencove_1c_ddr5 --warmup-instructions 200000000 --ramulator-stats results/1c/ddr5/ramulator/605.mcf_s-782B.yaml --json results/1c/ddr5/champsim/605.mcf_s-782B.json traces/605.mcf_s-782B.champsimtrace.xz
198	:	1790052423.671	  4947.302	0	34876	0	0	./bin/champsim_goldencove_1c_ddr5_llc --warmup-instructions 200000000 --ramulator-stats results/1c/ddr5_llc/ramulator/657.xz_s-56B.yaml --json results/1c/ddr5_llc/champsim/657.xz_s-56B.json traces/657.xz_s-56B.champsimtrace.xz
190	:	1790048483.388	  9417.846	0	35160	0	0	./bin/champsim_goldencove_1c_ddr5_llc --warmup-instructions 200000000 --ramulator-stats results/1c/ddr5_llc/ramulator/654.roms_s-1613B.yaml --json results/1c/ddr5_llc/champsim/654.roms_s-1613B.json traces/654.roms_s-1613B.champsimtrace.xz
197	:	1790052208.006	  6113.407	0	34951	0	0	./bin/champsim_goldencove_1c_ddr5_llc --warmup-instructions 200000000 --ramulator-stats results/1c/ddr5_llc/ramulator/657.xz_s-4994B.yaml --json results/1c/ddr5_llc/champsim/657.xz_s-4994B.json traces/657.xz_s-4994B.champsimtrace.xz
192	:	1790049156.592	  9247.953	0	35126	0	0	./bin/champsim_goldencove_1c_ddr5_llc --warmup-instructions 200000000 --ramulator-stats results/1c/ddr5_llc/ramulator/654.roms_s-294B.yaml --json results/1c/ddr5_llc/champsim/654.roms_s-294B.json traces/654.roms_s-294B.champsimtrace.xz
195	:	1790051782.425	  6983.684	0	34983	0	0	./bin/champsim_goldencove_1c_ddr5_llc --warmup-instructions 200000000 --ramulator-stats results/1c/ddr5_llc/ramulator/657.xz_s-2302B.yaml --json results/1c/ddr5_llc/champsim/657.xz_s-2302B.json traces/657.xz_s-2302B.champsimtrace.xz
196	:	1790052136.651	  6845.516	0	34963	0	0	./bin/champsim_goldencove_1c_ddr5_llc --warmup-instructions 200000000 --ramulator-stats results/1c/ddr5_llc/ramulator/657.xz_s-3167B.yaml --json results/1c/ddr5_llc/champsim/657.xz_s-3167B.json traces/657.xz_s-3167B.champsimtrace.xz
194	:	1790051155.887	  7909.256	0	35009	0	0	./bin/champsim_goldencove_1c_ddr5_llc --warmup-instructions 200000000 --ramulator-stats results/1c/ddr5_llc/ramulator/654.roms_s-842B.yaml --json results/1c/ddr5_llc/champsim/654.roms_s-842B.json traces/654.roms_s-842B.champsimtrace.xz
188	:	1790048323.349	 11130.815	0	35302	0	0	./bin/champsim_goldencove_1c_ddr5_llc --warmup-instructions 200000000 --ramulator-stats results/1c/ddr5_llc/ramulator/654.roms_s-1070B.yaml --json results/1c/ddr5_llc/champsim/654.roms_s-1070B.json traces/654.roms_s-1070B.champsimtrace.xz
186	:	1790048298.583	 11416.009	0	35310	0	0	./bin/champsim_goldencove_1c_ddr5_llc --warmup-instructions 200000000 --ramulator-stats results/1c/ddr5_llc/ramulator/654.roms_s-1007B.yaml --json results/1c/ddr5_llc/champsim/654.roms_s-1007B.json traces/654.roms_s-1007B.champsimtrace.xz
210	:	1790053879.962	  6094.326	0	34176	0	0	./bin/champsim_goldencove_1c_hbm1 --warmup-instructions 200000000 --ramulator-stats results/1c/hbm1/ramulator/603.bwaves_s-1080B.yaml --json results/1c/hbm1/champsim/603.bwaves_s-1080B.json traces/603.bwaves_s-1080B.champsimtrace.xz
214	:	1790054404.673	  5745.292	0	34151	0	0	./bin/champsim_goldencove_1c_hbm1 --warmup-instructions 200000000 --ramulator-stats results/1c/hbm1/ramulator/603.bwaves_s-3699B.yaml --json results/1c/hbm1/champsim/603.bwaves_s-3699B.json traces/603.bwaves_s-3699B.champsimtrace.xz
215	:	1790054682.821	  5630.571	0	34173	0	0	./bin/champsim_goldencove_1c_hbm1 --warmup-instructions 200000000 --ramulator-stats results/1c/hbm1/ramulator/603.bwaves_s-5359B.yaml --json results/1c/hbm1/champsim/603.bwaves_s-5359B.json traces/603.bwaves_s-5359B.champsimtrace.xz
125	:	1790032263.547	 28088.649	0	35419	0	0	./bin/champsim_goldencove_1c_ddr5_llc --warmup-instructions 200000000 --ramulator-stats results/1c/ddr5_llc/ramulator/605.mcf_s-782B.yaml --json results/1c/ddr5_llc/champsim/605.mcf_s-782B.json traces/605.mcf_s-782B.champsimtrace.xz
191	:	1790048830.400	 11565.921	0	35286	0	0	./bin/champsim_goldencove_1c_ddr5_llc --warmup-instructions 200000000 --ramulator-stats results/1c/ddr5_llc/ramulator/654.roms_s-293B.yaml --json results/1c/ddr5_llc/champsim/654.roms_s-293B.json traces/654.roms_s-293B.champsimtrace.xz
189	:	1790048416.118	 12357.250	0	35340	0	0	./bin/champsim_goldencove_1c_ddr5_llc --warmup-instructions 200000000 --ramulator-stats results/1c/ddr5_llc/ramulator/654.roms_s-1390B.yaml --json results/1c/ddr5_llc/champsim/654.roms_s-1390B.json traces/654.roms_s-1390B.champsimtrace.xz
184	:	1790048136.513	 13136.009	0	35149	0	0	./bin/champsim_goldencove_1c_ddr5_llc --warmup-instructions 200000000 --ramulator-stats results/1c/ddr5_llc/ramulator/649.fotonik3d_s-7084B.yaml --json results/1c/ddr5_llc/champsim/649.fotonik3d_s-7084B.json traces/649.fotonik3d_s-7084B.champsimtrace.xz
203	:	1790053034.067	  8277.035	0	34286	0	0	./bin/champsim_goldencove_1c_hbm1 --warmup-instructions 200000000 --ramulator-stats results/1c/hbm1/ramulator/600.perlbench_s-1273B.yaml --json results/1c/hbm1/champsim/600.perlbench_s-1273B.json traces/600.perlbench_s-1273B.champsimtrace.xz
204	:	1790053176.166	  8320.982	0	34306	0	0	./bin/champsim_goldencove_1c_hbm1 --warmup-instructions 200000000 --ramulator-stats results/1c/hbm1/ramulator/600.perlbench_s-210B.yaml --json results/1c/hbm1/champsim/600.perlbench_s-210B.json traces/600.perlbench_s-210B.champsimtrace.xz
205	:	1790053247.945	  8358.172	0	34293	0	0	./bin/champsim_goldencove_1c_hbm1 --warmup-instructions 200000000 --ramulator-stats results/1c/hbm1/ramulator/600.perlbench_s-570B.yaml --json results/1c/hbm1/champsim/600.perlbench_s-570B.json traces/600.perlbench_s-570B.champsimtrace.xz
4	:	1790009759.586	 52196.097	0	225215	0	0	./bin/champsim_goldencove_8c_ddr5 --warmup-instructions 200000000 --ramulator-stats results/8c/ddr5/ramulator/random.yaml --json results/8c/ddr5/champsim/random.json traces/657.xz_s-3167B.champsimtrace.xz traces/605.mcf_s-1152B.champsimtrace.xz traces/605.mcf_s-665B.champsimtrace.xz traces/605.mcf_s-472B.champsimtrace.xz traces/641.leela_s-800B.champsimtrace.xz traces/607.cactuBSSN_s-4004B.champsimtrace.xz traces/648.exchange2_s-1227B.champsimtrace.xz traces/600.perlbench_s-1273B.champsimtrace.xz
208	:	1790053637.800	  8456.513	0	34595	0	0	./bin/champsim_goldencove_1c_hbm1 --warmup-instructions 200000000 --ramulator-stats results/1c/hbm1/ramulator/602.gcc_s-2375B.yaml --json results/1c/hbm1/champsim/602.gcc_s-2375B.json traces/602.gcc_s-2375B.champsimtrace.xz
209	:	1790053863.029	  8313.838	0	34245	0	0	./bin/champsim_goldencove_1c_hbm1 --warmup-instructions 200000000 --ramulator-stats results/1c/hbm1/ramulator/602.gcc_s-734B.yaml --json results/1c/hbm1/champsim/602.gcc_s-734B.json traces/602.gcc_s-734B.champsimtrace.xz
181	:	1790048004.982	 15082.731	0	35407	0	0	./bin/champsim_goldencove_1c_ddr5_llc --warmup-instructions 200000000 --ramulator-stats results/1c/ddr5_llc/ramulator/649.fotonik3d_s-10881B.yaml --json results/1c/ddr5_llc/champsim/649.fotonik3d_s-10881B.json traces/649.fotonik3d_s-10881B.champsimtrace.xz
193	:	1790050819.547	 12437.960	0	35307	0	0	./bin/champsim_goldencove_1c_ddr5_llc --warmup-instructions 200000000 --ramulator-stats results/1c/ddr5_llc/ramulator/654.roms_s-523B.yaml --json results/1c/ddr5_llc/champsim/654.roms_s-523B.json traces/654.roms_s-523B.champsimtrace.xz
206	:	1790053446.083	 10525.447	0	34591	0	0	./bin/champsim_goldencove_1c_hbm1 --warmup-instructions 200000000 --ramulator-stats results/1c/hbm1/ramulator/602.gcc_s-1850B.yaml --json results/1c/hbm1/champsim/602.gcc_s-1850B.json traces/602.gcc_s-1850B.champsimtrace.xz
213	:	1790054148.676	  9887.804	0	34271	0	0	./bin/champsim_goldencove_1c_hbm1 --warmup-instructions 200000000 --ramulator-stats results/1c/hbm1/ramulator/603.bwaves_s-2931B.yaml --json results/1c/hbm1/champsim/603.bwaves_s-2931B.json traces/603.bwaves_s-2931B.champsimtrace.xz
229	:	1790059454.170	  5638.138	0	34169	0	0	./bin/champsim_goldencove_1c_hbm1 --warmup-instructions 200000000 --ramulator-stats results/1c/hbm1/ramulator/607.cactuBSSN_s-4248B.yaml --json results/1c/hbm1/champsim/607.cactuBSSN_s-4248B.json traces/607.cactuBSSN_s-4248B.champsimtrace.xz
216	:	1790054778.344	 10959.003	0	34547	0	0	./bin/champsim_goldencove_1c_hbm1 --warmup-instructions 200000000 --ramulator-stats results/1c/hbm1/ramulator/603.bwaves_s-891B.yaml --json results/1c/hbm1/champsim/603.bwaves_s-891B.json traces/603.bwaves_s-891B.champsimtrace.xz
211	:	1790053960.915	 12326.090	0	34648	0	0	./bin/champsim_goldencove_1c_hbm1 --warmup-instructions 200000000 --ramulator-stats results/1c/hbm1/ramulator/603.bwaves_s-1740B.yaml --json results/1c/hbm1/champsim/603.bwaves_s-1740B.json traces/603.bwaves_s-1740B.champsimtrace.xz
212	:	1790053995.050	 12357.620	0	34637	0	0	./bin/champsim_goldencove_1c_hbm1 --warmup-instructions 200000000 --ramulator-stats results/1c/hbm1/ramulator/603.bwaves_s-2609B.yaml --json results/1c/hbm1/champsim/603.bwaves_s-2609B.json traces/603.bwaves_s-2609B.champsimtrace.xz
182	:	1790048028.086	 19851.068	0	35433	0	0	./bin/champsim_goldencove_1c_ddr5_llc --warmup-instructions 200000000 --ramulator-stats results/1c/ddr5_llc/ramulator/649.fotonik3d_s-1176B.yaml --json results/1c/ddr5_llc/champsim/649.fotonik3d_s-1176B.json traces/649.fotonik3d_s-1176B.champsimtrace.xz
185	:	1790048158.980	 20005.017	0	35411	0	0	./bin/champsim_goldencove_1c_ddr5_llc --warmup-instructions 200000000 --ramulator-stats results/1c/ddr5_llc/ramulator/649.fotonik3d_s-8225B.yaml --json results/1c/ddr5_llc/champsim/649.fotonik3d_s-8225B.json traces/649.fotonik3d_s-8225B.champsimtrace.xz
226	:	1790058766.116	 10646.134	0	34287	0	0	./bin/champsim_goldencove_1c_hbm1 --warmup-instructions 200000000 --ramulator-stats results/1c/hbm1/ramulator/607.cactuBSSN_s-2421B.yaml --json results/1c/hbm1/champsim/607.cactuBSSN_s-2421B.json traces/607.cactuBSSN_s-2421B.champsimtrace.xz
236	:	1790060773.376	  9093.105	0	34423	0	0	./bin/champsim_goldencove_1c_hbm1 --warmup-instructions 200000000 --ramulator-stats results/1c/hbm1/ramulator/621.wrf_s-575B.yaml --json results/1c/hbm1/champsim/621.wrf_s-575B.json traces/621.wrf_s-575B.champsimtrace.xz
237	:	1790061272.529	  8620.912	0	34480	0	0	./bin/champsim_goldencove_1c_hbm1 --warmup-instructions 200000000 --ramulator-stats results/1c/hbm1/ramulator/621.wrf_s-6673B.yaml --json results/1c/hbm1/champsim/621.wrf_s-6673B.json traces/621.wrf_s-6673B.champsimtrace.xz
228	:	1790059065.152	 10867.248	0	34301	0	0	./bin/champsim_goldencove_1c_hbm1 --warmup-instructions 200000000 --ramulator-stats results/1c/hbm1/ramulator/607.cactuBSSN_s-4004B.yaml --json results/1c/hbm1/champsim/607.cactuBSSN_s-4004B.json traces/607.cactuBSSN_s-4004B.champsimtrace.xz
227	:	1790058982.173	 11029.806	0	34387	0	0	./bin/champsim_goldencove_1c_hbm1 --warmup-instructions 200000000 --ramulator-stats results/1c/hbm1/ramulator/607.cactuBSSN_s-3477B.yaml --json results/1c/hbm1/champsim/607.cactuBSSN_s-3477B.json traces/607.cactuBSSN_s-3477B.champsimtrace.xz
239	:	1790061497.155	  8617.848	0	34345	0	0	./bin/champsim_goldencove_1c_hbm1 --warmup-instructions 200000000 --ramulator-stats results/1c/hbm1/ramulator/621.wrf_s-8100B.yaml --json results/1c/hbm1/champsim/621.wrf_s-8100B.json traces/621.wrf_s-8100B.champsimtrace.xz
238	:	1790061311.118	  8853.734	0	34502	0	0	./bin/champsim_goldencove_1c_hbm1 --warmup-instructions 200000000 --ramulator-stats results/1c/hbm1/ramulator/621.wrf_s-8065B.yaml --json results/1c/hbm1/champsim/621.wrf_s-8065B.json traces/621.wrf_s-8065B.champsimtrace.xz
220	:	1790055560.494	 14654.993	0	34752	0	0	./bin/champsim_goldencove_1c_hbm1 --warmup-instructions 200000000 --ramulator-stats results/1c/hbm1/ramulator/605.mcf_s-1644B.yaml --json results/1c/hbm1/champsim/605.mcf_s-1644B.json traces/605.mcf_s-1644B.champsimtrace.xz
246	:	1790063971.539	  6729.272	0	34215	0	0	./bin/champsim_goldencove_1c_hbm1 --warmup-instructions 200000000 --ramulator-stats results/1c/hbm1/ramulator/625.x264_s-12B.yaml --json results/1c/hbm1/champsim/625.x264_s-12B.json traces/625.x264_s-12B.champsimtrace.xz
247	:	1790064036.490	  6819.105	0	34209	0	0	./bin/champsim_goldencove_1c_hbm1 --warmup-instructions 200000000 --ramulator-stats results/1c/hbm1/ramulator/625.x264_s-18B.yaml --json results/1c/hbm1/champsim/625.x264_s-18B.json traces/625.x264_s-18B.champsimtrace.xz
241	:	1790061955.723	  8925.885	0	34249	0	0	./bin/champsim_goldencove_1c_hbm1 --warmup-instructions 200000000 --ramulator-stats results/1c/hbm1/ramulator/623.xalancbmk_s-165B.yaml --json results/1c/hbm1/champsim/623.xalancbmk_s-165B.json traces/623.xalancbmk_s-165B.champsimtrace.xz
243	:	1790062176.875	  9014.426	0	34446	0	0	./bin/champsim_goldencove_1c_hbm1 --warmup-instructions 200000000 --ramulator-stats results/1c/hbm1/ramulator/623.xalancbmk_s-325B.yaml --json results/1c/hbm1/champsim/623.xalancbmk_s-325B.json traces/623.xalancbmk_s-325B.champsimtrace.xz
242	:	1790062094.318	  9684.165	0	34365	0	0	./bin/champsim_goldencove_1c_hbm1 --warmup-instructions 200000000 --ramulator-stats results/1c/hbm1/ramulator/623.xalancbmk_s-202B.yaml --json results/1c/hbm1/champsim/623.xalancbmk_s-202B.json traces/623.xalancbmk_s-202B.champsimtrace.xz
248	:	1790065092.314	  6810.953	0	34202	0	0	./bin/champsim_goldencove_1c_hbm1 --warmup-instructions 200000000 --ramulator-stats results/1c/hbm1/ramulator/625.x264_s-20B.yaml --json results/1c/hbm1/champsim/625.x264_s-20B.json traces/625.x264_s-20B.champsimtrace.xz
244	:	1790063087.725	  9258.499	0	34412	0	0	./bin/champsim_goldencove_1c_hbm1 --warmup-instructions 200000000 --ramulator-stats results/1c/hbm1/ramulator/623.xalancbmk_s-592B.yaml --json results/1c/hbm1/champsim/623.xalancbmk_s-592B.json traces/623.xalancbmk_s-592B.champsimtrace.xz
207	:	1790053488.500	 19027.941	0	34700	0	0	./bin/champsim_goldencove_1c_hbm1 --warmup-instructions 200000000 --ramulator-stats results/1c/hbm1/ramulator/602.gcc_s-2226B.yaml --json results/1c/hbm1/champsim/602.gcc_s-2226B.json traces/602.gcc_s-2226B.champsimtrace.xz
249	:	1790065737.356	  6846.888	0	34215	0	0	./bin/champsim_goldencove_1c_hbm1 --warmup-instructions 200000000 --ramulator-stats results/1c/hbm1/ramulator/625.x264_s-33B.yaml --json results/1c/hbm1/champsim/625.x264_s-33B.json traces/625.x264_s-33B.champsimtrace.xz
250	:	1790066287.011	  6757.892	0	34224	0	0	./bin/champsim_goldencove_1c_hbm1 --warmup-instructions 200000000 --ramulator-stats results/1c/hbm1/ramulator/625.x264_s-39B.yaml --json results/1c/hbm1/champsim/625.x264_s-39B.json traces/625.x264_s-39B.champsimtrace.xz
245	:	1790063257.515	 10056.814	0	34577	0	0	./bin/champsim_goldencove_1c_hbm1 --warmup-instructions 200000000 --ramulator-stats results/1c/hbm1/ramulator/623.xalancbmk_s-700B.yaml --json results/1c/hbm1/champsim/623.xalancbmk_s-700B.json traces/623.xalancbmk_s-700B.champsimtrace.xz
230	:	1790059714.601	 14033.085	0	34659	0	0	./bin/champsim_goldencove_1c_hbm1 --warmup-instructions 200000000 --ramulator-stats results/1c/hbm1/ramulator/619.lbm_s-2676B.yaml --json results/1c/hbm1/champsim/619.lbm_s-2676B.json traces/619.lbm_s-2676B.champsimtrace.xz
255	:	1790069866.491	  4265.003	0	33925	0	0	./bin/champsim_goldencove_1c_hbm1 --warmup-instructions 200000000 --ramulator-stats results/1c/hbm1/ramulator/638.imagick_s-10316B.yaml --json results/1c/hbm1/champsim/638.imagick_s-10316B.json traces/638.imagick_s-10316B.champsimtrace.xz
233	:	1790060313.399	 14241.124	0	34660	0	0	./bin/champsim_goldencove_1c_hbm1 --warmup-instructions 200000000 --ramulator-stats results/1c/hbm1/ramulator/619.lbm_s-4268B.yaml --json results/1c/hbm1/champsim/619.lbm_s-4268B.json traces/619.lbm_s-4268B.champsimtrace.xz
252	:	1790067879.165	  6894.985	0	34235	0	0	./bin/champsim_goldencove_1c_hbm1 --warmup-instructions 200000000 --ramulator-stats results/1c/hbm1/ramulator/627.cam4_s-573B.yaml --json results/1c/hbm1/champsim/627.cam4_s-573B.json traces/627.cam4_s-573B.champsimtrace.xz
231	:	1790059974.294	 14827.138	0	34643	0	0	./bin/champsim_goldencove_1c_hbm1 --warmup-instructions 200000000 --ramulator-stats results/1c/hbm1/ramulator/619.lbm_s-2677B.yaml --json results/1c/hbm1/champsim/619.lbm_s-2677B.json traces/619.lbm_s-2677B.champsimtrace.xz
251	:	1790066352.678	  8535.802	0	34335	0	0	./bin/champsim_goldencove_1c_hbm1 --warmup-instructions 200000000 --ramulator-stats results/1c/hbm1/ramulator/627.cam4_s-490B.yaml --json results/1c/hbm1/champsim/627.cam4_s-490B.json traces/627.cam4_s-490B.champsimtrace.xz
253	:	1790068164.008	  6994.360	0	34249	0	0	./bin/champsim_goldencove_1c_hbm1 --warmup-instructions 200000000 --ramulator-stats results/1c/hbm1/ramulator/628.pop2_s-17B.yaml --json results/1c/hbm1/champsim/628.pop2_s-17B.json traces/628.pop2_s-17B.champsimtrace.xz
225	:	1790058404.554	 17630.073	0	34671	0	0	./bin/champsim_goldencove_1c_hbm1 --warmup-instructions 200000000 --ramulator-stats results/1c/hbm1/ramulator/605.mcf_s-994B.yaml --json results/1c/hbm1/champsim/605.mcf_s-994B.json traces/605.mcf_s-994B.champsimtrace.xz
232	:	1790060149.976	 15892.429	0	34630	0	0	./bin/champsim_goldencove_1c_hbm1 --warmup-instructions 200000000 --ramulator-stats results/1c/hbm1/ramulator/619.lbm_s-3766B.yaml --json results/1c/hbm1/champsim/619.lbm_s-3766B.json traces/619.lbm_s-3766B.champsimtrace.xz
222	:	1790057370.981	 18708.182	0	34745	0	0	./bin/champsim_goldencove_1c_hbm1 --warmup-instructions 200000000 --ramulator-stats results/1c/hbm1/ramulator/605.mcf_s-484B.yaml --json results/1c/hbm1/champsim/605.mcf_s-484B.json traces/605.mcf_s-484B.champsimtrace.xz
223	:	1790057901.241	 18329.470	0	34669	0	0	./bin/champsim_goldencove_1c_hbm1 --warmup-instructions 200000000 --ramulator-stats results/1c/hbm1/ramulator/605.mcf_s-665B.yaml --json results/1c/hbm1/champsim/605.mcf_s-665B.json traces/605.mcf_s-665B.champsimtrace.xz
256	:	1790069893.448	  6719.401	0	34211	0	0	./bin/champsim_goldencove_1c_hbm1 --warmup-instructions 200000000 --ramulator-stats results/1c/hbm1/ramulator/638.imagick_s-4128B.yaml --json results/1c/hbm1/champsim/638.imagick_s-4128B.json traces/638.imagick_s-4128B.champsimtrace.xz
235	:	1790060396.327	 16509.940	0	34668	0	0	./bin/champsim_goldencove_1c_hbm1 --warmup-instructions 200000000 --ramulator-stats results/1c/hbm1/ramulator/620.omnetpp_s-874B.yaml --json results/1c/hbm1/champsim/620.omnetpp_s-874B.json traces/620.omnetpp_s-874B.champsimtrace.xz
257	:	1790069932.409	  7207.136	0	34179	0	0	./bin/champsim_goldencove_1c_hbm1 --warmup-instructions 200000000 --ramulator-stats results/1c/hbm1/ramulator/638.imagick_s-824B.yaml --json results/1c/hbm1/champsim/638.imagick_s-824B.json traces/638.imagick_s-824B.champsimtrace.xz
260	:	1790070164.860	  7313.656	0	34219	0	0	./bin/champsim_goldencove_1c_hbm1 --warmup-instructions 200000000 --ramulator-stats results/1c/hbm1/ramulator/641.leela_s-149B.yaml --json results/1c/hbm1/champsim/641.leela_s-149B.json traces/641.leela_s-149B.champsimtrace.xz
221	:	1790056807.435	 20721.628	0	34718	0	0	./bin/champsim_goldencove_1c_hbm1 --warmup-instructions 200000000 --ramulator-stats results/1c/hbm1/ramulator/605.mcf_s-472B.yaml --json results/1c/hbm1/champsim/605.mcf_s-472B.json traces/605.mcf_s-472B.champsimtrace.xz
258	:	1790070011.988	  7549.046	0	34276	0	0	./bin/champsim_goldencove_1c_hbm1 --warmup-instructions 200000000 --ramulator-stats results/1c/hbm1/ramulator/641.leela_s-1052B.yaml --json results/1c/hbm1/champsim/641.leela_s-1052B.json traces/641.leela_s-1052B.champsimtrace.xz
259	:	1790070115.009	  7501.348	0	34349	0	0	./bin/champsim_goldencove_1c_hbm1 --warmup-instructions 200000000 --ramulator-stats results/1c/hbm1/ramulator/641.leela_s-1083B.yaml --json results/1c/hbm1/champsim/641.leela_s-1083B.json traces/641.leela_s-1083B.champsimtrace.xz
254	:	1790069412.259	  8299.247	0	34280	0	0	./bin/champsim_goldencove_1c_hbm1 --warmup-instructions 200000000 --ramulator-stats results/1c/hbm1/ramulator/631.deepsjeng_s-928B.yaml --json results/1c/hbm1/champsim/631.deepsjeng_s-928B.json traces/631.deepsjeng_s-928B.champsimtrace.xz
234	:	1790060352.203	 17396.240	0	34686	0	0	./bin/champsim_goldencove_1c_hbm1 --warmup-instructions 200000000 --ramulator-stats results/1c/hbm1/ramulator/620.omnetpp_s-141B.yaml --json results/1c/hbm1/champsim/620.omnetpp_s-141B.json traces/620.omnetpp_s-141B.champsimtrace.xz
261	:	1790070215.495	  7650.708	0	34279	0	0	./bin/champsim_goldencove_1c_hbm1 --warmup-instructions 200000000 --ramulator-stats results/1c/hbm1/ramulator/641.leela_s-334B.yaml --json results/1c/hbm1/champsim/641.leela_s-334B.json traces/641.leela_s-334B.champsimtrace.xz
265	:	1790071191.308	  6681.892	0	34193	0	0	./bin/champsim_goldencove_1c_hbm1 --warmup-instructions 200000000 --ramulator-stats results/1c/hbm1/ramulator/644.nab_s-12459B.yaml --json results/1c/hbm1/champsim/644.nab_s-12459B.json traces/644.nab_s-12459B.champsimtrace.xz
264	:	1790070881.618	  7254.805	0	34265	0	0	./bin/champsim_goldencove_1c_hbm1 --warmup-instructions 200000000 --ramulator-stats results/1c/hbm1/ramulator/641.leela_s-862B.yaml --json results/1c/hbm1/champsim/641.leela_s-862B.json traces/641.leela_s-862B.champsimtrace.xz
262	:	1790070700.820	  7503.877	0	34261	0	0	./bin/champsim_goldencove_1c_hbm1 --warmup-instructions 200000000 --ramulator-stats results/1c/hbm1/ramulator/641.leela_s-602B.yaml --json results/1c/hbm1/champsim/641.leela_s-602B.json traces/641.leela_s-602B.champsimtrace.xz
263	:	1790070855.605	  7371.808	0	34285	0	0	./bin/champsim_goldencove_1c_hbm1 --warmup-instructions 200000000 --ramulator-stats results/1c/hbm1/ramulator/641.leela_s-800B.yaml --json results/1c/hbm1/champsim/641.leela_s-800B.json traces/641.leela_s-800B.champsimtrace.xz
217	:	1790054924.211	 24566.329	0	34687	0	0	./bin/champsim_goldencove_1c_hbm1 --warmup-instructions 200000000 --ramulator-stats results/1c/hbm1/ramulator/605.mcf_s-1152B.yaml --json results/1c/hbm1/champsim/605.mcf_s-1152B.json traces/605.mcf_s-1152B.champsimtrace.xz
267	:	1790071903.273	  7911.737	0	34639	0	0	./bin/champsim_goldencove_1c_hbm1 --warmup-instructions 200000000 --ramulator-stats results/1c/hbm1/ramulator/644.nab_s-5853B.yaml --json results/1c/hbm1/champsim/644.nab_s-5853B.json traces/644.nab_s-5853B.champsimtrace.xz
270	:	1790072584.252	  7262.103	0	34247	0	0	./bin/champsim_goldencove_1c_hbm1 --warmup-instructions 200000000 --ramulator-stats results/1c/hbm1/ramulator/648.exchange2_s-1227B.yaml --json results/1c/hbm1/champsim/648.exchange2_s-1227B.json traces/648.exchange2_s-1227B.champsimtrace.xz
268	:	1790072346.233	  8006.886	0	34205	0	0	./bin/champsim_goldencove_1c_hbm1 --warmup-instructions 200000000 --ramulator-stats results/1c/hbm1/ramulator/644.nab_s-7928B.yaml --json results/1c/hbm1/champsim/644.nab_s-7928B.json traces/644.nab_s-7928B.champsimtrace.xz
271	:	1790073044.915	  7323.485	0	34242	0	0	./bin/champsim_goldencove_1c_hbm1 --warmup-instructions 200000000 --ramulator-stats results/1c/hbm1/ramulator/648.exchange2_s-1247B.yaml --json results/1c/hbm1/champsim/648.exchange2_s-1247B.json traces/648.exchange2_s-1247B.champsimtrace.xz
269	:	1790072516.456	  8029.557	0	34222	0	0	./bin/champsim_goldencove_1c_hbm1 --warmup-instructions 200000000 --ramulator-stats results/1c/hbm1/ramulator/644.nab_s-9322B.yaml --json results/1c/hbm1/champsim/644.nab_s-9322B.json traces/644.nab_s-9322B.champsimtrace.xz
266	:	1790071778.493	  8854.720	0	34255	0	0	./bin/champsim_goldencove_1c_hbm1 --warmup-instructions 200000000 --ramulator-stats results/1c/hbm1/ramulator/644.nab_s-12521B.yaml --json results/1c/hbm1/champsim/644.nab_s-12521B.json traces/644.nab_s-12521B.champsimtrace.xz
272	:	1790073314.337	  7335.509	0	33440	0	0	./bin/champsim_goldencove_1c_hbm1 --warmup-instructions 200000000 --ramulator-stats results/1c/hbm1/ramulator/648.exchange2_s-1511B.yaml --json results/1c/hbm1/champsim/648.exchange2_s-1511B.json traces/648.exchange2_s-1511B.champsimtrace.xz
277	:	1790074801.440	  6754.570	0	33419	0	0	./bin/champsim_goldencove_1c_hbm1 --warmup-instructions 200000000 --ramulator-stats results/1c/hbm1/ramulator/648.exchange2_s-387B.yaml --json results/1c/hbm1/champsim/648.exchange2_s-387B.json traces/648.exchange2_s-387B.champsimtrace.xz
240	:	1790061606.124	 19994.398	0	34687	0	0	./bin/champsim_goldencove_1c_hbm1 --warmup-instructions 200000000 --ramulator-stats results/1c/hbm1/ramulator/623.xalancbmk_s-10B.yaml --json results/1c/hbm1/champsim/623.xalancbmk_s-10B.json traces/623.xalancbmk_s-10B.champsimtrace.xz
273	:	1790073747.695	  7929.106	0	33458	0	0	./bin/champsim_goldencove_1c_hbm1 --warmup-instructions 200000000 --ramulator-stats results/1c/hbm1/ramulator/648.exchange2_s-1699B.yaml --json results/1c/hbm1/champsim/648.exchange2_s-1699B.json traces/648.exchange2_s-1699B.champsimtrace.xz
274	:	1790074131.508	  7814.546	0	34266	0	0	./bin/champsim_goldencove_1c_hbm1 --warmup-instructions 200000000 --ramulator-stats results/1c/hbm1/ramulator/648.exchange2_s-1712B.yaml --json results/1c/hbm1/champsim/648.exchange2_s-1712B.json traces/648.exchange2_s-1712B.champsimtrace.xz
276	:	1790074774.158	  7515.394	0	34226	0	0	./bin/champsim_goldencove_1c_hbm1 --warmup-instructions 200000000 --ramulator-stats results/1c/hbm1/ramulator/648.exchange2_s-353B.yaml --json results/1c/hbm1/champsim/648.exchange2_s-353B.json traces/648.exchange2_s-353B.champsimtrace.xz
286	:	1790077139.551	  5236.825	0	34172	0	0	./bin/champsim_goldencove_1c_hbm1 --warmup-instructions 200000000 --ramulator-stats results/1c/hbm1/ramulator/654.roms_s-1021B.yaml --json results/1c/hbm1/champsim/654.roms_s-1021B.json traces/654.roms_s-1021B.champsimtrace.xz
103	:	1790027195.313	 55259.891	0	244746	0	0	./bin/champsim_goldencove_8c_ddr5_llc --warmup-instructions 200000000 --ramulator-stats results/8c/ddr5_llc/ramulator/random.yaml --json results/8c/ddr5_llc/champsim/random.json traces/657.xz_s-3167B.champsimtrace.xz traces/605.mcf_s-1152B.champsimtrace.xz traces/605.mcf_s-665B.champsimtrace.xz traces/605.mcf_s-472B.champsimtrace.xz traces/641.leela_s-800B.champsimtrace.xz traces/607.cactuBSSN_s-4004B.champsimtrace.xz traces/648.exchange2_s-1227B.champsimtrace.xz traces/600.perlbench_s-1273B.champsimtrace.xz
275	:	1790074554.531	  7922.406	0	34243	0	0	./bin/champsim_goldencove_1c_hbm1 --warmup-instructions 200000000 --ramulator-stats results/1c/hbm1/ramulator/648.exchange2_s-210B.yaml --json results/1c/hbm1/champsim/648.exchange2_s-210B.json traces/648.exchange2_s-210B.champsimtrace.xz
278	:	1790074888.491	  7632.837	0	34223	0	0	./bin/champsim_goldencove_1c_hbm1 --warmup-instructions 200000000 --ramulator-stats results/1c/hbm1/ramulator/648.exchange2_s-584B.yaml --json results/1c/hbm1/champsim/648.exchange2_s-584B.json traces/648.exchange2_s-584B.champsimtrace.xz
279	:	1790075158.373	  7577.767	0	34229	0	0	./bin/champsim_goldencove_1c_hbm1 --warmup-instructions 200000000 --ramulator-stats results/1c/hbm1/ramulator/648.exchange2_s-72B.yaml --json results/1c/hbm1/champsim/648.exchange2_s-72B.json traces/648.exchange2_s-72B.champsimtrace.xz
297	:	1790078227.422	  4776.052	0	34144	0	0	./bin/champsim_goldencove_1c_hbm1 --warmup-instructions 200000000 --ramulator-stats results/1c/hbm1/ramulator/657.xz_s-56B.yaml --json results/1c/hbm1/champsim/657.xz_s-56B.json traces/657.xz_s-56B.champsimtrace.xz
282	:	1790076079.168	  7266.174	0	34243	0	0	./bin/champsim_goldencove_1c_hbm1 --warmup-instructions 200000000 --ramulator-stats results/1c/hbm1/ramulator/649.fotonik3d_s-1B.yaml --json results/1c/hbm1/champsim/649.fotonik3d_s-1B.json traces/649.fotonik3d_s-1B.champsimtrace.xz
296	:	1790078204.702	  5945.124	0	34231	0	0	./bin/champsim_goldencove_1c_hbm1 --warmup-instructions 200000000 --ramulator-stats results/1c/hbm1/ramulator/657.xz_s-4994B.yaml --json results/1c/hbm1/champsim/657.xz_s-4994B.json traces/657.xz_s-4994B.champsimtrace.xz
218	:	1790055296.547	 28973.705	0	34690	0	0	./bin/champsim_goldencove_1c_hbm1 --warmup-instructions 200000000 --ramulator-stats results/1c/hbm1/ramulator/605.mcf_s-1536B.yaml --json results/1c/hbm1/champsim/605.mcf_s-1536B.json traces/605.mcf_s-1536B.champsimtrace.xz
295	:	1790078136.432	  7258.779	0	34290	0	0	./bin/champsim_goldencove_1c_hbm1 --warmup-instructions 200000000 --ramulator-stats results/1c/hbm1/ramulator/657.xz_s-3167B.yaml --json results/1c/hbm1/champsim/657.xz_s-3167B.json traces/657.xz_s-3167B.champsimtrace.xz
294	:	1790077873.207	  7860.813	0	34438	0	0	./bin/champsim_goldencove_1c_hbm1 --warmup-instructions 200000000 --ramulator-stats results/1c/hbm1/ramulator/657.xz_s-2302B.yaml --json results/1c/hbm1/champsim/657.xz_s-2302B.json traces/657.xz_s-2302B.champsimtrace.xz
293	:	1790077866.209	  8431.540	0	34337	0	0	./bin/champsim_goldencove_1c_hbm1 --warmup-instructions 200000000 --ramulator-stats results/1c/hbm1/ramulator/654.roms_s-842B.yaml --json results/1c/hbm1/champsim/654.roms_s-842B.json traces/654.roms_s-842B.champsimtrace.xz
291	:	1790077711.514	  9009.519	0	34394	0	0	./bin/champsim_goldencove_1c_hbm1 --warmup-instructions 200000000 --ramulator-stats results/1c/hbm1/ramulator/654.roms_s-294B.yaml --json results/1c/hbm1/champsim/654.roms_s-294B.json traces/654.roms_s-294B.champsimtrace.xz
289	:	1790077561.041	 10083.196	0	34554	0	0	./bin/champsim_goldencove_1c_hbm1 --warmup-instructions 200000000 --ramulator-stats results/1c/hbm1/ramulator/654.roms_s-1613B.yaml --json results/1c/hbm1/champsim/654.roms_s-1613B.json traces/654.roms_s-1613B.champsimtrace.xz
285	:	1790076906.274	 11302.814	0	34577	0	0	./bin/champsim_goldencove_1c_hbm1 --warmup-instructions 200000000 --ramulator-stats results/1c/hbm1/ramulator/654.roms_s-1007B.yaml --json results/1c/hbm1/champsim/654.roms_s-1007B.json traces/654.roms_s-1007B.champsimtrace.xz
309	:	1790081946.062	  6299.868	0	34899	0	0	./bin/champsim_goldencove_1c_hbm1_llc --warmup-instructions 200000000 --ramulator-stats results/1c/hbm1_llc/ramulator/603.bwaves_s-1080B.yaml --json results/1c/hbm1_llc/champsim/603.bwaves_s-1080B.json traces/603.bwaves_s-1080B.champsimtrace.xz
314	:	1790082521.335	  5767.342	0	34908	0	0	./bin/champsim_goldencove_1c_hbm1_llc --warmup-instructions 200000000 --ramulator-stats results/1c/hbm1_llc/ramulator/603.bwaves_s-5359B.yaml --json results/1c/hbm1_llc/champsim/603.bwaves_s-5359B.json traces/603.bwaves_s-5359B.champsimtrace.xz
281	:	1790076042.411	 12283.358	0	34696	0	0	./bin/champsim_goldencove_1c_hbm1 --warmup-instructions 200000000 --ramulator-stats results/1c/hbm1/ramulator/649.fotonik3d_s-1176B.yaml --json results/1c/hbm1/champsim/649.fotonik3d_s-1176B.json traces/649.fotonik3d_s-1176B.champsimtrace.xz
313	:	1790082476.944	  5915.161	0	34883	0	0	./bin/champsim_goldencove_1c_hbm1_llc --warmup-instructions 200000000 --ramulator-stats results/1c/hbm1_llc/ramulator/603.bwaves_s-3699B.yaml --json results/1c/hbm1_llc/champsim/603.bwaves_s-3699B.json traces/603.bwaves_s-3699B.champsimtrace.xz
287	:	1790077478.523	 11248.816	0	34599	0	0	./bin/champsim_goldencove_1c_hbm1 --warmup-instructions 200000000 --ramulator-stats results/1c/hbm1/ramulator/654.roms_s-1070B.yaml --json results/1c/hbm1/champsim/654.roms_s-1070B.json traces/654.roms_s-1070B.champsimtrace.xz
302	:	1790080368.406	  8372.138	0	34991	0	0	./bin/champsim_goldencove_1c_hbm1_llc --warmup-instructions 200000000 --ramulator-stats results/1c/hbm1_llc/ramulator/600.perlbench_s-1273B.yaml --json results/1c/hbm1_llc/champsim/600.perlbench_s-1273B.json traces/600.perlbench_s-1273B.champsimtrace.xz
290	:	1790077616.366	 11152.669	0	34552	0	0	./bin/champsim_goldencove_1c_hbm1 --warmup-instructions 200000000 --ramulator-stats results/1c/hbm1/ramulator/654.roms_s-293B.yaml --json results/1c/hbm1/champsim/654.roms_s-293B.json traces/654.roms_s-293B.champsimtrace.xz
284	:	1790076612.859	 12265.298	0	34657	0	0	./bin/champsim_goldencove_1c_hbm1 --warmup-instructions 200000000 --ramulator-stats results/1c/hbm1/ramulator/649.fotonik3d_s-8225B.yaml --json results/1c/hbm1/champsim/649.fotonik3d_s-8225B.json traces/649.fotonik3d_s-8225B.champsimtrace.xz
283	:	1790076230.721	 12666.256	0	34429	0	0	./bin/champsim_goldencove_1c_hbm1 --warmup-instructions 200000000 --ramulator-stats results/1c/hbm1/ramulator/649.fotonik3d_s-7084B.yaml --json results/1c/hbm1/champsim/649.fotonik3d_s-7084B.json traces/649.fotonik3d_s-7084B.champsimtrace.xz
303	:	1790080546.023	  8490.595	0	35040	0	0	./bin/champsim_goldencove_1c_hbm1_llc --warmup-instructions 200000000 --ramulator-stats results/1c/hbm1_llc/ramulator/600.perlbench_s-210B.yaml --json results/1c/hbm1_llc/champsim/600.perlbench_s-210B.json traces/600.perlbench_s-210B.champsimtrace.xz
304	:	1790080633.219	  8564.866	0	34996	0	0	./bin/champsim_goldencove_1c_hbm1_llc --warmup-instructions 200000000 --ramulator-stats results/1c/hbm1_llc/ramulator/600.perlbench_s-570B.yaml --json results/1c/hbm1_llc/champsim/600.perlbench_s-570B.json traces/600.perlbench_s-570B.champsimtrace.xz
308	:	1790081676.807	  7790.153	0	34954	0	0	./bin/champsim_goldencove_1c_hbm1_llc --warmup-instructions 200000000 --ramulator-stats results/1c/hbm1_llc/ramulator/602.gcc_s-734B.yaml --json results/1c/hbm1_llc/champsim/602.gcc_s-734B.json traces/602.gcc_s-734B.champsimtrace.xz
292	:	1790077748.449	 11973.798	0	34614	0	0	./bin/champsim_goldencove_1c_hbm1 --warmup-instructions 200000000 --ramulator-stats results/1c/hbm1/ramulator/654.roms_s-523B.yaml --json results/1c/hbm1/champsim/654.roms_s-523B.json traces/654.roms_s-523B.champsimtrace.xz
307	:	1790081600.530	  8395.536	0	35152	0	0	./bin/champsim_goldencove_1c_hbm1_llc --warmup-instructions 200000000 --ramulator-stats results/1c/hbm1_llc/ramulator/602.gcc_s-2375B.yaml --json results/1c/hbm1_llc/champsim/602.gcc_s-2375B.json traces/602.gcc_s-2375B.champsimtrace.xz
288	:	1790077529.074	 12630.757	0	34632	0	0	./bin/champsim_goldencove_1c_hbm1 --warmup-instructions 200000000 --ramulator-stats results/1c/hbm1/ramulator/654.roms_s-1390B.yaml --json results/1c/hbm1/champsim/654.roms_s-1390B.json traces/654.roms_s-1390B.champsimtrace.xz
219	:	1790055453.794	 34812.223	0	34694	0	0	./bin/champsim_goldencove_1c_hbm1 --warmup-instructions 200000000 --ramulator-stats results/1c/hbm1/ramulator/605.mcf_s-1554B.yaml --json results/1c/hbm1/champsim/605.mcf_s-1554B.json traces/605.mcf_s-1554B.champsimtrace.xz
280	:	1790076034.637	 14646.936	0	34668	0	0	./bin/champsim_goldencove_1c_hbm1 --warmup-instructions 200000000 --ramulator-stats results/1c/hbm1/ramulator/649.fotonik3d_s-10881B.yaml --json results/1c/hbm1/champsim/649.fotonik3d_s-10881B.json traces/649.fotonik3d_s-10881B.champsimtrace.xz
312	:	1790082455.232	 10109.485	0	35005	0	0	./bin/champsim_goldencove_1c_hbm1_llc --warmup-instructions 200000000 --ramulator-stats results/1c/hbm1_llc/ramulator/603.bwaves_s-2931B.yaml --json results/1c/hbm1_llc/champsim/603.bwaves_s-2931B.json traces/603.bwaves_s-2931B.champsimtrace.xz
305	:	1790080649.851	 12320.230	0	35383	0	0	./bin/champsim_goldencove_1c_hbm1_llc --warmup-instructions 200000000 --ramulator-stats results/1c/hbm1_llc/ramulator/602.gcc_s-1850B.yaml --json results/1c/hbm1_llc/champsim/602.gcc_s-1850B.json traces/602.gcc_s-1850B.champsimtrace.xz
328	:	1790088325.780	  5738.190	0	34937	0	0	./bin/champsim_goldencove_1c_hbm1_llc --warmup-instructions 200000000 --ramulator-stats results/1c/hbm1_llc/ramulator/607.cactuBSSN_s-4248B.yaml --json results/1c/hbm1_llc/champsim/607.cactuBSSN_s-4248B.json traces/607.cactuBSSN_s-4248B.champsimtrace.xz
315	:	1790082736.146	 11972.321	0	35374	0	0	./bin/champsim_goldencove_1c_hbm1_llc --warmup-instructions 200000000 --ramulator-stats results/1c/hbm1_llc/ramulator/603.bwaves_s-891B.yaml --json results/1c/hbm1_llc/champsim/603.bwaves_s-891B.json traces/603.bwaves_s-891B.champsimtrace.xz
310	:	1790082289.560	 12879.263	0	35364	0	0	./bin/champsim_goldencove_1c_hbm1_llc --warmup-instructions 200000000 --ramulator-stats results/1c/hbm1_llc/ramulator/603.bwaves_s-1740B.yaml --json results/1c/hbm1_llc/champsim/603.bwaves_s-1740B.json traces/603.bwaves_s-1740B.champsimtrace.xz
311	:	1790082376.383	 12919.151	0	35351	0	0	./bin/champsim_goldencove_1c_hbm1_llc --warmup-instructions 200000000 --ramulator-stats results/1c/hbm1_llc/ramulator/603.bwaves_s-2609B.yaml --json results/1c/hbm1_llc/champsim/603.bwaves_s-2609B.json traces/603.bwaves_s-2609B.champsimtrace.xz
319	:	1790084270.260	 12730.967	0	35474	0	0	./bin/champsim_goldencove_1c_hbm1_llc --warmup-instructions 200000000 --ramulator-stats results/1c/hbm1_llc/ramulator/605.mcf_s-1644B.yaml --json results/1c/hbm1_llc/champsim/605.mcf_s-1644B.json traces/605.mcf_s-1644B.champsimtrace.xz
335	:	1790089036.626	  8478.700	0	34984	0	0	./bin/champsim_goldencove_1c_hbm1_llc --warmup-instructions 200000000 --ramulator-stats results/1c/hbm1_llc/ramulator/621.wrf_s-575B.yaml --json results/1c/hbm1_llc/champsim/621.wrf_s-575B.json traces/621.wrf_s-575B.champsimtrace.xz
336	:	1790089198.091	  8355.145	0	35032	0	0	./bin/champsim_goldencove_1c_hbm1_llc --warmup-instructions 200000000 --ramulator-stats results/1c/hbm1_llc/ramulator/621.wrf_s-6673B.yaml --json results/1c/hbm1_llc/champsim/621.wrf_s-6673B.json traces/621.wrf_s-6673B.champsimtrace.xz
337	:	1790089466.975	  8297.401	0	35023	0	0	./bin/champsim_goldencove_1c_hbm1_llc --warmup-instructions 200000000 --ramulator-stats results/1c/hbm1_llc/ramulator/621.wrf_s-8065B.yaml --json results/1c/hbm1_llc/champsim/621.wrf_s-8065B.json traces/621.wrf_s-8065B.champsimtrace.xz
338	:	1790089722.257	  8151.378	0	35043	0	0	./bin/champsim_goldencove_1c_hbm1_llc --warmup-instructions 200000000 --ramulator-stats results/1c/hbm1_llc/ramulator/621.wrf_s-8100B.yaml --json results/1c/hbm1_llc/champsim/621.wrf_s-8100B.json traces/621.wrf_s-8100B.champsimtrace.xz
35	:	1790172338.384	  4420.945	0	34635	0	0	./bin/champsim_goldencove_1c_hbm1_llc --warmup-instructions 200000000 --ramulator-stats results/1c/hbm1_llc/ramulator/638.imagick_s-10316B.yaml --json results/1c/hbm1_llc/champsim/638.imagick_s-10316B.json traces/638.imagick_s-10316B.champsimtrace.xz
32	:	1790172338.377	  6409.404	0	34919	0	0	./bin/champsim_goldencove_1c_hbm1_llc --warmup-instructions 200000000 --ramulator-stats results/1c/hbm1_llc/ramulator/627.cam4_s-573B.yaml --json results/1c/hbm1_llc/champsim/627.cam4_s-573B.json traces/627.cam4_s-573B.champsimtrace.xz
30	:	1790172338.372	  6747.196	0	34941	0	0	./bin/champsim_goldencove_1c_hbm1_llc --warmup-instructions 200000000 --ramulator-stats results/1c/hbm1_llc/ramulator/625.x264_s-39B.yaml --json results/1c/hbm1_llc/champsim/625.x264_s-39B.json traces/625.x264_s-39B.champsimtrace.xz
45	:	1790172338.413	  6758.235	0	34920	0	0	./bin/champsim_goldencove_1c_hbm1_llc --warmup-instructions 200000000 --ramulator-stats results/1c/hbm1_llc/ramulator/644.nab_s-12459B.yaml --json results/1c/hbm1_llc/champsim/644.nab_s-12459B.json traces/644.nab_s-12459B.champsimtrace.xz
28	:	1790172338.367	  6771.279	0	34957	0	0	./bin/champsim_goldencove_1c_hbm1_llc --warmup-instructions 200000000 --ramulator-stats results/1c/hbm1_llc/ramulator/625.x264_s-20B.yaml --json results/1c/hbm1_llc/champsim/625.x264_s-20B.json traces/625.x264_s-20B.champsimtrace.xz
27	:	1790172338.365	  6850.595	0	34949	0	0	./bin/champsim_goldencove_1c_hbm1_llc --warmup-instructions 200000000 --ramulator-stats results/1c/hbm1_llc/ramulator/625.x264_s-18B.yaml --json results/1c/hbm1_llc/champsim/625.x264_s-18B.json traces/625.x264_s-18B.champsimtrace.xz
26	:	1790172338.363	  6865.932	0	34956	0	0	./bin/champsim_goldencove_1c_hbm1_llc --warmup-instructions 200000000 --ramulator-stats results/1c/hbm1_llc/ramulator/625.x264_s-12B.yaml --json results/1c/hbm1_llc/champsim/625.x264_s-12B.json traces/625.x264_s-12B.champsimtrace.xz
36	:	1790172338.387	  6940.544	0	34993	0	0	./bin/champsim_goldencove_1c_hbm1_llc --warmup-instructions 200000000 --ramulator-stats results/1c/hbm1_llc/ramulator/638.imagick_s-4128B.yaml --json results/1c/hbm1_llc/champsim/638.imagick_s-4128B.json traces/638.imagick_s-4128B.champsimtrace.xz
29	:	1790172338.369	  6973.309	0	34943	0	0	./bin/champsim_goldencove_1c_hbm1_llc --warmup-instructions 200000000 --ramulator-stats results/1c/hbm1_llc/ramulator/625.x264_s-33B.yaml --json results/1c/hbm1_llc/champsim/625.x264_s-33B.json traces/625.x264_s-33B.champsimtrace.xz
33	:	1790172338.379	  7024.443	0	34960	0	0	./bin/champsim_goldencove_1c_hbm1_llc --warmup-instructions 200000000 --ramulator-stats results/1c/hbm1_llc/ramulator/628.pop2_s-17B.yaml --json results/1c/hbm1_llc/champsim/628.pop2_s-17B.json traces/628.pop2_s-17B.champsimtrace.xz
37	:	1790172338.390	  7459.347	0	34921	0	0	./bin/champsim_goldencove_1c_hbm1_llc --warmup-instructions 200000000 --ramulator-stats results/1c/hbm1_llc/ramulator/638.imagick_s-824B.yaml --json results/1c/hbm1_llc/champsim/638.imagick_s-824B.json traces/638.imagick_s-824B.champsimtrace.xz
44	:	1790172338.410	  7616.547	0	34999	0	0	./bin/champsim_goldencove_1c_hbm1_llc --warmup-instructions 200000000 --ramulator-stats results/1c/hbm1_llc/ramulator/641.leela_s-862B.yaml --json results/1c/hbm1_llc/champsim/641.leela_s-862B.json traces/641.leela_s-862B.champsimtrace.xz
43	:	1790172338.407	  7644.197	0	35005	0	0	./bin/champsim_goldencove_1c_hbm1_llc --warmup-instructions 200000000 --ramulator-stats results/1c/hbm1_llc/ramulator/641.leela_s-800B.yaml --json results/1c/hbm1_llc/champsim/641.leela_s-800B.json traces/641.leela_s-800B.champsimtrace.xz
42	:	1790172338.404	  7653.362	0	35011	0	0	./bin/champsim_goldencove_1c_hbm1_llc --warmup-instructions 200000000 --ramulator-stats results/1c/hbm1_llc/ramulator/641.leela_s-602B.yaml --json results/1c/hbm1_llc/champsim/641.leela_s-602B.json traces/641.leela_s-602B.champsimtrace.xz
40	:	1790172338.398	  7660.733	0	34927	0	0	./bin/champsim_goldencove_1c_hbm1_llc --warmup-instructions 200000000 --ramulator-stats results/1c/hbm1_llc/ramulator/641.leela_s-149B.yaml --json results/1c/hbm1_llc/champsim/641.leela_s-149B.json traces/641.leela_s-149B.champsimtrace.xz
38	:	1790172338.393	  7708.319	0	35003	0	0	./bin/champsim_goldencove_1c_hbm1_llc --warmup-instructions 200000000 --ramulator-stats results/1c/hbm1_llc/ramulator/641.leela_s-1052B.yaml --json results/1c/hbm1_llc/champsim/641.leela_s-1052B.json traces/641.leela_s-1052B.champsimtrace.xz
31	:	1790172338.374	  7755.701	0	34981	0	0	./bin/champsim_goldencove_1c_hbm1_llc --warmup-instructions 200000000 --ramulator-stats results/1c/hbm1_llc/ramulator/627.cam4_s-490B.yaml --json results/1c/hbm1_llc/champsim/627.cam4_s-490B.json traces/627.cam4_s-490B.champsimtrace.xz
39	:	1790172338.396	  7797.481	0	35047	0	0	./bin/champsim_goldencove_1c_hbm1_llc --warmup-instructions 200000000 --ramulator-stats results/1c/hbm1_llc/ramulator/641.leela_s-1083B.yaml --json results/1c/hbm1_llc/champsim/641.leela_s-1083B.json traces/641.leela_s-1083B.champsimtrace.xz
41	:	1790172338.401	  7924.796	0	35014	0	0	./bin/champsim_goldencove_1c_hbm1_llc --warmup-instructions 200000000 --ramulator-stats results/1c/hbm1_llc/ramulator/641.leela_s-334B.yaml --json results/1c/hbm1_llc/champsim/641.leela_s-334B.json traces/641.leela_s-334B.champsimtrace.xz
47	:	1790172338.419	  8226.296	0	35313	0	0	./bin/champsim_goldencove_1c_hbm1_llc --warmup-instructions 200000000 --ramulator-stats results/1c/hbm1_llc/ramulator/644.nab_s-5853B.yaml --json results/1c/hbm1_llc/champsim/644.nab_s-5853B.json traces/644.nab_s-5853B.champsimtrace.xz
34	:	1790172338.382	  8251.702	0	35001	0	0	./bin/champsim_goldencove_1c_hbm1_llc --warmup-instructions 200000000 --ramulator-stats results/1c/hbm1_llc/ramulator/631.deepsjeng_s-928B.yaml --json results/1c/hbm1_llc/champsim/631.deepsjeng_s-928B.json traces/631.deepsjeng_s-928B.champsimtrace.xz
48	:	1790172338.422	  8252.483	0	34852	0	0	./bin/champsim_goldencove_1c_hbm1_llc --warmup-instructions 200000000 --ramulator-stats results/1c/hbm1_llc/ramulator/644.nab_s-7928B.yaml --json results/1c/hbm1_llc/champsim/644.nab_s-7928B.json traces/644.nab_s-7928B.champsimtrace.xz
21	:	1790172338.354	  8418.552	0	34984	0	0	./bin/champsim_goldencove_1c_hbm1_llc --warmup-instructions 200000000 --ramulator-stats results/1c/hbm1_llc/ramulator/623.xalancbmk_s-165B.yaml --json results/1c/hbm1_llc/champsim/623.xalancbmk_s-165B.json traces/623.xalancbmk_s-165B.champsimtrace.xz
22	:	1790172338.356	  8498.970	0	34976	0	0	./bin/champsim_goldencove_1c_hbm1_llc --warmup-instructions 200000000 --ramulator-stats results/1c/hbm1_llc/ramulator/623.xalancbmk_s-202B.yaml --json results/1c/hbm1_llc/champsim/623.xalancbmk_s-202B.json traces/623.xalancbmk_s-202B.champsimtrace.xz
46	:	1790172338.416	  8644.035	0	34980	0	0	./bin/champsim_goldencove_1c_hbm1_llc --warmup-instructions 200000000 --ramulator-stats results/1c/hbm1_llc/ramulator/644.nab_s-12521B.yaml --json results/1c/hbm1_llc/champsim/644.nab_s-12521B.json traces/644.nab_s-12521B.champsimtrace.xz
24	:	1790172338.359	  9203.703	0	35090	0	0	./bin/champsim_goldencove_1c_hbm1_llc --warmup-instructions 200000000 --ramulator-stats results/1c/hbm1_llc/ramulator/623.xalancbmk_s-592B.yaml --json results/1c/hbm1_llc/champsim/623.xalancbmk_s-592B.json traces/623.xalancbmk_s-592B.champsimtrace.xz
23	:	1790172338.358	  9209.555	0	35109	0	0	./bin/champsim_goldencove_1c_hbm1_llc --warmup-instructions 200000000 --ramulator-stats results/1c/hbm1_llc/ramulator/623.xalancbmk_s-325B.yaml --json results/1c/hbm1_llc/champsim/623.xalancbmk_s-325B.json traces/623.xalancbmk_s-325B.champsimtrace.xz
25	:	1790172338.361	  9740.112	0	35270	0	0	./bin/champsim_goldencove_1c_hbm1_llc --warmup-instructions 200000000 --ramulator-stats results/1c/hbm1_llc/ramulator/623.xalancbmk_s-700B.yaml --json results/1c/hbm1_llc/champsim/623.xalancbmk_s-700B.json traces/623.xalancbmk_s-700B.champsimtrace.xz
11	:	1790172338.336	 10545.463	0	35016	0	0	./bin/champsim_goldencove_1c_hbm1_llc --warmup-instructions 200000000 --ramulator-stats results/1c/hbm1_llc/ramulator/607.cactuBSSN_s-2421B.yaml --json results/1c/hbm1_llc/champsim/607.cactuBSSN_s-2421B.json traces/607.cactuBSSN_s-2421B.champsimtrace.xz
13	:	1790172338.340	 11023.812	0	35045	0	0	./bin/champsim_goldencove_1c_hbm1_llc --warmup-instructions 200000000 --ramulator-stats results/1c/hbm1_llc/ramulator/607.cactuBSSN_s-4004B.yaml --json results/1c/hbm1_llc/champsim/607.cactuBSSN_s-4004B.json traces/607.cactuBSSN_s-4004B.champsimtrace.xz
12	:	1790172338.338	 11129.075	0	35134	0	0	./bin/champsim_goldencove_1c_hbm1_llc --warmup-instructions 200000000 --ramulator-stats results/1c/hbm1_llc/ramulator/607.cactuBSSN_s-3477B.yaml --json results/1c/hbm1_llc/champsim/607.cactuBSSN_s-3477B.json traces/607.cactuBSSN_s-3477B.champsimtrace.xz
20	:	1790172338.352	 11502.269	0	35375	0	0	./bin/champsim_goldencove_1c_hbm1_llc --warmup-instructions 200000000 --ramulator-stats results/1c/hbm1_llc/ramulator/623.xalancbmk_s-10B.yaml --json results/1c/hbm1_llc/champsim/623.xalancbmk_s-10B.json traces/623.xalancbmk_s-10B.champsimtrace.xz
14	:	1790172338.341	 12274.730	0	35390	0	0	./bin/champsim_goldencove_1c_hbm1_llc --warmup-instructions 200000000 --ramulator-stats results/1c/hbm1_llc/ramulator/619.lbm_s-2676B.yaml --json results/1c/hbm1_llc/champsim/619.lbm_s-2676B.json traces/619.lbm_s-2676B.champsimtrace.xz
19	:	1790172338.350	 12310.730	0	35392	0	0	./bin/champsim_goldencove_1c_hbm1_llc --warmup-instructions 200000000 --ramulator-stats results/1c/hbm1_llc/ramulator/620.omnetpp_s-874B.yaml --json results/1c/hbm1_llc/champsim/620.omnetpp_s-874B.json traces/620.omnetpp_s-874B.champsimtrace.xz
17	:	1790172338.346	 12414.755	0	35384	0	0	./bin/champsim_goldencove_1c_hbm1_llc --warmup-instructions 200000000 --ramulator-stats results/1c/hbm1_llc/ramulator/619.lbm_s-4268B.yaml --json results/1c/hbm1_llc/champsim/619.lbm_s-4268B.json traces/619.lbm_s-4268B.champsimtrace.xz
18	:	1790172338.348	 12443.000	0	35388	0	0	./bin/champsim_goldencove_1c_hbm1_llc --warmup-instructions 200000000 --ramulator-stats results/1c/hbm1_llc/ramulator/620.omnetpp_s-141B.yaml --json results/1c/hbm1_llc/champsim/620.omnetpp_s-141B.json traces/620.omnetpp_s-141B.champsimtrace.xz
49	:	1790176759.334	  8275.842	0	34966	0	0	./bin/champsim_goldencove_1c_hbm1_llc --warmup-instructions 200000000 --ramulator-stats results/1c/hbm1_llc/ramulator/644.nab_s-9322B.yaml --json results/1c/hbm1_llc/champsim/644.nab_s-9322B.json traces/644.nab_s-9322B.champsimtrace.xz
15	:	1790172338.343	 12829.758	0	35363	0	0	./bin/champsim_goldencove_1c_hbm1_llc --warmup-instructions 200000000 --ramulator-stats results/1c/hbm1_llc/ramulator/619.lbm_s-2677B.yaml --json results/1c/hbm1_llc/champsim/619.lbm_s-2677B.json traces/619.lbm_s-2677B.champsimtrace.xz
8	:	1790172338.332	 13190.312	0	35383	0	0	./bin/champsim_goldencove_1c_hbm1_llc --warmup-instructions 200000000 --ramulator-stats results/1c/hbm1_llc/ramulator/605.mcf_s-665B.yaml --json results/1c/hbm1_llc/champsim/605.mcf_s-665B.json traces/605.mcf_s-665B.champsimtrace.xz
16	:	1790172338.345	 13240.823	0	35345	0	0	./bin/champsim_goldencove_1c_hbm1_llc --warmup-instructions 200000000 --ramulator-stats results/1c/hbm1_llc/ramulator/619.lbm_s-3766B.yaml --json results/1c/hbm1_llc/champsim/619.lbm_s-3766B.json traces/619.lbm_s-3766B.champsimtrace.xz
66	:	1790180135.884	  5493.080	0	34904	0	0	./bin/champsim_goldencove_1c_hbm1_llc --warmup-instructions 200000000 --ramulator-stats results/1c/hbm1_llc/ramulator/654.roms_s-1021B.yaml --json results/1c/hbm1_llc/champsim/654.roms_s-1021B.json traces/654.roms_s-1021B.champsimtrace.xz
50	:	1790178747.789	  7407.319	0	34981	0	0	./bin/champsim_goldencove_1c_hbm1_llc --warmup-instructions 200000000 --ramulator-stats results/1c/hbm1_llc/ramulator/648.exchange2_s-1227B.yaml --json results/1c/hbm1_llc/champsim/648.exchange2_s-1227B.json traces/648.exchange2_s-1227B.champsimtrace.xz
57	:	1790179311.684	  6931.823	0	34151	0	0	./bin/champsim_goldencove_1c_hbm1_llc --warmup-instructions 200000000 --ramulator-stats results/1c/hbm1_llc/ramulator/648.exchange2_s-387B.yaml --json results/1c/hbm1_llc/champsim/648.exchange2_s-387B.json traces/648.exchange2_s-387B.champsimtrace.xz
51	:	1790179085.573	  7592.618	0	34974	0	0	./bin/champsim_goldencove_1c_hbm1_llc --warmup-instructions 200000000 --ramulator-stats results/1c/hbm1_llc/ramulator/648.exchange2_s-1247B.yaml --json results/1c/hbm1_llc/champsim/648.exchange2_s-1247B.json traces/648.exchange2_s-1247B.champsimtrace.xz
52	:	1790179096.653	  7651.514	0	34173	0	0	./bin/champsim_goldencove_1c_hbm1_llc --warmup-instructions 200000000 --ramulator-stats results/1c/hbm1_llc/ramulator/648.exchange2_s-1511B.yaml --json results/1c/hbm1_llc/champsim/648.exchange2_s-1511B.json traces/648.exchange2_s-1511B.champsimtrace.xz
56	:	1790179278.938	  7821.967	0	34959	0	0	./bin/champsim_goldencove_1c_hbm1_llc --warmup-instructions 200000000 --ramulator-stats results/1c/hbm1_llc/ramulator/648.exchange2_s-353B.yaml --json results/1c/hbm1_llc/champsim/648.exchange2_s-353B.json traces/648.exchange2_s-353B.champsimtrace.xz
53	:	1790179109.651	  8071.499	0	34189	0	0	./bin/champsim_goldencove_1c_hbm1_llc --warmup-instructions 200000000 --ramulator-stats results/1c/hbm1_llc/ramulator/648.exchange2_s-1699B.yaml --json results/1c/hbm1_llc/champsim/648.exchange2_s-1699B.json traces/648.exchange2_s-1699B.champsimtrace.xz
58	:	1790179362.829	  7819.832	0	34957	0	0	./bin/champsim_goldencove_1c_hbm1_llc --warmup-instructions 200000000 --ramulator-stats results/1c/hbm1_llc/ramulator/648.exchange2_s-584B.yaml --json results/1c/hbm1_llc/champsim/648.exchange2_s-584B.json traces/648.exchange2_s-584B.champsimtrace.xz
54	:	1790179188.967	  8026.754	0	34998	0	0	./bin/champsim_goldencove_1c_hbm1_llc --warmup-instructions 200000000 --ramulator-stats results/1c/hbm1_llc/ramulator/648.exchange2_s-1712B.yaml --json results/1c/hbm1_llc/champsim/648.exchange2_s-1712B.json traces/648.exchange2_s-1712B.champsimtrace.xz
55	:	1790179204.299	  8111.993	0	34974	0	0	./bin/champsim_goldencove_1c_hbm1_llc --warmup-instructions 200000000 --ramulator-stats results/1c/hbm1_llc/ramulator/648.exchange2_s-210B.yaml --json results/1c/hbm1_llc/champsim/648.exchange2_s-210B.json traces/648.exchange2_s-210B.champsimtrace.xz
62	:	1790179991.776	  7508.480	0	34975	0	0	./bin/champsim_goldencove_1c_hbm1_llc --warmup-instructions 200000000 --ramulator-stats results/1c/hbm1_llc/ramulator/649.fotonik3d_s-1B.yaml --json results/1c/hbm1_llc/champsim/649.fotonik3d_s-1B.json traces/649.fotonik3d_s-1B.champsimtrace.xz
59	:	1790179797.744	  7756.019	0	34960	0	0	./bin/champsim_goldencove_1c_hbm1_llc --warmup-instructions 200000000 --ramulator-stats results/1c/hbm1_llc/ramulator/648.exchange2_s-72B.yaml --json results/1c/hbm1_llc/champsim/648.exchange2_s-72B.json traces/648.exchange2_s-72B.champsimtrace.xz
10	:	1790172338.335	 15359.575	0	35409	0	0	./bin/champsim_goldencove_1c_hbm1_llc --warmup-instructions 200000000 --ramulator-stats results/1c/hbm1_llc/ramulator/605.mcf_s-994B.yaml --json results/1c/hbm1_llc/champsim/605.mcf_s-994B.json traces/605.mcf_s-994B.champsimtrace.xz
77	:	1790182883.806	  4960.404	0	34878	0	0	./bin/champsim_goldencove_1c_hbm1_llc --warmup-instructions 200000000 --ramulator-stats results/1c/hbm1_llc/ramulator/657.xz_s-56B.yaml --json results/1c/hbm1_llc/champsim/657.xz_s-56B.json traces/657.xz_s-56B.champsimtrace.xz
76	:	1790182078.480	  6112.565	0	34957	0	0	./bin/champsim_goldencove_1c_hbm1_llc --warmup-instructions 200000000 --ramulator-stats results/1c/hbm1_llc/ramulator/657.xz_s-4994B.yaml --json results/1c/hbm1_llc/champsim/657.xz_s-4994B.json traces/657.xz_s-4994B.champsimtrace.xz
3	:	1790172338.324	 16095.707	0	35392	0	0	./bin/champsim_goldencove_1c_hbm1_llc --warmup-instructions 200000000 --ramulator-stats results/1c/hbm1_llc/ramulator/605.mcf_s-1152B.yaml --json results/1c/hbm1_llc/champsim/605.mcf_s-1152B.json traces/605.mcf_s-1152B.champsimtrace.xz
75	:	1790181547.920	  6909.133	0	34960	0	0	./bin/champsim_goldencove_1c_hbm1_llc --warmup-instructions 200000000 --ramulator-stats results/1c/hbm1_llc/ramulator/657.xz_s-3167B.yaml --json results/1c/hbm1_llc/champsim/657.xz_s-3167B.json traces/657.xz_s-3167B.champsimtrace.xz
74	:	1790181542.067	  7016.225	0	34974	0	0	./bin/champsim_goldencove_1c_hbm1_llc --warmup-instructions 200000000 --ramulator-stats results/1c/hbm1_llc/ramulator/657.xz_s-2302B.yaml --json results/1c/hbm1_llc/champsim/657.xz_s-2302B.json traces/657.xz_s-2302B.champsimtrace.xz
73	:	1790180982.456	  7750.728	0	34994	0	0	./bin/champsim_goldencove_1c_hbm1_llc --warmup-instructions 200000000 --ramulator-stats results/1c/hbm1_llc/ramulator/654.roms_s-842B.yaml --json results/1c/hbm1_llc/champsim/654.roms_s-842B.json traces/654.roms_s-842B.champsimtrace.xz
6	:	1790172338.329	 16914.888	0	35446	0	0	./bin/champsim_goldencove_1c_hbm1_llc --warmup-instructions 200000000 --ramulator-stats results/1c/hbm1_llc/ramulator/605.mcf_s-472B.yaml --json results/1c/hbm1_llc/champsim/605.mcf_s-472B.json traces/605.mcf_s-472B.champsimtrace.xz
4	:	1790172338.326	 17215.292	0	35417	0	0	./bin/champsim_goldencove_1c_hbm1_llc --warmup-instructions 200000000 --ramulator-stats results/1c/hbm1_llc/ramulator/605.mcf_s-1536B.yaml --json results/1c/hbm1_llc/champsim/605.mcf_s-1536B.json traces/605.mcf_s-1536B.champsimtrace.xz
69	:	1790180590.090	  9105.070	0	35135	0	0	./bin/champsim_goldencove_1c_hbm1_llc --warmup-instructions 200000000 --ramulator-stats results/1c/hbm1_llc/ramulator/654.roms_s-1613B.yaml --json results/1c/hbm1_llc/champsim/654.roms_s-1613B.json traces/654.roms_s-1613B.champsimtrace.xz
71	:	1790180756.913	  9047.889	0	35126	0	0	./bin/champsim_goldencove_1c_hbm1_llc --warmup-instructions 200000000 --ramulator-stats results/1c/hbm1_llc/ramulator/654.roms_s-294B.yaml --json results/1c/hbm1_llc/champsim/654.roms_s-294B.json traces/654.roms_s-294B.champsimtrace.xz
5	:	1790172338.327	 17907.132	0	35422	0	0	./bin/champsim_goldencove_1c_hbm1_llc --warmup-instructions 200000000 --ramulator-stats results/1c/hbm1_llc/ramulator/605.mcf_s-1554B.yaml --json results/1c/hbm1_llc/champsim/605.mcf_s-1554B.json traces/605.mcf_s-1554B.champsimtrace.xz
67	:	1790180263.201	 10762.226	0	35287	0	0	./bin/champsim_goldencove_1c_hbm1_llc --warmup-instructions 200000000 --ramulator-stats results/1c/hbm1_llc/ramulator/654.roms_s-1070B.yaml --json results/1c/hbm1_llc/champsim/654.roms_s-1070B.json traces/654.roms_s-1070B.champsimtrace.xz
85	:	1790185035.183	  6186.055	0	34169	0	0	./bin/champsim_goldencove_1c_hbm2 --warmup-instructions 200000000 --ramulator-stats results/1c/hbm2/ramulator/603.bwaves_s-1080B.yaml --json results/1c/hbm2/champsim/603.bwaves_s-1080B.json traces/603.bwaves_s-1080B.champsimtrace.xz
89	:	1790185628.972	  5745.157	0	34133	0	0	./bin/champsim_goldencove_1c_hbm2 --warmup-instructions 200000000 --ramulator-stats results/1c/hbm2/ramulator/603.bwaves_s-3699B.yaml --json results/1c/hbm2/champsim/603.bwaves_s-3699B.json traces/603.bwaves_s-3699B.champsimtrace.xz
65	:	1790180094.080	 11361.646	0	35311	0	0	./bin/champsim_goldencove_1c_hbm1_llc --warmup-instructions 200000000 --ramulator-stats results/1c/hbm1_llc/ramulator/654.roms_s-1007B.yaml --json results/1c/hbm1_llc/champsim/654.roms_s-1007B.json traces/654.roms_s-1007B.champsimtrace.xz
78	:	1790183362.158	  8323.424	0	34278	0	0	./bin/champsim_goldencove_1c_hbm2 --warmup-instructions 200000000 --ramulator-stats results/1c/hbm2/ramulator/600.perlbench_s-1273B.yaml --json results/1c/hbm2/champsim/600.perlbench_s-1273B.json traces/600.perlbench_s-1273B.champsimtrace.xz
70	:	1790180590.911	 11160.930	0	35281	0	0	./bin/champsim_goldencove_1c_hbm1_llc --warmup-instructions 200000000 --ramulator-stats results/1c/hbm1_llc/ramulator/654.roms_s-293B.yaml --json results/1c/hbm1_llc/champsim/654.roms_s-293B.json traces/654.roms_s-293B.champsimtrace.xz
90	:	1790186155.113	  5635.080	0	34171	0	0	./bin/champsim_goldencove_1c_hbm2 --warmup-instructions 200000000 --ramulator-stats results/1c/hbm2/ramulator/603.bwaves_s-5359B.yaml --json results/1c/hbm2/champsim/603.bwaves_s-5359B.json traces/603.bwaves_s-5359B.champsimtrace.xz
7	:	1790172338.330	 19505.046	0	35479	0	0	./bin/champsim_goldencove_1c_hbm1_llc --warmup-instructions 200000000 --ramulator-stats results/1c/hbm1_llc/ramulator/605.mcf_s-484B.yaml --json results/1c/hbm1_llc/champsim/605.mcf_s-484B.json traces/605.mcf_s-484B.champsimtrace.xz
79	:	1790183467.421	  8408.466	0	34305	0	0	./bin/champsim_goldencove_1c_hbm2 --warmup-instructions 200000000 --ramulator-stats results/1c/hbm2/ramulator/600.perlbench_s-210B.yaml --json results/1c/hbm2/champsim/600.perlbench_s-210B.json traces/600.perlbench_s-210B.champsimtrace.xz
80	:	1790183840.627	  8378.097	0	34282	0	0	./bin/champsim_goldencove_1c_hbm2 --warmup-instructions 200000000 --ramulator-stats results/1c/hbm2/ramulator/600.perlbench_s-570B.yaml --json results/1c/hbm2/champsim/600.perlbench_s-570B.json traces/600.perlbench_s-570B.champsimtrace.xz
72	:	1790180837.334	 11523.781	0	35303	0	0	./bin/champsim_goldencove_1c_hbm1_llc --warmup-instructions 200000000 --ramulator-stats results/1c/hbm1_llc/ramulator/654.roms_s-523B.yaml --json results/1c/hbm1_llc/champsim/654.roms_s-523B.json traces/654.roms_s-523B.champsimtrace.xz
68	:	1790180564.723	 11889.672	0	35325	0	0	./bin/champsim_goldencove_1c_hbm1_llc --warmup-instructions 200000000 --ramulator-stats results/1c/hbm1_llc/ramulator/654.roms_s-1390B.yaml --json results/1c/hbm1_llc/champsim/654.roms_s-1390B.json traces/654.roms_s-1390B.champsimtrace.xz
63	:	1790179999.135	 13108.427	0	35161	0	0	./bin/champsim_goldencove_1c_hbm1_llc --warmup-instructions 200000000 --ramulator-stats results/1c/hbm1_llc/ramulator/649.fotonik3d_s-7084B.yaml --json results/1c/hbm1_llc/champsim/649.fotonik3d_s-7084B.json traces/649.fotonik3d_s-7084B.champsimtrace.xz
84	:	1790184781.353	  8416.450	0	34235	0	0	./bin/champsim_goldencove_1c_hbm2 --warmup-instructions 200000000 --ramulator-stats results/1c/hbm2/ramulator/602.gcc_s-734B.yaml --json results/1c/hbm2/champsim/602.gcc_s-734B.json traces/602.gcc_s-734B.champsimtrace.xz
83	:	1790184753.106	  8563.502	0	34598	0	0	./bin/champsim_goldencove_1c_hbm2 --warmup-instructions 200000000 --ramulator-stats results/1c/hbm2/ramulator/602.gcc_s-2375B.yaml --json results/1c/hbm2/champsim/602.gcc_s-2375B.json traces/602.gcc_s-2375B.champsimtrace.xz
104	:	1790188434.035	  5658.793	0	34185	0	0	./bin/champsim_goldencove_1c_hbm2 --warmup-instructions 200000000 --ramulator-stats results/1c/hbm2/ramulator/607.cactuBSSN_s-4248B.yaml --json results/1c/hbm2/champsim/607.cactuBSSN_s-4248B.json traces/607.cactuBSSN_s-4248B.champsimtrace.xz
61	:	1790179982.608	 14550.175	0	35323	0	0	./bin/champsim_goldencove_1c_hbm1_llc --warmup-instructions 200000000 --ramulator-stats results/1c/hbm1_llc/ramulator/649.fotonik3d_s-1176B.yaml --json results/1c/hbm1_llc/champsim/649.fotonik3d_s-1176B.json traces/649.fotonik3d_s-1176B.champsimtrace.xz
60	:	1790179954.966	 15019.428	0	35394	0	0	./bin/champsim_goldencove_1c_hbm1_llc --warmup-instructions 200000000 --ramulator-stats results/1c/hbm1_llc/ramulator/649.fotonik3d_s-10881B.yaml --json results/1c/hbm1_llc/champsim/649.fotonik3d_s-10881B.json traces/649.fotonik3d_s-10881B.champsimtrace.xz
81	:	1790184613.076	 10559.028	0	34584	0	0	./bin/champsim_goldencove_1c_hbm2 --warmup-instructions 200000000 --ramulator-stats results/1c/hbm2/ramulator/602.gcc_s-1850B.yaml --json results/1c/hbm2/champsim/602.gcc_s-1850B.json traces/602.gcc_s-1850B.champsimtrace.xz
64	:	1790180046.716	 15172.666	0	35351	0	0	./bin/champsim_goldencove_1c_hbm1_llc --warmup-instructions 200000000 --ramulator-stats results/1c/hbm1_llc/ramulator/649.fotonik3d_s-8225B.yaml --json results/1c/hbm1_llc/champsim/649.fotonik3d_s-8225B.json traces/649.fotonik3d_s-8225B.champsimtrace.xz
88	:	1790185579.175	 10087.659	0	34284	0	0	./bin/champsim_goldencove_1c_hbm2 --warmup-instructions 200000000 --ramulator-stats results/1c/hbm2/ramulator/603.bwaves_s-2931B.yaml --json results/1c/hbm2/champsim/603.bwaves_s-2931B.json traces/603.bwaves_s-2931B.champsimtrace.xz
91	:	1790186243.515	 10504.327	0	34592	0	0	./bin/champsim_goldencove_1c_hbm2 --warmup-instructions 200000000 --ramulator-stats results/1c/hbm2/ramulator/603.bwaves_s-891B.yaml --json results/1c/hbm2/champsim/603.bwaves_s-891B.json traces/603.bwaves_s-891B.champsimtrace.xz
86	:	1790185168.106	 11640.779	0	34627	0	0	./bin/champsim_goldencove_1c_hbm2 --warmup-instructions 200000000 --ramulator-stats results/1c/hbm2/ramulator/603.bwaves_s-1740B.yaml --json results/1c/hbm2/champsim/603.bwaves_s-1740B.json traces/603.bwaves_s-1740B.champsimtrace.xz
87	:	1790185528.653	 11448.093	0	34638	0	0	./bin/champsim_goldencove_1c_hbm2 --warmup-instructions 200000000 --ramulator-stats results/1c/hbm2/ramulator/603.bwaves_s-2609B.yaml --json results/1c/hbm2/champsim/603.bwaves_s-2609B.json traces/603.bwaves_s-2609B.champsimtrace.xz
101	:	1790187697.917	 10478.287	0	34197	0	0	./bin/champsim_goldencove_1c_hbm2 --warmup-instructions 200000000 --ramulator-stats results/1c/hbm2/ramulator/607.cactuBSSN_s-2421B.yaml --json results/1c/hbm2/champsim/607.cactuBSSN_s-2421B.json traces/607.cactuBSSN_s-2421B.champsimtrace.xz
2	:	1790172338.322	 26186.499	0	35432	0	0	./bin/champsim_goldencove_1c_hbm1_llc --warmup-instructions 200000000 --ramulator-stats results/1c/hbm1_llc/ramulator/602.gcc_s-2226B.yaml --json results/1c/hbm1_llc/champsim/602.gcc_s-2226B.json traces/602.gcc_s-2226B.champsimtrace.xz
112	:	1790190245.464	  8444.147	0	34417	0	0	./bin/champsim_goldencove_1c_hbm2 --warmup-instructions 200000000 --ramulator-stats results/1c/hbm2/ramulator/621.wrf_s-6673B.yaml --json results/1c/hbm2/champsim/621.wrf_s-6673B.json traces/621.wrf_s-6673B.champsimtrace.xz
121	:	1790191875.893	  6850.990	0	34214	0	0	./bin/champsim_goldencove_1c_hbm2 --warmup-instructions 200000000 --ramulator-stats results/1c/hbm2/ramulator/625.x264_s-12B.yaml --json results/1c/hbm2/champsim/625.x264_s-12B.json traces/625.x264_s-12B.champsimtrace.xz
111	:	1790189804.810	  9028.062	0	34352	0	0	./bin/champsim_goldencove_1c_hbm2 --warmup-instructions 200000000 --ramulator-stats results/1c/hbm2/ramulator/621.wrf_s-575B.yaml --json results/1c/hbm2/champsim/621.wrf_s-575B.json traces/621.wrf_s-575B.champsimtrace.xz
102	:	1790187844.217	 11143.213	0	34391	0	0	./bin/champsim_goldencove_1c_hbm2 --warmup-instructions 200000000 --ramulator-stats results/1c/hbm2/ramulator/607.cactuBSSN_s-3477B.yaml --json results/1c/hbm2/champsim/607.cactuBSSN_s-3477B.json traces/607.cactuBSSN_s-3477B.champsimtrace.xz
122	:	1790192218.732	  6826.575	0	34219	0	0	./bin/champsim_goldencove_1c_hbm2 --warmup-instructions 200000000 --ramulator-stats results/1c/hbm2/ramulator/625.x264_s-18B.yaml --json results/1c/hbm2/champsim/625.x264_s-18B.json traces/625.x264_s-18B.champsimtrace.xz
103	:	1790188191.050	 10995.697	0	34291	0	0	./bin/champsim_goldencove_1c_hbm2 --warmup-instructions 200000000 --ramulator-stats results/1c/hbm2/ramulator/607.cactuBSSN_s-4004B.yaml --json results/1c/hbm2/champsim/607.cactuBSSN_s-4004B.json traces/607.cactuBSSN_s-4004B.champsimtrace.xz
123	:	1790192361.122	  6862.520	0	34199	0	0	./bin/champsim_goldencove_1c_hbm2 --warmup-instructions 200000000 --ramulator-stats results/1c/hbm2/ramulator/625.x264_s-20B.yaml --json results/1c/hbm2/champsim/625.x264_s-20B.json traces/625.x264_s-20B.champsimtrace.xz
130	:	1790194974.401	  4260.141	0	33930	0	0	./bin/champsim_goldencove_1c_hbm2 --warmup-instructions 200000000 --ramulator-stats results/1c/hbm2/ramulator/638.imagick_s-10316B.yaml --json results/1c/hbm2/champsim/638.imagick_s-10316B.json traces/638.imagick_s-10316B.champsimtrace.xz
124	:	1790192454.403	  6886.973	0	34219	0	0	./bin/champsim_goldencove_1c_hbm2 --warmup-instructions 200000000 --ramulator-stats results/1c/hbm2/ramulator/625.x264_s-33B.yaml --json results/1c/hbm2/champsim/625.x264_s-33B.json traces/625.x264_s-33B.champsimtrace.xz
114	:	1790191221.244	  8460.187	0	34341	0	0	./bin/champsim_goldencove_1c_hbm2 --warmup-instructions 200000000 --ramulator-stats results/1c/hbm2/ramulator/621.wrf_s-8100B.yaml --json results/1c/hbm2/champsim/621.wrf_s-8100B.json traces/621.wrf_s-8100B.champsimtrace.xz
113	:	1790191025.434	  8718.148	0	34456	0	0	./bin/champsim_goldencove_1c_hbm2 --warmup-instructions 200000000 --ramulator-stats results/1c/hbm2/ramulator/621.wrf_s-8065B.yaml --json results/1c/hbm2/champsim/621.wrf_s-8065B.json traces/621.wrf_s-8065B.champsimtrace.xz
9	:	1790172338.333	 27500.996	0	35417	0	0	./bin/champsim_goldencove_1c_hbm1_llc --warmup-instructions 200000000 --ramulator-stats results/1c/hbm1_llc/ramulator/605.mcf_s-782B.yaml --json results/1c/hbm1_llc/champsim/605.mcf_s-782B.json traces/605.mcf_s-782B.champsimtrace.xz
125	:	1790193107.569	  6753.769	0	34219	0	0	./bin/champsim_goldencove_1c_hbm2 --warmup-instructions 200000000 --ramulator-stats results/1c/hbm2/ramulator/625.x264_s-39B.yaml --json results/1c/hbm2/champsim/625.x264_s-39B.json traces/625.x264_s-39B.champsimtrace.xz
127	:	1790193316.615	  6819.808	0	34230	0	0	./bin/champsim_goldencove_1c_hbm2 --warmup-instructions 200000000 --ramulator-stats results/1c/hbm2/ramulator/627.cam4_s-573B.yaml --json results/1c/hbm2/champsim/627.cam4_s-573B.json traces/627.cam4_s-573B.champsimtrace.xz
105	:	1790188457.060	 12008.896	0	34528	0	0	./bin/champsim_goldencove_1c_hbm2 --warmup-instructions 200000000 --ramulator-stats results/1c/hbm2/ramulator/619.lbm_s-2676B.yaml --json results/1c/hbm2/champsim/619.lbm_s-2676B.json traces/619.lbm_s-2676B.champsimtrace.xz
116	:	1790191455.730	  9029.950	0	34251	0	0	./bin/champsim_goldencove_1c_hbm2 --warmup-instructions 200000000 --ramulator-stats results/1c/hbm2/ramulator/623.xalancbmk_s-165B.yaml --json results/1c/hbm2/champsim/623.xalancbmk_s-165B.json traces/623.xalancbmk_s-165B.champsimtrace.xz
118	:	1790191751.846	  9164.631	0	34427	0	0	./bin/champsim_goldencove_1c_hbm2 --warmup-instructions 200000000 --ramulator-stats results/1c/hbm2/ramulator/623.xalancbmk_s-325B.yaml --json results/1c/hbm2/champsim/623.xalancbmk_s-325B.json traces/623.xalancbmk_s-325B.champsimtrace.xz
106	:	1790188558.298	 12468.919	0	34601	0	0	./bin/champsim_goldencove_1c_hbm2 --warmup-instructions 200000000 --ramulator-stats results/1c/hbm2/ramulator/619.lbm_s-2677B.yaml --json results/1c/hbm2/champsim/619.lbm_s-2677B.json traces/619.lbm_s-2677B.champsimtrace.xz
119	:	1790191790.198	  9277.835	0	34377	0	0	./bin/champsim_goldencove_1c_hbm2 --warmup-instructions 200000000 --ramulator-stats results/1c/hbm2/ramulator/623.xalancbmk_s-592B.yaml --json results/1c/hbm2/champsim/623.xalancbmk_s-592B.json traces/623.xalancbmk_s-592B.champsimtrace.xz
128	:	1790194092.836	  6987.299	0	34212	0	0	./bin/champsim_goldencove_1c_hbm2 --warmup-instructions 200000000 --ramulator-stats results/1c/hbm2/ramulator/628.pop2_s-17B.yaml --json results/1c/hbm2/champsim/628.pop2_s-17B.json traces/628.pop2_s-17B.champsimtrace.xz
95	:	1790187181.155	 14005.183	0	34762	0	0	./bin/champsim_goldencove_1c_hbm2 --warmup-instructions 200000000 --ramulator-stats results/1c/hbm2/ramulator/605.mcf_s-1644B.yaml --json results/1c/hbm2/champsim/605.mcf_s-1644B.json traces/605.mcf_s-1644B.champsimtrace.xz
108	:	1790189253.233	 12042.638	0	34587	0	0	./bin/champsim_goldencove_1c_hbm2 --warmup-instructions 200000000 --ramulator-stats results/1c/hbm2/ramulator/619.lbm_s-4268B.yaml --json results/1c/hbm2/champsim/619.lbm_s-4268B.json traces/619.lbm_s-4268B.champsimtrace.xz
126	:	1790193197.808	  8250.592	0	34291	0	0	./bin/champsim_goldencove_1c_hbm2 --warmup-instructions 200000000 --ramulator-stats results/1c/hbm2/ramulator/627.cam4_s-490B.yaml --json results/1c/hbm2/champsim/627.cam4_s-490B.json traces/627.cam4_s-490B.champsimtrace.xz
117	:	1790191685.589	  9824.657	0	34336	0	0	./bin/champsim_goldencove_1c_hbm2 --warmup-instructions 200000000 --ramulator-stats results/1c/hbm2/ramulator/623.xalancbmk_s-202B.yaml --json results/1c/hbm2/champsim/623.xalancbmk_s-202B.json traces/623.xalancbmk_s-202B.champsimtrace.xz
120	:	1790191843.380	  9978.256	0	34600	0	0	./bin/champsim_goldencove_1c_hbm2 --warmup-instructions 200000000 --ramulator-stats results/1c/hbm2/ramulator/623.xalancbmk_s-700B.yaml --json results/1c/hbm2/champsim/623.xalancbmk_s-700B.json traces/623.xalancbmk_s-700B.champsimtrace.xz
131	:	1790195172.109	  6755.279	0	34196	0	0	./bin/champsim_goldencove_1c_hbm2 --warmup-instructions 200000000 --ramulator-stats results/1c/hbm2/ramulator/638.imagick_s-4128B.yaml --json results/1c/hbm2/champsim/638.imagick_s-4128B.json traces/638.imagick_s-4128B.champsimtrace.xz
107	:	1790188733.192	 13243.341	0	34599	0	0	./bin/champsim_goldencove_1c_hbm2 --warmup-instructions 200000000 --ramulator-stats results/1c/hbm2/ramulator/619.lbm_s-3766B.yaml --json results/1c/hbm2/champsim/619.lbm_s-3766B.json traces/619.lbm_s-3766B.champsimtrace.xz
129	:	1790194532.791	  7973.192	0	34235	0	0	./bin/champsim_goldencove_1c_hbm2 --warmup-instructions 200000000 --ramulator-stats results/1c/hbm2/ramulator/631.deepsjeng_s-928B.yaml --json results/1c/hbm2/champsim/631.deepsjeng_s-928B.json traces/631.deepsjeng_s-928B.champsimtrace.xz
132	:	1790195219.389	  7386.552	0	34186	0	0	./bin/champsim_goldencove_1c_hbm2 --warmup-instructions 200000000 --ramulator-stats results/1c/hbm2/ramulator/638.imagick_s-824B.yaml --json results/1c/hbm2/champsim/638.imagick_s-824B.json traces/638.imagick_s-824B.champsimtrace.xz
133	:	1790195666.840	  7494.042	0	34264	0	0	./bin/champsim_goldencove_1c_hbm2 --warmup-instructions 200000000 --ramulator-stats results/1c/hbm2/ramulator/641.leela_s-1052B.yaml --json results/1c/hbm2/champsim/641.leela_s-1052B.json traces/641.leela_s-1052B.champsimtrace.xz
82	:	1790184649.084	 18601.746	0	34698	0	0	./bin/champsim_goldencove_1c_hbm2 --warmup-instructions 200000000 --ramulator-stats results/1c/hbm2/ramulator/602.gcc_s-2226B.yaml --json results/1c/hbm2/champsim/602.gcc_s-2226B.json traces/602.gcc_s-2226B.champsimtrace.xz
135	:	1790196808.893	  7361.067	0	34229	0	0	./bin/champsim_goldencove_1c_hbm2 --warmup-instructions 200000000 --ramulator-stats results/1c/hbm2/ramulator/641.leela_s-149B.yaml --json results/1c/hbm2/champsim/641.leela_s-149B.json traces/641.leela_s-149B.champsimtrace.xz
100	:	1790187553.771	 16761.045	0	34668	0	0	./bin/champsim_goldencove_1c_hbm2 --warmup-instructions 200000000 --ramulator-stats results/1c/hbm2/ramulator/605.mcf_s-994B.yaml --json results/1c/hbm2/champsim/605.mcf_s-994B.json traces/605.mcf_s-994B.champsimtrace.xz
134	:	1790196747.848	  7577.809	0	34341	0	0	./bin/champsim_goldencove_1c_hbm2 --warmup-instructions 200000000 --ramulator-stats results/1c/hbm2/ramulator/641.leela_s-1083B.yaml --json results/1c/hbm2/champsim/641.leela_s-1083B.json traces/641.leela_s-1083B.champsimtrace.xz
136	:	1790196976.752	  7692.947	0	34293	0	0	./bin/champsim_goldencove_1c_hbm2 --warmup-instructions 200000000 --ramulator-stats results/1c/hbm2/ramulator/641.leela_s-334B.yaml --json results/1c/hbm2/champsim/641.leela_s-334B.json traces/641.leela_s-334B.champsimtrace.xz
97	:	1790187215.730	 17727.902	0	34730	0	0	./bin/champsim_goldencove_1c_hbm2 --warmup-instructions 200000000 --ramulator-stats results/1c/hbm2/ramulator/605.mcf_s-484B.yaml --json results/1c/hbm2/champsim/605.mcf_s-484B.json traces/605.mcf_s-484B.champsimtrace.xz
98	:	1790187316.297	 17882.134	0	34658	0	0	./bin/champsim_goldencove_1c_hbm2 --warmup-instructions 200000000 --ramulator-stats results/1c/hbm2/ramulator/605.mcf_s-665B.yaml --json results/1c/hbm2/champsim/605.mcf_s-665B.json traces/605.mcf_s-665B.champsimtrace.xz
140	:	1790198726.890	  6658.955	0	34196	0	0	./bin/champsim_goldencove_1c_hbm2 --warmup-instructions 200000000 --ramulator-stats results/1c/hbm2/ramulator/644.nab_s-12459B.yaml --json results/1c/hbm2/champsim/644.nab_s-12459B.json traces/644.nab_s-12459B.champsimtrace.xz
137	:	1790198176.211	  7465.822	0	34255	0	0	./bin/champsim_goldencove_1c_hbm2 --warmup-instructions 200000000 --ramulator-stats results/1c/hbm2/ramulator/641.leela_s-602B.yaml --json results/1c/hbm2/champsim/641.leela_s-602B.json traces/641.leela_s-602B.champsimtrace.xz
138	:	1790198524.828	  7381.623	0	34258	0	0	./bin/champsim_goldencove_1c_hbm2 --warmup-instructions 200000000 --ramulator-stats results/1c/hbm2/ramulator/641.leela_s-800B.yaml --json results/1c/hbm2/champsim/641.leela_s-800B.json traces/641.leela_s-800B.champsimtrace.xz
110	:	1790189695.165	 16273.880	0	34683	0	0	./bin/champsim_goldencove_1c_hbm2 --warmup-instructions 200000000 --ramulator-stats results/1c/hbm2/ramulator/620.omnetpp_s-874B.yaml --json results/1c/hbm2/champsim/620.omnetpp_s-874B.json traces/620.omnetpp_s-874B.champsimtrace.xz
139	:	1790198689.620	  7391.899	0	34253	0	0	./bin/champsim_goldencove_1c_hbm2 --warmup-instructions 200000000 --ramulator-stats results/1c/hbm2/ramulator/641.leela_s-862B.yaml --json results/1c/hbm2/champsim/641.leela_s-862B.json traces/641.leela_s-862B.champsimtrace.xz
145	:	1790199223.649	  7392.605	0	34250	0	0	./bin/champsim_goldencove_1c_hbm2 --warmup-instructions 200000000 --ramulator-stats results/1c/hbm2/ramulator/648.exchange2_s-1227B.yaml --json results/1c/hbm2/champsim/648.exchange2_s-1227B.json traces/648.exchange2_s-1227B.champsimtrace.xz
96	:	1790187182.668	 19553.847	0	34727	0	0	./bin/champsim_goldencove_1c_hbm2 --warmup-instructions 200000000 --ramulator-stats results/1c/hbm2/ramulator/605.mcf_s-472B.yaml --json results/1c/hbm2/champsim/605.mcf_s-472B.json traces/605.mcf_s-472B.champsimtrace.xz
109	:	1790189553.625	 17200.961	0	34674	0	0	./bin/champsim_goldencove_1c_hbm2 --warmup-instructions 200000000 --ramulator-stats results/1c/hbm2/ramulator/620.omnetpp_s-141B.yaml --json results/1c/hbm2/champsim/620.omnetpp_s-141B.json traces/620.omnetpp_s-141B.champsimtrace.xz
161	:	1790201448.406	  5327.565	0	34175	0	0	./bin/champsim_goldencove_1c_hbm2 --warmup-instructions 200000000 --ramulator-stats results/1c/hbm2/ramulator/654.roms_s-1021B.yaml --json results/1c/hbm2/champsim/654.roms_s-1021B.json traces/654.roms_s-1021B.champsimtrace.xz
146	:	1790199234.550	  7563.113	0	34244	0	0	./bin/champsim_goldencove_1c_hbm2 --warmup-instructions 200000000 --ramulator-stats results/1c/hbm2/ramulator/648.exchange2_s-1247B.yaml --json results/1c/hbm2/champsim/648.exchange2_s-1247B.json traces/648.exchange2_s-1247B.champsimtrace.xz
147	:	1790199341.382	  7481.054	0	33435	0	0	./bin/champsim_goldencove_1c_hbm2 --warmup-instructions 200000000 --ramulator-stats results/1c/hbm2/ramulator/648.exchange2_s-1511B.yaml --json results/1c/hbm2/champsim/648.exchange2_s-1511B.json traces/648.exchange2_s-1511B.champsimtrace.xz
152	:	1790200136.428	  6844.288	0	33418	0	0	./bin/champsim_goldencove_1c_hbm2 --warmup-instructions 200000000 --ramulator-stats results/1c/hbm2/ramulator/648.exchange2_s-387B.yaml --json results/1c/hbm2/champsim/648.exchange2_s-387B.json traces/648.exchange2_s-387B.champsimtrace.xz
142	:	1790198987.437	  8112.345	0	34645	0	0	./bin/champsim_goldencove_1c_hbm2 --warmup-instructions 200000000 --ramulator-stats results/1c/hbm2/ramulator/644.nab_s-5853B.yaml --json results/1c/hbm2/champsim/644.nab_s-5853B.json traces/644.nab_s-5853B.champsimtrace.xz
144	:	1790199186.755	  8035.443	0	34242	0	0	./bin/champsim_goldencove_1c_hbm2 --warmup-instructions 200000000 --ramulator-stats results/1c/hbm2/ramulator/644.nab_s-9322B.yaml --json results/1c/hbm2/champsim/644.nab_s-9322B.json traces/644.nab_s-9322B.champsimtrace.xz
143	:	1790199045.313	  8220.281	0	34229	0	0	./bin/champsim_goldencove_1c_hbm2 --warmup-instructions 200000000 --ramulator-stats results/1c/hbm2/ramulator/644.nab_s-7928B.yaml --json results/1c/hbm2/champsim/644.nab_s-7928B.json traces/644.nab_s-7928B.champsimtrace.xz
151	:	1790199861.344	  7551.303	0	34228	0	0	./bin/champsim_goldencove_1c_hbm2 --warmup-instructions 200000000 --ramulator-stats results/1c/hbm2/ramulator/648.exchange2_s-353B.yaml --json results/1c/hbm2/champsim/648.exchange2_s-353B.json traces/648.exchange2_s-353B.champsimtrace.xz
149	:	1790199743.588	  7825.684	0	34266	0	0	./bin/champsim_goldencove_1c_hbm2 --warmup-instructions 200000000 --ramulator-stats results/1c/hbm2/ramulator/648.exchange2_s-1712B.yaml --json results/1c/hbm2/champsim/648.exchange2_s-1712B.json traces/648.exchange2_s-1712B.champsimtrace.xz
148	:	1790199681.436	  7956.835	0	33458	0	0	./bin/champsim_goldencove_1c_hbm2 --warmup-instructions 200000000 --ramulator-stats results/1c/hbm2/ramulator/648.exchange2_s-1699B.yaml --json results/1c/hbm2/champsim/648.exchange2_s-1699B.json traces/648.exchange2_s-1699B.champsimtrace.xz
141	:	1790198832.879	  8822.462	0	34251	0	0	./bin/champsim_goldencove_1c_hbm2 --warmup-instructions 200000000 --ramulator-stats results/1c/hbm2/ramulator/644.nab_s-12521B.yaml --json results/1c/hbm2/champsim/644.nab_s-12521B.json traces/644.nab_s-12521B.champsimtrace.xz
150	:	1790199839.337	  7974.887	0	34241	0	0	./bin/champsim_goldencove_1c_hbm2 --warmup-instructions 200000000 --ramulator-stats results/1c/hbm2/ramulator/648.exchange2_s-210B.yaml --json results/1c/hbm2/champsim/648.exchange2_s-210B.json traces/648.exchange2_s-210B.champsimtrace.xz
154	:	1790200485.685	  7611.687	0	34229	0	0	./bin/champsim_goldencove_1c_hbm2 --warmup-instructions 200000000 --ramulator-stats results/1c/hbm2/ramulator/648.exchange2_s-72B.yaml --json results/1c/hbm2/champsim/648.exchange2_s-72B.json traces/648.exchange2_s-72B.champsimtrace.xz
153	:	1790200465.961	  7791.401	0	34225	0	0	./bin/champsim_goldencove_1c_hbm2 --warmup-instructions 200000000 --ramulator-stats results/1c/hbm2/ramulator/648.exchange2_s-584B.yaml --json results/1c/hbm2/champsim/648.exchange2_s-584B.json traces/648.exchange2_s-584B.champsimtrace.xz
157	:	1790201068.037	  7364.042	0	34245	0	0	./bin/champsim_goldencove_1c_hbm2 --warmup-instructions 200000000 --ramulator-stats results/1c/hbm2/ramulator/649.fotonik3d_s-1B.yaml --json results/1c/hbm2/champsim/649.fotonik3d_s-1B.json traces/649.fotonik3d_s-1B.champsimtrace.xz
172	:	1790204325.665	  4825.265	0	34146	0	0	./bin/champsim_goldencove_1c_hbm2 --warmup-instructions 200000000 --ramulator-stats results/1c/hbm2/ramulator/657.xz_s-56B.yaml --json results/1c/hbm2/champsim/657.xz_s-56B.json traces/657.xz_s-56B.champsimtrace.xz
115	:	1790191374.134	 18641.254	0	34680	0	0	./bin/champsim_goldencove_1c_hbm2 --warmup-instructions 200000000 --ramulator-stats results/1c/hbm2/ramulator/623.xalancbmk_s-10B.yaml --json results/1c/hbm2/champsim/623.xalancbmk_s-10B.json traces/623.xalancbmk_s-10B.champsimtrace.xz
171	:	1790204314.822	  6009.629	0	34215	0	0	./bin/champsim_goldencove_1c_hbm2 --warmup-instructions 200000000 --ramulator-stats results/1c/hbm2/ramulator/657.xz_s-4994B.yaml --json results/1c/hbm2/champsim/657.xz_s-4994B.json traces/657.xz_s-4994B.champsimtrace.xz
92	:	1790186678.197	 23739.144	0	34683	0	0	./bin/champsim_goldencove_1c_hbm2 --warmup-instructions 200000000 --ramulator-stats results/1c/hbm2/ramulator/605.mcf_s-1152B.yaml --json results/1c/hbm2/champsim/605.mcf_s-1152B.json traces/605.mcf_s-1152B.champsimtrace.xz
168	:	1790203160.888	  7993.907	0	34305	0	0	./bin/champsim_goldencove_1c_hbm2 --warmup-instructions 200000000 --ramulator-stats results/1c/hbm2/ramulator/654.roms_s-842B.yaml --json results/1c/hbm2/champsim/654.roms_s-842B.json traces/654.roms_s-842B.champsimtrace.xz
169	:	1790203250.837	  7908.281	0	34418	0	0	./bin/champsim_goldencove_1c_hbm2 --warmup-instructions 200000000 --ramulator-stats results/1c/hbm2/ramulator/657.xz_s-2302B.yaml --json results/1c/hbm2/champsim/657.xz_s-2302B.json traces/657.xz_s-2302B.champsimtrace.xz
164	:	1790201927.393	  9471.164	0	34489	0	0	./bin/champsim_goldencove_1c_hbm2 --warmup-instructions 200000000 --ramulator-stats results/1c/hbm2/ramulator/654.roms_s-1613B.yaml --json results/1c/hbm2/champsim/654.roms_s-1613B.json traces/654.roms_s-1613B.champsimtrace.xz
170	:	1790204169.965	  7241.693	0	34277	0	0	./bin/champsim_goldencove_1c_hbm2 --warmup-instructions 200000000 --ramulator-stats results/1c/hbm2/ramulator/657.xz_s-3167B.yaml --json results/1c/hbm2/champsim/657.xz_s-3167B.json traces/657.xz_s-3167B.champsimtrace.xz
166	:	1790202505.990	  9057.874	0	34361	0	0	./bin/champsim_goldencove_1c_hbm2 --warmup-instructions 200000000 --ramulator-stats results/1c/hbm2/ramulator/654.roms_s-294B.yaml --json results/1c/hbm2/champsim/654.roms_s-294B.json traces/654.roms_s-294B.champsimtrace.xz
180	:	1790206081.523	  6258.683	0	34903	0	0	./bin/champsim_goldencove_1c_hbm2_llc --warmup-instructions 200000000 --ramulator-stats results/1c/hbm2_llc/ramulator/603.bwaves_s-1080B.yaml --json results/1c/hbm2_llc/champsim/603.bwaves_s-1080B.json traces/603.bwaves_s-1080B.champsimtrace.xz
162	:	1790201510.251	 10905.729	0	34594	0	0	./bin/champsim_goldencove_1c_hbm2 --warmup-instructions 200000000 --ramulator-stats results/1c/hbm2/ramulator/654.roms_s-1070B.yaml --json results/1c/hbm2/champsim/654.roms_s-1070B.json traces/654.roms_s-1070B.champsimtrace.xz
156	:	1790201027.222	 11506.458	0	34671	0	0	./bin/champsim_goldencove_1c_hbm2 --warmup-instructions 200000000 --ramulator-stats results/1c/hbm2/ramulator/649.fotonik3d_s-1176B.yaml --json results/1c/hbm2/champsim/649.fotonik3d_s-1176B.json traces/649.fotonik3d_s-1176B.champsimtrace.xz
185	:	1790206797.670	  5794.339	0	34904	0	0	./bin/champsim_goldencove_1c_hbm2_llc --warmup-instructions 200000000 --ramulator-stats results/1c/hbm2_llc/ramulator/603.bwaves_s-5359B.yaml --json results/1c/hbm2_llc/champsim/603.bwaves_s-5359B.json traces/603.bwaves_s-5359B.champsimtrace.xz
160	:	1790201295.878	 11397.203	0	34570	0	0	./bin/champsim_goldencove_1c_hbm2 --warmup-instructions 200000000 --ramulator-stats results/1c/hbm2/ramulator/654.roms_s-1007B.yaml --json results/1c/hbm2/champsim/654.roms_s-1007B.json traces/654.roms_s-1007B.champsimtrace.xz
184	:	1790206775.976	  5919.631	0	34862	0	0	./bin/champsim_goldencove_1c_hbm2_llc --warmup-instructions 200000000 --ramulator-stats results/1c/hbm2_llc/ramulator/603.bwaves_s-3699B.yaml --json results/1c/hbm2_llc/champsim/603.bwaves_s-3699B.json traces/603.bwaves_s-3699B.champsimtrace.xz
159	:	1790201186.346	 11582.407	0	34655	0	0	./bin/champsim_goldencove_1c_hbm2 --warmup-instructions 200000000 --ramulator-stats results/1c/hbm2/ramulator/649.fotonik3d_s-8225B.yaml --json results/1c/hbm2/champsim/649.fotonik3d_s-8225B.json traces/649.fotonik3d_s-8225B.champsimtrace.xz
165	:	1790201976.540	 10826.036	0	34553	0	0	./bin/champsim_goldencove_1c_hbm2 --warmup-instructions 200000000 --ramulator-stats results/1c/hbm2/ramulator/654.roms_s-293B.yaml --json results/1c/hbm2/champsim/654.roms_s-293B.json traces/654.roms_s-293B.champsimtrace.xz
93	:	1790186748.175	 26265.873	0	34677	0	0	./bin/champsim_goldencove_1c_hbm2 --warmup-instructions 200000000 --ramulator-stats results/1c/hbm2/ramulator/605.mcf_s-1536B.yaml --json results/1c/hbm2/champsim/605.mcf_s-1536B.json traces/605.mcf_s-1536B.champsimtrace.xz
173	:	1790204669.705	  8375.367	0	34994	0	0	./bin/champsim_goldencove_1c_hbm2_llc --warmup-instructions 200000000 --ramulator-stats results/1c/hbm2_llc/ramulator/600.perlbench_s-1273B.yaml --json results/1c/hbm2_llc/champsim/600.perlbench_s-1273B.json traces/600.perlbench_s-1273B.champsimtrace.xz
174	:	1790204943.643	  8467.254	0	35029	0	0	./bin/champsim_goldencove_1c_hbm2_llc --warmup-instructions 200000000 --ramulator-stats results/1c/hbm2_llc/ramulator/600.perlbench_s-210B.yaml --json results/1c/hbm2_llc/champsim/600.perlbench_s-210B.json traces/600.perlbench_s-210B.champsimtrace.xz
158	:	1790201080.140	 12484.642	0	34262	0	0	./bin/champsim_goldencove_1c_hbm2 --warmup-instructions 200000000 --ramulator-stats results/1c/hbm2/ramulator/649.fotonik3d_s-7084B.yaml --json results/1c/hbm2/champsim/649.fotonik3d_s-7084B.json traces/649.fotonik3d_s-7084B.champsimtrace.xz
175	:	1790205198.439	  8505.450	0	35000	0	0	./bin/champsim_goldencove_1c_hbm2_llc --warmup-instructions 200000000 --ramulator-stats results/1c/hbm2_llc/ramulator/600.perlbench_s-570B.yaml --json results/1c/hbm2_llc/champsim/600.perlbench_s-570B.json traces/600.perlbench_s-570B.champsimtrace.xz
179	:	1790205969.050	  7813.888	0	34955	0	0	./bin/champsim_goldencove_1c_hbm2_llc --warmup-instructions 200000000 --ramulator-stats results/1c/hbm2_llc/ramulator/602.gcc_s-734B.yaml --json results/1c/hbm2_llc/champsim/602.gcc_s-734B.json traces/602.gcc_s-734B.champsimtrace.xz
167	:	1790202605.949	 11587.686	0	34607	0	0	./bin/champsim_goldencove_1c_hbm2 --warmup-instructions 200000000 --ramulator-stats results/1c/hbm2/ramulator/654.roms_s-523B.yaml --json results/1c/hbm2/champsim/654.roms_s-523B.json traces/654.roms_s-523B.champsimtrace.xz
163	:	1790201821.644	 12381.164	0	34605	0	0	./bin/champsim_goldencove_1c_hbm2 --warmup-instructions 200000000 --ramulator-stats results/1c/hbm2/ramulator/654.roms_s-1390B.yaml --json results/1c/hbm2/champsim/654.roms_s-1390B.json traces/654.roms_s-1390B.champsimtrace.xz
178	:	1790205906.456	  8544.014	0	35145	0	0	./bin/champsim_goldencove_1c_hbm2_llc --warmup-instructions 200000000 --ramulator-stats results/1c/hbm2_llc/ramulator/602.gcc_s-2375B.yaml --json results/1c/hbm2_llc/champsim/602.gcc_s-2375B.json traces/602.gcc_s-2375B.champsimtrace.xz
199	:	1790209150.934	  5866.177	0	34919	0	0	./bin/champsim_goldencove_1c_hbm2_llc --warmup-instructions 200000000 --ramulator-stats results/1c/hbm2_llc/ramulator/607.cactuBSSN_s-4248B.yaml --json results/1c/hbm2_llc/champsim/607.cactuBSSN_s-4248B.json traces/607.cactuBSSN_s-4248B.champsimtrace.xz
155	:	1790200916.483	 14768.144	0	34677	0	0	./bin/champsim_goldencove_1c_hbm2 --warmup-instructions 200000000 --ramulator-stats results/1c/hbm2/ramulator/649.fotonik3d_s-10881B.yaml --json results/1c/hbm2/champsim/649.fotonik3d_s-10881B.json traces/649.fotonik3d_s-10881B.champsimtrace.xz
94	:	1790187100.910	 28722.277	0	34700	0	0	./bin/champsim_goldencove_1c_hbm2 --warmup-instructions 200000000 --ramulator-stats results/1c/hbm2/ramulator/605.mcf_s-1554B.yaml --json results/1c/hbm2/champsim/605.mcf_s-1554B.json traces/605.mcf_s-1554B.champsimtrace.xz
183	:	1790206754.594	 10432.231	0	35015	0	0	./bin/champsim_goldencove_1c_hbm2_llc --warmup-instructions 200000000 --ramulator-stats results/1c/hbm2_llc/ramulator/603.bwaves_s-2931B.yaml --json results/1c/hbm2_llc/champsim/603.bwaves_s-2931B.json traces/603.bwaves_s-2931B.champsimtrace.xz
176	:	1790205385.854	 12595.949	0	35382	0	0	./bin/champsim_goldencove_1c_hbm2_llc --warmup-instructions 200000000 --ramulator-stats results/1c/hbm2_llc/ramulator/602.gcc_s-1850B.yaml --json results/1c/hbm2_llc/champsim/602.gcc_s-1850B.json traces/602.gcc_s-1850B.champsimtrace.xz
186	:	1790206822.441	 11538.128	0	35364	0	0	./bin/champsim_goldencove_1c_hbm2_llc --warmup-instructions 200000000 --ramulator-stats results/1c/hbm2_llc/ramulator/603.bwaves_s-891B.yaml --json results/1c/hbm2_llc/champsim/603.bwaves_s-891B.json traces/603.bwaves_s-891B.champsimtrace.xz
196	:	1790208097.377	 10669.447	0	35020	0	0	./bin/champsim_goldencove_1c_hbm2_llc --warmup-instructions 200000000 --ramulator-stats results/1c/hbm2_llc/ramulator/607.cactuBSSN_s-2421B.yaml --json results/1c/hbm2_llc/champsim/607.cactuBSSN_s-2421B.json traces/607.cactuBSSN_s-2421B.champsimtrace.xz
181	:	1790206616.260	 12223.707	0	35367	0	0	./bin/champsim_goldencove_1c_hbm2_llc --warmup-instructions 200000000 --ramulator-stats results/1c/hbm2_llc/ramulator/603.bwaves_s-1740B.yaml --json results/1c/hbm2_llc/champsim/603.bwaves_s-1740B.json traces/603.bwaves_s-1740B.champsimtrace.xz
182	:	1790206736.521	 12243.064	0	35356	0	0	./bin/champsim_goldencove_1c_hbm2_llc --warmup-instructions 200000000 --ramulator-stats results/1c/hbm2_llc/ramulator/603.bwaves_s-2609B.yaml --json results/1c/hbm2_llc/champsim/603.bwaves_s-2609B.json traces/603.bwaves_s-2609B.champsimtrace.xz
225	:	1790215017.116	  4477.939	0	34631	0	0	./bin/champsim_goldencove_1c_hbm2_llc --warmup-instructions 200000000 --ramulator-stats results/1c/hbm2_llc/ramulator/638.imagick_s-10316B.yaml --json results/1c/hbm2_llc/champsim/638.imagick_s-10316B.json traces/638.imagick_s-10316B.champsimtrace.xz
197	:	1790208257.369	 11252.216	0	35075	0	0	./bin/champsim_goldencove_1c_hbm2_llc --warmup-instructions 200000000 --ramulator-stats results/1c/hbm2_llc/ramulator/607.cactuBSSN_s-3477B.yaml --json results/1c/hbm2_llc/champsim/607.cactuBSSN_s-3477B.json traces/607.cactuBSSN_s-3477B.champsimtrace.xz
198	:	1790208432.084	 11193.137	0	35026	0	0	./bin/champsim_goldencove_1c_hbm2_llc --warmup-instructions 200000000 --ramulator-stats results/1c/hbm2_llc/ramulator/607.cactuBSSN_s-4004B.yaml --json results/1c/hbm2_llc/champsim/607.cactuBSSN_s-4004B.json traces/607.cactuBSSN_s-4004B.champsimtrace.xz
217	:	1790213045.076	  6848.699	0	34950	0	0	./bin/champsim_goldencove_1c_hbm2_llc --warmup-instructions 200000000 --ramulator-stats results/1c/hbm2_llc/ramulator/625.x264_s-18B.yaml --json results/1c/hbm2_llc/champsim/625.x264_s-18B.json traces/625.x264_s-18B.champsimtrace.xz
190	:	1790207265.600	 12648.390	0	35479	0	0	./bin/champsim_goldencove_1c_hbm2_llc --warmup-instructions 200000000 --ramulator-stats results/1c/hbm2_llc/ramulator/605.mcf_s-1644B.yaml --json results/1c/hbm2_llc/champsim/605.mcf_s-1644B.json traces/605.mcf_s-1644B.champsimtrace.xz
207	:	1790211563.870	  8355.879	0	35036	0	0	./bin/champsim_goldencove_1c_hbm2_llc --warmup-instructions 200000000 --ramulator-stats results/1c/hbm2_llc/ramulator/621.wrf_s-6673B.yaml --json results/1c/hbm2_llc/champsim/621.wrf_s-6673B.json traces/621.wrf_s-6673B.champsimtrace.xz
216	:	1790213014.052	  7034.797	0	34951	0	0	./bin/champsim_goldencove_1c_hbm2_llc --warmup-instructions 200000000 --ramulator-stats results/1c/hbm2_llc/ramulator/625.x264_s-12B.yaml --json results/1c/hbm2_llc/champsim/625.x264_s-12B.json traces/625.x264_s-12B.champsimtrace.xz
206	:	1790211411.662	  8685.351	0	34983	0	0	./bin/champsim_goldencove_1c_hbm2_llc --warmup-instructions 200000000 --ramulator-stats results/1c/hbm2_llc/ramulator/621.wrf_s-575B.yaml --json results/1c/hbm2_llc/champsim/621.wrf_s-575B.json traces/621.wrf_s-575B.champsimtrace.xz
218	:	1790213410.901	  6903.671	0	34952	0	0	./bin/champsim_goldencove_1c_hbm2_llc --warmup-instructions 200000000 --ramulator-stats results/1c/hbm2_llc/ramulator/625.x264_s-20B.yaml --json results/1c/hbm2_llc/champsim/625.x264_s-20B.json traces/625.x264_s-20B.champsimtrace.xz
219	:	1790213564.787	  6848.003	0	34949	0	0	./bin/champsim_goldencove_1c_hbm2_llc --warmup-instructions 200000000 --ramulator-stats results/1c/hbm2_llc/ramulator/625.x264_s-33B.yaml --json results/1c/hbm2_llc/champsim/625.x264_s-33B.json traces/625.x264_s-33B.champsimtrace.xz
220	:	1790213703.895	  6831.180	0	34939	0	0	./bin/champsim_goldencove_1c_hbm2_llc --warmup-instructions 200000000 --ramulator-stats results/1c/hbm2_llc/ramulator/625.x264_s-39B.yaml --json results/1c/hbm2_llc/champsim/625.x264_s-39B.json traces/625.x264_s-39B.champsimtrace.xz
1	:	1790172338.321	 48219.836	0	35145	0	0	./bin/champsim_goldencove_1c_hbm1 --warmup-instructions 200000000 --ramulator-stats results/1c/hbm1/ramulator/605.mcf_s-782B.yaml --json results/1c/hbm1/champsim/605.mcf_s-782B.json traces/605.mcf_s-782B.champsimtrace.xz
222	:	1790214193.640	  6452.603	0	34924	0	0	./bin/champsim_goldencove_1c_hbm2_llc --warmup-instructions 200000000 --ramulator-stats results/1c/hbm2_llc/ramulator/627.cam4_s-573B.yaml --json results/1c/hbm2_llc/champsim/627.cam4_s-573B.json traces/627.cam4_s-573B.champsimtrace.xz
209	:	1790212415.987	  8260.842	0	35034	0	0	./bin/champsim_goldencove_1c_hbm2_llc --warmup-instructions 200000000 --ramulator-stats results/1c/hbm2_llc/ramulator/621.wrf_s-8100B.yaml --json results/1c/hbm2_llc/champsim/621.wrf_s-8100B.json traces/621.wrf_s-8100B.champsimtrace.xz
208	:	1790212340.213	  8412.326	0	35022	0	0	./bin/champsim_goldencove_1c_hbm2_llc --warmup-instructions 200000000 --ramulator-stats results/1c/hbm2_llc/ramulator/621.wrf_s-8065B.yaml --json results/1c/hbm2_llc/champsim/621.wrf_s-8065B.json traces/621.wrf_s-8065B.champsimtrace.xz
211	:	1790212592.014	  8417.232	0	34981	0	0	./bin/champsim_goldencove_1c_hbm2_llc --warmup-instructions 200000000 --ramulator-stats results/1c/hbm2_llc/ramulator/623.xalancbmk_s-165B.yaml --json results/1c/hbm2_llc/champsim/623.xalancbmk_s-165B.json traces/623.xalancbmk_s-165B.champsimtrace.xz
193	:	1790207638.277	 13532.763	0	35382	0	0	./bin/champsim_goldencove_1c_hbm2_llc --warmup-instructions 200000000 --ramulator-stats results/1c/hbm2_llc/ramulator/605.mcf_s-665B.yaml --json results/1c/hbm2_llc/champsim/605.mcf_s-665B.json traces/605.mcf_s-665B.champsimtrace.xz
212	:	1790212693.085	  8584.184	0	34986	0	0	./bin/champsim_goldencove_1c_hbm2_llc --warmup-instructions 200000000 --ramulator-stats results/1c/hbm2_llc/ramulator/623.xalancbmk_s-202B.yaml --json results/1c/hbm2_llc/champsim/623.xalancbmk_s-202B.json traces/623.xalancbmk_s-202B.champsimtrace.xz
223	:	1790214202.814	  7097.362	0	34962	0	0	./bin/champsim_goldencove_1c_hbm2_llc --warmup-instructions 200000000 --ramulator-stats results/1c/hbm2_llc/ramulator/628.pop2_s-17B.yaml --json results/1c/hbm2_llc/champsim/628.pop2_s-17B.json traces/628.pop2_s-17B.champsimtrace.xz
221	:	1790213782.945	  7834.345	0	34999	0	0	./bin/champsim_goldencove_1c_hbm2_llc --warmup-instructions 200000000 --ramulator-stats results/1c/hbm2_llc/ramulator/627.cam4_s-490B.yaml --json results/1c/hbm2_llc/champsim/627.cam4_s-490B.json traces/627.cam4_s-490B.champsimtrace.xz
200	:	1790210015.396	 11888.728	0	35355	0	0	./bin/champsim_goldencove_1c_hbm2_llc --warmup-instructions 200000000 --ramulator-stats results/1c/hbm2_llc/ramulator/619.lbm_s-2676B.yaml --json results/1c/hbm2_llc/champsim/619.lbm_s-2676B.json traces/619.lbm_s-2676B.champsimtrace.xz
213	:	1790212695.612	  9319.997	0	35099	0	0	./bin/champsim_goldencove_1c_hbm2_llc --warmup-instructions 200000000 --ramulator-stats results/1c/hbm2_llc/ramulator/623.xalancbmk_s-325B.yaml --json results/1c/hbm2_llc/champsim/623.xalancbmk_s-325B.json traces/623.xalancbmk_s-325B.champsimtrace.xz
214	:	1790212768.758	  9306.412	0	35096	0	0	./bin/champsim_goldencove_1c_hbm2_llc --warmup-instructions 200000000 --ramulator-stats results/1c/hbm2_llc/ramulator/623.xalancbmk_s-592B.yaml --json results/1c/hbm2_llc/champsim/623.xalancbmk_s-592B.json traces/623.xalancbmk_s-592B.champsimtrace.xz
215	:	1790212802.583	  9857.009	0	35280	0	0	./bin/champsim_goldencove_1c_hbm2_llc --warmup-instructions 200000000 --ramulator-stats results/1c/hbm2_llc/ramulator/623.xalancbmk_s-700B.yaml --json results/1c/hbm2_llc/champsim/623.xalancbmk_s-700B.json traces/623.xalancbmk_s-700B.champsimtrace.xz
201	:	1790210324.458	 12420.809	0	35366	0	0	./bin/champsim_goldencove_1c_hbm2_llc --warmup-instructions 200000000 --ramulator-stats results/1c/hbm2_llc/ramulator/619.lbm_s-2677B.yaml --json results/1c/hbm2_llc/champsim/619.lbm_s-2677B.json traces/619.lbm_s-2677B.champsimtrace.xz
226	:	1790215684.633	  7064.434	0	34994	0	0	./bin/champsim_goldencove_1c_hbm2_llc --warmup-instructions 200000000 --ramulator-stats results/1c/hbm2_llc/ramulator/638.imagick_s-4128B.yaml --json results/1c/hbm2_llc/champsim/638.imagick_s-4128B.json traces/638.imagick_s-4128B.champsimtrace.xz
224	:	1790214450.475	  8332.867	0	35003	0	0	./bin/champsim_goldencove_1c_hbm2_llc --warmup-instructions 200000000 --ramulator-stats results/1c/hbm2_llc/ramulator/631.deepsjeng_s-928B.yaml --json results/1c/hbm2_llc/champsim/631.deepsjeng_s-928B.json traces/631.deepsjeng_s-928B.champsimtrace.xz
195	:	1790207814.228	 15315.195	0	35397	0	0	./bin/champsim_goldencove_1c_hbm2_llc --warmup-instructions 200000000 --ramulator-stats results/1c/hbm2_llc/ramulator/605.mcf_s-994B.yaml --json results/1c/hbm2_llc/champsim/605.mcf_s-994B.json traces/605.mcf_s-994B.champsimtrace.xz
203	:	1790211154.800	 12132.114	0	35370	0	0	./bin/champsim_goldencove_1c_hbm2_llc --warmup-instructions 200000000 --ramulator-stats results/1c/hbm2_llc/ramulator/619.lbm_s-4268B.yaml --json results/1c/hbm2_llc/champsim/619.lbm_s-4268B.json traces/619.lbm_s-4268B.champsimtrace.xz
227	:	1790215823.193	  7518.355	0	34928	0	0	./bin/champsim_goldencove_1c_hbm2_llc --warmup-instructions 200000000 --ramulator-stats results/1c/hbm2_llc/ramulator/638.imagick_s-824B.yaml --json results/1c/hbm2_llc/champsim/638.imagick_s-824B.json traces/638.imagick_s-824B.champsimtrace.xz
202	:	1790210417.347	 13098.444	0	35336	0	0	./bin/champsim_goldencove_1c_hbm2_llc --warmup-instructions 200000000 --ramulator-stats results/1c/hbm2_llc/ramulator/619.lbm_s-3766B.yaml --json results/1c/hbm2_llc/champsim/619.lbm_s-3766B.json traces/619.lbm_s-3766B.champsimtrace.xz
187	:	1790206980.722	 16565.124	0	35405	0	0	./bin/champsim_goldencove_1c_hbm2_llc --warmup-instructions 200000000 --ramulator-stats results/1c/hbm2_llc/ramulator/605.mcf_s-1152B.yaml --json results/1c/hbm2_llc/champsim/605.mcf_s-1152B.json traces/605.mcf_s-1152B.champsimtrace.xz
205	:	1790211398.563	 12398.775	0	35393	0	0	./bin/champsim_goldencove_1c_hbm2_llc --warmup-instructions 200000000 --ramulator-stats results/1c/hbm2_llc/ramulator/620.omnetpp_s-874B.yaml --json results/1c/hbm2_llc/champsim/620.omnetpp_s-874B.json traces/620.omnetpp_s-874B.champsimtrace.xz
204	:	1790211159.122	 12874.288	0	35387	0	0	./bin/champsim_goldencove_1c_hbm2_llc --warmup-instructions 200000000 --ramulator-stats results/1c/hbm2_llc/ramulator/620.omnetpp_s-141B.yaml --json results/1c/hbm2_llc/champsim/620.omnetpp_s-141B.json traces/620.omnetpp_s-141B.champsimtrace.xz
210	:	1790212533.685	 11785.719	0	35378	0	0	./bin/champsim_goldencove_1c_hbm2_llc --warmup-instructions 200000000 --ramulator-stats results/1c/hbm2_llc/ramulator/623.xalancbmk_s-10B.yaml --json results/1c/hbm2_llc/champsim/623.xalancbmk_s-10B.json traces/623.xalancbmk_s-10B.champsimtrace.xz
191	:	1790207412.654	 17052.125	0	35460	0	0	./bin/champsim_goldencove_1c_hbm2_llc --warmup-instructions 200000000 --ramulator-stats results/1c/hbm2_llc/ramulator/605.mcf_s-472B.yaml --json results/1c/hbm2_llc/champsim/605.mcf_s-472B.json traces/605.mcf_s-472B.champsimtrace.xz
188	:	1790207099.789	 17387.463	0	35419	0	0	./bin/champsim_goldencove_1c_hbm2_llc --warmup-instructions 200000000 --ramulator-stats results/1c/hbm2_llc/ramulator/605.mcf_s-1536B.yaml --json results/1c/hbm2_llc/champsim/605.mcf_s-1536B.json traces/605.mcf_s-1536B.champsimtrace.xz
228	:	1790217186.833	  7833.945	0	35005	0	0	./bin/champsim_goldencove_1c_hbm2_llc --warmup-instructions 200000000 --ramulator-stats results/1c/hbm2_llc/ramulator/641.leela_s-1052B.yaml --json results/1c/hbm2_llc/champsim/641.leela_s-1052B.json traces/641.leela_s-1052B.champsimtrace.xz
189	:	1790207222.204	 18132.812	0	35405	0	0	./bin/champsim_goldencove_1c_hbm2_llc --warmup-instructions 200000000 --ramulator-stats results/1c/hbm2_llc/ramulator/605.mcf_s-1554B.yaml --json results/1c/hbm2_llc/champsim/605.mcf_s-1554B.json traces/605.mcf_s-1554B.champsimtrace.xz
229	:	1790217981.811	  7853.745	0	35046	0	0	./bin/champsim_goldencove_1c_hbm2_llc --warmup-instructions 200000000 --ramulator-stats results/1c/hbm2_llc/ramulator/641.leela_s-1083B.yaml --json results/1c/hbm2_llc/champsim/641.leela_s-1083B.json traces/641.leela_s-1083B.champsimtrace.xz
230	:	1790218360.578	  7777.073	0	34928	0	0	./bin/champsim_goldencove_1c_hbm2_llc --warmup-instructions 200000000 --ramulator-stats results/1c/hbm2_llc/ramulator/641.leela_s-149B.yaml --json results/1c/hbm2_llc/champsim/641.leela_s-149B.json traces/641.leela_s-149B.champsimtrace.xz
235	:	1790219509.590	  6957.581	0	34915	0	0	./bin/champsim_goldencove_1c_hbm2_llc --warmup-instructions 200000000 --ramulator-stats results/1c/hbm2_llc/ramulator/644.nab_s-12459B.yaml --json results/1c/hbm2_llc/champsim/644.nab_s-12459B.json traces/644.nab_s-12459B.champsimtrace.xz
232	:	1790218839.977	  7784.693	0	35013	0	0	./bin/champsim_goldencove_1c_hbm2_llc --warmup-instructions 200000000 --ramulator-stats results/1c/hbm2_llc/ramulator/641.leela_s-602B.yaml --json results/1c/hbm2_llc/champsim/641.leela_s-602B.json traces/641.leela_s-602B.champsimtrace.xz
233	:	1790218979.590	  7682.825	0	35005	0	0	./bin/champsim_goldencove_1c_hbm2_llc --warmup-instructions 200000000 --ramulator-stats results/1c/hbm2_llc/ramulator/641.leela_s-800B.yaml --json results/1c/hbm2_llc/champsim/641.leela_s-800B.json traces/641.leela_s-800B.champsimtrace.xz
231	:	1790218766.832	  8040.277	0	35013	0	0	./bin/champsim_goldencove_1c_hbm2_llc --warmup-instructions 200000000 --ramulator-stats results/1c/hbm2_llc/ramulator/641.leela_s-334B.yaml --json results/1c/hbm2_llc/champsim/641.leela_s-334B.json traces/641.leela_s-334B.champsimtrace.xz
192	:	1790207569.278	 19663.776	0	35475	0	0	./bin/champsim_goldencove_1c_hbm2_llc --warmup-instructions 200000000 --ramulator-stats results/1c/hbm2_llc/ramulator/605.mcf_s-484B.yaml --json results/1c/hbm2_llc/champsim/605.mcf_s-484B.json traces/605.mcf_s-484B.champsimtrace.xz
234	:	1790219495.063	  7754.819	0	35000	0	0	./bin/champsim_goldencove_1c_hbm2_llc --warmup-instructions 200000000 --ramulator-stats results/1c/hbm2_llc/ramulator/641.leela_s-862B.yaml --json results/1c/hbm2_llc/champsim/641.leela_s-862B.json traces/641.leela_s-862B.champsimtrace.xz
256	:	1790222075.175	  5542.417	0	34907	0	0	./bin/champsim_goldencove_1c_hbm2_llc --warmup-instructions 200000000 --ramulator-stats results/1c/hbm2_llc/ramulator/654.roms_s-1021B.yaml --json results/1c/hbm2_llc/champsim/654.roms_s-1021B.json traces/654.roms_s-1021B.champsimtrace.xz
240	:	1790220048.861	  7607.727	0	34982	0	0	./bin/champsim_goldencove_1c_hbm2_llc --warmup-instructions 200000000 --ramulator-stats results/1c/hbm2_llc/ramulator/648.exchange2_s-1227B.yaml --json results/1c/hbm2_llc/champsim/648.exchange2_s-1227B.json traces/648.exchange2_s-1227B.champsimtrace.xz
247	:	1790220676.836	  7013.450	0	34151	0	0	./bin/champsim_goldencove_1c_hbm2_llc --warmup-instructions 200000000 --ramulator-stats results/1c/hbm2_llc/ramulator/648.exchange2_s-387B.yaml --json results/1c/hbm2_llc/champsim/648.exchange2_s-387B.json traces/648.exchange2_s-387B.champsimtrace.xz
241	:	1790220097.020	  7792.625	0	34973	0	0	./bin/champsim_goldencove_1c_hbm2_llc --warmup-instructions 200000000 --ramulator-stats results/1c/hbm2_llc/ramulator/648.exchange2_s-1247B.yaml --json results/1c/hbm2_llc/champsim/648.exchange2_s-1247B.json traces/648.exchange2_s-1247B.champsimtrace.xz
242	:	1790220314.579	  7637.187	0	34173	0	0	./bin/champsim_goldencove_1c_hbm2_llc --warmup-instructions 200000000 --ramulator-stats results/1c/hbm2_llc/ramulator/648.exchange2_s-1511B.yaml --json results/1c/hbm2_llc/champsim/648.exchange2_s-1511B.json traces/648.exchange2_s-1511B.champsimtrace.xz
237	:	1790219893.780	  8342.740	0	35366	0	0	./bin/champsim_goldencove_1c_hbm2_llc --warmup-instructions 200000000 --ramulator-stats results/1c/hbm2_llc/ramulator/644.nab_s-5853B.yaml --json results/1c/hbm2_llc/champsim/644.nab_s-5853B.json traces/644.nab_s-5853B.champsimtrace.xz
238	:	1790219913.995	  8344.858	0	34952	0	0	./bin/champsim_goldencove_1c_hbm2_llc --warmup-instructions 200000000 --ramulator-stats results/1c/hbm2_llc/ramulator/644.nab_s-7928B.yaml --json results/1c/hbm2_llc/champsim/644.nab_s-7928B.json traces/644.nab_s-7928B.champsimtrace.xz
239	:	1790219919.756	  8354.754	0	34968	0	0	./bin/champsim_goldencove_1c_hbm2_llc --warmup-instructions 200000000 --ramulator-stats results/1c/hbm2_llc/ramulator/644.nab_s-9322B.yaml --json results/1c/hbm2_llc/champsim/644.nab_s-9322B.json traces/644.nab_s-9322B.champsimtrace.xz
236	:	1790219625.228	  8841.434	0	34988	0	0	./bin/champsim_goldencove_1c_hbm2_llc --warmup-instructions 200000000 --ramulator-stats results/1c/hbm2_llc/ramulator/644.nab_s-12521B.yaml --json results/1c/hbm2_llc/champsim/644.nab_s-12521B.json traces/644.nab_s-12521B.champsimtrace.xz
244	:	1790220535.081	  8002.590	0	34998	0	0	./bin/champsim_goldencove_1c_hbm2_llc --warmup-instructions 200000000 --ramulator-stats results/1c/hbm2_llc/ramulator/648.exchange2_s-1712B.yaml --json results/1c/hbm2_llc/champsim/648.exchange2_s-1712B.json traces/648.exchange2_s-1712B.champsimtrace.xz
246	:	1790220646.250	  7947.121	0	34964	0	0	./bin/champsim_goldencove_1c_hbm2_llc --warmup-instructions 200000000 --ramulator-stats results/1c/hbm2_llc/ramulator/648.exchange2_s-353B.yaml --json results/1c/hbm2_llc/champsim/648.exchange2_s-353B.json traces/648.exchange2_s-353B.champsimtrace.xz
243	:	1790220412.798	  8289.167	0	34190	0	0	./bin/champsim_goldencove_1c_hbm2_llc --warmup-instructions 200000000 --ramulator-stats results/1c/hbm2_llc/ramulator/648.exchange2_s-1699B.yaml --json results/1c/hbm2_llc/champsim/648.exchange2_s-1699B.json traces/648.exchange2_s-1699B.champsimtrace.xz
245	:	1790220558.164	  8193.092	0	34974	0	0	./bin/champsim_goldencove_1c_hbm2_llc --warmup-instructions 200000000 --ramulator-stats results/1c/hbm2_llc/ramulator/648.exchange2_s-210B.yaml --json results/1c/hbm2_llc/champsim/648.exchange2_s-210B.json traces/648.exchange2_s-210B.champsimtrace.xz
248	:	1790220752.545	  8018.815	0	34957	0	0	./bin/champsim_goldencove_1c_hbm2_llc --warmup-instructions 200000000 --ramulator-stats results/1c/hbm2_llc/ramulator/648.exchange2_s-584B.yaml --json results/1c/hbm2_llc/champsim/648.exchange2_s-584B.json traces/648.exchange2_s-584B.champsimtrace.xz
249	:	1790221009.252	  7875.740	0	34961	0	0	./bin/champsim_goldencove_1c_hbm2_llc --warmup-instructions 200000000 --ramulator-stats results/1c/hbm2_llc/ramulator/648.exchange2_s-72B.yaml --json results/1c/hbm2_llc/champsim/648.exchange2_s-72B.json traces/648.exchange2_s-72B.champsimtrace.xz
252	:	1790221300.184	  7628.999	0	34977	0	0	./bin/champsim_goldencove_1c_hbm2_llc --warmup-instructions 200000000 --ramulator-stats results/1c/hbm2_llc/ramulator/649.fotonik3d_s-1B.yaml --json results/1c/hbm2_llc/champsim/649.fotonik3d_s-1B.json traces/649.fotonik3d_s-1B.champsimtrace.xz
267	:	1790224033.417	  4964.451	0	34878	0	0	./bin/champsim_goldencove_1c_hbm2_llc --warmup-instructions 200000000 --ramulator-stats results/1c/hbm2_llc/ramulator/657.xz_s-56B.yaml --json results/1c/hbm2_llc/champsim/657.xz_s-56B.json traces/657.xz_s-56B.champsimtrace.xz
266	:	1790223797.343	  6182.805	0	34949	0	0	./bin/champsim_goldencove_1c_hbm2_llc --warmup-instructions 200000000 --ramulator-stats results/1c/hbm2_llc/ramulator/657.xz_s-4994B.yaml --json results/1c/hbm2_llc/champsim/657.xz_s-4994B.json traces/657.xz_s-4994B.champsimtrace.xz
265	:	1790223545.853	  6908.488	0	34949	0	0	./bin/champsim_goldencove_1c_hbm2_llc --warmup-instructions 200000000 --ramulator-stats results/1c/hbm2_llc/ramulator/657.xz_s-3167B.yaml --json results/1c/hbm2_llc/champsim/657.xz_s-3167B.json traces/657.xz_s-3167B.champsimtrace.xz
264	:	1790223515.798	  7057.528	0	34970	0	0	./bin/champsim_goldencove_1c_hbm2_llc --warmup-instructions 200000000 --ramulator-stats results/1c/hbm2_llc/ramulator/657.xz_s-2302B.yaml --json results/1c/hbm2_llc/champsim/657.xz_s-2302B.json traces/657.xz_s-2302B.champsimtrace.xz
263	:	1790223341.553	  7927.847	0	35009	0	0	./bin/champsim_goldencove_1c_hbm2_llc --warmup-instructions 200000000 --ramulator-stats results/1c/hbm2_llc/ramulator/654.roms_s-842B.yaml --json results/1c/hbm2_llc/champsim/654.roms_s-842B.json traces/654.roms_s-842B.champsimtrace.xz
177	:	1790205642.037	 26244.955	0	35413	0	0	./bin/champsim_goldencove_1c_hbm2_llc --warmup-instructions 200000000 --ramulator-stats results/1c/hbm2_llc/ramulator/602.gcc_s-2226B.yaml --json results/1c/hbm2_llc/champsim/602.gcc_s-2226B.json traces/602.gcc_s-2226B.champsimtrace.xz
259	:	1790222749.072	  9271.026	0	35144	0	0	./bin/champsim_goldencove_1c_hbm2_llc --warmup-instructions 200000000 --ramulator-stats results/1c/hbm2_llc/ramulator/654.roms_s-1613B.yaml --json results/1c/hbm2_llc/champsim/654.roms_s-1613B.json traces/654.roms_s-1613B.champsimtrace.xz
261	:	1790223129.430	  9192.526	0	35128	0	0	./bin/champsim_goldencove_1c_hbm2_llc --warmup-instructions 200000000 --ramulator-stats results/1c/hbm2_llc/ramulator/654.roms_s-294B.yaml --json results/1c/hbm2_llc/champsim/654.roms_s-294B.json traces/654.roms_s-294B.champsimtrace.xz
275	:	1790226467.175	  6533.874	0	34157	0	0	./bin/champsim_goldencove_1c_hbm3 --warmup-instructions 200000000 --ramulator-stats results/1c/hbm3/ramulator/603.bwaves_s-1080B.yaml --json results/1c/hbm3/champsim/603.bwaves_s-1080B.json traces/603.bwaves_s-1080B.champsimtrace.xz
280	:	1790227249.889	  5956.218	0	34176	0	0	./bin/champsim_goldencove_1c_hbm3 --warmup-instructions 200000000 --ramulator-stats results/1c/hbm3/ramulator/603.bwaves_s-5359B.yaml --json results/1c/hbm3/champsim/603.bwaves_s-5359B.json traces/603.bwaves_s-5359B.champsimtrace.xz
268	:	1790224319.409	  8930.494	0	34269	0	0	./bin/champsim_goldencove_1c_hbm3 --warmup-instructions 200000000 --ramulator-stats results/1c/hbm3/ramulator/600.perlbench_s-1273B.yaml --json results/1c/hbm3/champsim/600.perlbench_s-1273B.json traces/600.perlbench_s-1273B.champsimtrace.xz
255	:	1790222015.616	 11392.373	0	35320	0	0	./bin/champsim_goldencove_1c_hbm2_llc --warmup-instructions 200000000 --ramulator-stats results/1c/hbm2_llc/ramulator/654.roms_s-1007B.yaml --json results/1c/hbm2_llc/champsim/654.roms_s-1007B.json traces/654.roms_s-1007B.champsimtrace.xz
279	:	1790227233.060	  6210.978	0	34132	0	0	./bin/champsim_goldencove_1c_hbm3 --warmup-instructions 200000000 --ramulator-stats results/1c/hbm3/ramulator/603.bwaves_s-3699B.yaml --json results/1c/hbm3/champsim/603.bwaves_s-3699B.json traces/603.bwaves_s-3699B.champsimtrace.xz
257	:	1790222659.599	 10786.348	0	35293	0	0	./bin/champsim_goldencove_1c_hbm2_llc --warmup-instructions 200000000 --ramulator-stats results/1c/hbm2_llc/ramulator/654.roms_s-1070B.yaml --json results/1c/hbm2_llc/champsim/654.roms_s-1070B.json traces/654.roms_s-1070B.champsimtrace.xz
269	:	1790224464.785	  9021.228	0	34308	0	0	./bin/champsim_goldencove_1c_hbm3 --warmup-instructions 200000000 --ramulator-stats results/1c/hbm3/ramulator/600.perlbench_s-210B.yaml --json results/1c/hbm3/champsim/600.perlbench_s-210B.json traces/600.perlbench_s-210B.champsimtrace.xz
270	:	1790224487.257	  9121.298	0	34293	0	0	./bin/champsim_goldencove_1c_hbm3 --warmup-instructions 200000000 --ramulator-stats results/1c/hbm3/ramulator/600.perlbench_s-570B.yaml --json results/1c/hbm3/champsim/600.perlbench_s-570B.json traces/600.perlbench_s-570B.champsimtrace.xz
260	:	1790222783.350	 11253.084	0	35272	0	0	./bin/champsim_goldencove_1c_hbm2_llc --warmup-instructions 200000000 --ramulator-stats results/1c/hbm2_llc/ramulator/654.roms_s-293B.yaml --json results/1c/hbm2_llc/champsim/654.roms_s-293B.json traces/654.roms_s-293B.champsimtrace.xz
99	:	1790187500.262	 47073.309	0	35112	0	0	./bin/champsim_goldencove_1c_hbm2 --warmup-instructions 200000000 --ramulator-stats results/1c/hbm2/ramulator/605.mcf_s-782B.yaml --json results/1c/hbm2/champsim/605.mcf_s-782B.json traces/605.mcf_s-782B.champsimtrace.xz
253	:	1790221617.296	 13189.609	0	35164	0	0	./bin/champsim_goldencove_1c_hbm2_llc --warmup-instructions 200000000 --ramulator-stats results/1c/hbm2_llc/ramulator/649.fotonik3d_s-7084B.yaml --json results/1c/hbm2_llc/champsim/649.fotonik3d_s-7084B.json traces/649.fotonik3d_s-7084B.champsimtrace.xz
258	:	1790222745.274	 12069.140	0	35332	0	0	./bin/champsim_goldencove_1c_hbm2_llc --warmup-instructions 200000000 --ramulator-stats results/1c/hbm2_llc/ramulator/654.roms_s-1390B.yaml --json results/1c/hbm2_llc/champsim/654.roms_s-1390B.json traces/654.roms_s-1390B.champsimtrace.xz
262	:	1790223286.919	 11728.528	0	35307	0	0	./bin/champsim_goldencove_1c_hbm2_llc --warmup-instructions 200000000 --ramulator-stats results/1c/hbm2_llc/ramulator/654.roms_s-523B.yaml --json results/1c/hbm2_llc/champsim/654.roms_s-523B.json traces/654.roms_s-523B.champsimtrace.xz
294	:	1790228771.367	  6250.906	0	34194	0	0	./bin/champsim_goldencove_1c_hbm3 --warmup-instructions 200000000 --ramulator-stats results/1c/hbm3/ramulator/607.cactuBSSN_s-4248B.yaml --json results/1c/hbm3/champsim/607.cactuBSSN_s-4248B.json traces/607.cactuBSSN_s-4248B.champsimtrace.xz
273	:	1790225835.567	  9381.525	0	34598	0	0	./bin/champsim_goldencove_1c_hbm3 --warmup-instructions 200000000 --ramulator-stats results/1c/hbm3/ramulator/602.gcc_s-2375B.yaml --json results/1c/hbm3/champsim/602.gcc_s-2375B.json traces/602.gcc_s-2375B.champsimtrace.xz
274	:	1790226137.659	  9312.904	0	34252	0	0	./bin/champsim_goldencove_1c_hbm3 --warmup-instructions 200000000 --ramulator-stats results/1c/hbm3/ramulator/602.gcc_s-734B.yaml --json results/1c/hbm3/champsim/602.gcc_s-734B.json traces/602.gcc_s-734B.champsimtrace.xz
251	:	1790221277.276	 14897.233	0	35434	0	0	./bin/champsim_goldencove_1c_hbm2_llc --warmup-instructions 200000000 --ramulator-stats results/1c/hbm2_llc/ramulator/649.fotonik3d_s-1176B.yaml --json results/1c/hbm2_llc/champsim/649.fotonik3d_s-1176B.json traces/649.fotonik3d_s-1176B.champsimtrace.xz
194	:	1790207655.345	 28590.481	0	35435	0	0	./bin/champsim_goldencove_1c_hbm2_llc --warmup-instructions 200000000 --ramulator-stats results/1c/hbm2_llc/ramulator/605.mcf_s-782B.yaml --json results/1c/hbm2_llc/champsim/605.mcf_s-782B.json traces/605.mcf_s-782B.champsimtrace.xz
250	:	1790221171.046	 15397.894	0	35394	0	0	./bin/champsim_goldencove_1c_hbm2_llc --warmup-instructions 200000000 --ramulator-stats results/1c/hbm2_llc/ramulator/649.fotonik3d_s-10881B.yaml --json results/1c/hbm2_llc/champsim/649.fotonik3d_s-10881B.json traces/649.fotonik3d_s-10881B.champsimtrace.xz
271	:	1790225020.785	 11804.533	0	34643	0	0	./bin/champsim_goldencove_1c_hbm3 --warmup-instructions 200000000 --ramulator-stats results/1c/hbm3/ramulator/602.gcc_s-1850B.yaml --json results/1c/hbm3/champsim/602.gcc_s-1850B.json traces/602.gcc_s-1850B.champsimtrace.xz
254	:	1790221904.129	 15254.437	0	35409	0	0	./bin/champsim_goldencove_1c_hbm2_llc --warmup-instructions 200000000 --ramulator-stats results/1c/hbm2_llc/ramulator/649.fotonik3d_s-8225B.yaml --json results/1c/hbm2_llc/champsim/649.fotonik3d_s-8225B.json traces/649.fotonik3d_s-8225B.champsimtrace.xz
278	:	1790226807.115	 10979.967	0	34274	0	0	./bin/champsim_goldencove_1c_hbm3 --warmup-instructions 200000000 --ramulator-stats results/1c/hbm3/ramulator/603.bwaves_s-2931B.yaml --json results/1c/hbm3/champsim/603.bwaves_s-2931B.json traces/603.bwaves_s-2931B.champsimtrace.xz
281	:	1790227617.598	 11268.266	0	34573	0	0	./bin/champsim_goldencove_1c_hbm3 --warmup-instructions 200000000 --ramulator-stats results/1c/hbm3/ramulator/603.bwaves_s-891B.yaml --json results/1c/hbm3/champsim/603.bwaves_s-891B.json traces/603.bwaves_s-891B.champsimtrace.xz
277	:	1790226662.419	 12667.427	0	34586	0	0	./bin/champsim_goldencove_1c_hbm3 --warmup-instructions 200000000 --ramulator-stats results/1c/hbm3/ramulator/603.bwaves_s-2609B.yaml --json results/1c/hbm3/champsim/603.bwaves_s-2609B.json traces/603.bwaves_s-2609B.champsimtrace.xz
276	:	1790226624.676	 12737.769	0	34510	0	0	./bin/champsim_goldencove_1c_hbm3 --warmup-instructions 200000000 --ramulator-stats results/1c/hbm3/ramulator/603.bwaves_s-1740B.yaml --json results/1c/hbm3/champsim/603.bwaves_s-1740B.json traces/603.bwaves_s-1740B.champsimtrace.xz
291	:	1790228593.376	 11309.032	0	34252	0	0	./bin/champsim_goldencove_1c_hbm3 --warmup-instructions 200000000 --ramulator-stats results/1c/hbm3/ramulator/607.cactuBSSN_s-2421B.yaml --json results/1c/hbm3/champsim/607.cactuBSSN_s-2421B.json traces/607.cactuBSSN_s-2421B.champsimtrace.xz
320	:	1790235450.568	  4562.691	0	33923	0	0	./bin/champsim_goldencove_1c_hbm3 --warmup-instructions 200000000 --ramulator-stats results/1c/hbm3/ramulator/638.imagick_s-10316B.yaml --json results/1c/hbm3/champsim/638.imagick_s-10316B.json traces/638.imagick_s-10316B.champsimtrace.xz
293	:	1790228751.261	 11608.064	0	34266	0	0	./bin/champsim_goldencove_1c_hbm3 --warmup-instructions 200000000 --ramulator-stats results/1c/hbm3/ramulator/607.cactuBSSN_s-4004B.yaml --json results/1c/hbm3/champsim/607.cactuBSSN_s-4004B.json traces/607.cactuBSSN_s-4004B.champsimtrace.xz
292	:	1790228701.974	 11918.867	0	34364	0	0	./bin/champsim_goldencove_1c_hbm3 --warmup-instructions 200000000 --ramulator-stats results/1c/hbm3/ramulator/607.cactuBSSN_s-3477B.yaml --json results/1c/hbm3/champsim/607.cactuBSSN_s-3477B.json traces/607.cactuBSSN_s-3477B.champsimtrace.xz
311	:	1790233486.020	  7224.178	0	34227	0	0	./bin/champsim_goldencove_1c_hbm3 --warmup-instructions 200000000 --ramulator-stats results/1c/hbm3/ramulator/625.x264_s-12B.yaml --json results/1c/hbm3/champsim/625.x264_s-12B.json traces/625.x264_s-12B.champsimtrace.xz
312	:	1790233608.565	  7347.914	0	34218	0	0	./bin/champsim_goldencove_1c_hbm3 --warmup-instructions 200000000 --ramulator-stats results/1c/hbm3/ramulator/625.x264_s-18B.yaml --json results/1c/hbm3/champsim/625.x264_s-18B.json traces/625.x264_s-18B.champsimtrace.xz
301	:	1790231269.405	  9693.398	0	34336	0	0	./bin/champsim_goldencove_1c_hbm3 --warmup-instructions 200000000 --ramulator-stats results/1c/hbm3/ramulator/621.wrf_s-575B.yaml --json results/1c/hbm3/champsim/621.wrf_s-575B.json traces/621.wrf_s-575B.champsimtrace.xz
302	:	1790231887.002	  9096.039	0	34417	0	0	./bin/champsim_goldencove_1c_hbm3 --warmup-instructions 200000000 --ramulator-stats results/1c/hbm3/ramulator/621.wrf_s-6673B.yaml --json results/1c/hbm3/champsim/621.wrf_s-6673B.json traces/621.wrf_s-6673B.champsimtrace.xz
295	:	1790228885.000	 12291.953	0	34506	0	0	./bin/champsim_goldencove_1c_hbm3 --warmup-instructions 200000000 --ramulator-stats results/1c/hbm3/ramulator/619.lbm_s-2676B.yaml --json results/1c/hbm3/champsim/619.lbm_s-2676B.json traces/619.lbm_s-2676B.champsimtrace.xz
313	:	1790234036.440	  7323.566	0	34219	0	0	./bin/champsim_goldencove_1c_hbm3 --warmup-instructions 200000000 --ramulator-stats results/1c/hbm3/ramulator/625.x264_s-20B.yaml --json results/1c/hbm3/champsim/625.x264_s-20B.json traces/625.x264_s-20B.champsimtrace.xz
303	:	1790232020.104	  9363.426	0	34455	0	0	./bin/champsim_goldencove_1c_hbm3 --warmup-instructions 200000000 --ramulator-stats results/1c/hbm3/ramulator/621.wrf_s-8065B.yaml --json results/1c/hbm3/champsim/621.wrf_s-8065B.json traces/621.wrf_s-8065B.champsimtrace.xz
304	:	1790232321.967	  9199.440	0	34352	0	0	./bin/champsim_goldencove_1c_hbm3 --warmup-instructions 200000000 --ramulator-stats results/1c/hbm3/ramulator/621.wrf_s-8100B.yaml --json results/1c/hbm3/champsim/621.wrf_s-8100B.json traces/621.wrf_s-8100B.champsimtrace.xz
296	:	1790228929.188	 12712.959	0	34586	0	0	./bin/champsim_goldencove_1c_hbm3 --warmup-instructions 200000000 --ramulator-stats results/1c/hbm3/ramulator/619.lbm_s-2677B.yaml --json results/1c/hbm3/champsim/619.lbm_s-2677B.json traces/619.lbm_s-2677B.champsimtrace.xz
314	:	1790234573.576	  7319.325	0	34209	0	0	./bin/champsim_goldencove_1c_hbm3 --warmup-instructions 200000000 --ramulator-stats results/1c/hbm3/ramulator/625.x264_s-33B.yaml --json results/1c/hbm3/champsim/625.x264_s-33B.json traces/625.x264_s-33B.champsimtrace.xz
315	:	1790234806.911	  7229.930	0	34232	0	0	./bin/champsim_goldencove_1c_hbm3 --warmup-instructions 200000000 --ramulator-stats results/1c/hbm3/ramulator/625.x264_s-39B.yaml --json results/1c/hbm3/champsim/625.x264_s-39B.json traces/625.x264_s-39B.champsimtrace.xz
317	:	1790235015.453	  7055.417	0	34217	0	0	./bin/champsim_goldencove_1c_hbm3 --warmup-instructions 200000000 --ramulator-stats results/1c/hbm3/ramulator/627.cam4_s-573B.yaml --json results/1c/hbm3/champsim/627.cam4_s-573B.json traces/627.cam4_s-573B.champsimtrace.xz
298	:	1790229980.153	 12236.650	0	34551	0	0	./bin/champsim_goldencove_1c_hbm3 --warmup-instructions 200000000 --ramulator-stats results/1c/hbm3/ramulator/619.lbm_s-4268B.yaml --json results/1c/hbm3/champsim/619.lbm_s-4268B.json traces/619.lbm_s-4268B.champsimtrace.xz
297	:	1790228997.876	 13240.475	0	34597	0	0	./bin/champsim_goldencove_1c_hbm3 --warmup-instructions 200000000 --ramulator-stats results/1c/hbm3/ramulator/619.lbm_s-3766B.yaml --json results/1c/hbm3/champsim/619.lbm_s-3766B.json traces/619.lbm_s-3766B.champsimtrace.xz
318	:	1790235022.283	  7434.862	0	34212	0	0	./bin/champsim_goldencove_1c_hbm3 --warmup-instructions 200000000 --ramulator-stats results/1c/hbm3/ramulator/628.pop2_s-17B.yaml --json results/1c/hbm3/champsim/628.pop2_s-17B.json traces/628.pop2_s-17B.champsimtrace.xz
306	:	1790233206.113	  9946.698	0	34276	0	0	./bin/champsim_goldencove_1c_hbm3 --warmup-instructions 200000000 --ramulator-stats results/1c/hbm3/ramulator/623.xalancbmk_s-165B.yaml --json results/1c/hbm3/champsim/623.xalancbmk_s-165B.json traces/623.xalancbmk_s-165B.champsimtrace.xz
308	:	1790233407.995	  9810.899	0	34464	0	0	./bin/champsim_goldencove_1c_hbm3 --warmup-instructions 200000000 --ramulator-stats results/1c/hbm3/ramulator/623.xalancbmk_s-325B.yaml --json results/1c/hbm3/champsim/623.xalancbmk_s-325B.json traces/623.xalancbmk_s-325B.champsimtrace.xz
285	:	1790227951.773	 15522.101	0	34761	0	0	./bin/champsim_goldencove_1c_hbm3 --warmup-instructions 200000000 --ramulator-stats results/1c/hbm3/ramulator/605.mcf_s-1644B.yaml --json results/1c/hbm3/champsim/605.mcf_s-1644B.json traces/605.mcf_s-1644B.champsimtrace.xz
321	:	1790236174.514	  7323.475	0	34172	0	0	./bin/champsim_goldencove_1c_hbm3 --warmup-instructions 200000000 --ramulator-stats results/1c/hbm3/ramulator/638.imagick_s-4128B.yaml --json results/1c/hbm3/champsim/638.imagick_s-4128B.json traces/638.imagick_s-4128B.champsimtrace.xz
316	:	1790234814.421	  8773.184	0	34264	0	0	./bin/champsim_goldencove_1c_hbm3 --warmup-instructions 200000000 --ramulator-stats results/1c/hbm3/ramulator/627.cam4_s-490B.yaml --json results/1c/hbm3/champsim/627.cam4_s-490B.json traces/627.cam4_s-490B.champsimtrace.xz
309	:	1790233444.043	 10150.472	0	34400	0	0	./bin/champsim_goldencove_1c_hbm3 --warmup-instructions 200000000 --ramulator-stats results/1c/hbm3/ramulator/623.xalancbmk_s-592B.yaml --json results/1c/hbm3/champsim/623.xalancbmk_s-592B.json traces/623.xalancbmk_s-592B.champsimtrace.xz
319	:	1790235217.099	  8809.055	0	34266	0	0	./bin/champsim_goldencove_1c_hbm3 --warmup-instructions 200000000 --ramulator-stats results/1c/hbm3/ramulator/631.deepsjeng_s-928B.yaml --json results/1c/hbm3/champsim/631.deepsjeng_s-928B.json traces/631.deepsjeng_s-928B.champsimtrace.xz
322	:	1790236245.830	  7909.311	0	34200	0	0	./bin/champsim_goldencove_1c_hbm3 --warmup-instructions 200000000 --ramulator-stats results/1c/hbm3/ramulator/638.imagick_s-824B.yaml --json results/1c/hbm3/champsim/638.imagick_s-824B.json traces/638.imagick_s-824B.champsimtrace.xz
307	:	1790233249.909	 10932.749	0	34441	0	0	./bin/champsim_goldencove_1c_hbm3 --warmup-instructions 200000000 --ramulator-stats results/1c/hbm3/ramulator/623.xalancbmk_s-202B.yaml --json results/1c/hbm3/champsim/623.xalancbmk_s-202B.json traces/623.xalancbmk_s-202B.champsimtrace.xz
310	:	1790233445.954	 10809.891	0	34599	0	0	./bin/champsim_goldencove_1c_hbm3 --warmup-instructions 200000000 --ramulator-stats results/1c/hbm3/ramulator/623.xalancbmk_s-700B.yaml --json results/1c/hbm3/champsim/623.xalancbmk_s-700B.json traces/623.xalancbmk_s-700B.champsimtrace.xz
323	:	1790236568.946	  8221.511	0	34265	0	0	./bin/champsim_goldencove_1c_hbm3 --warmup-instructions 200000000 --ramulator-stats results/1c/hbm3/ramulator/641.leela_s-1052B.yaml --json results/1c/hbm3/champsim/641.leela_s-1052B.json traces/641.leela_s-1052B.champsimtrace.xz
324	:	1790236825.323	  8294.216	0	34342	0	0	./bin/champsim_goldencove_1c_hbm3 --warmup-instructions 200000000 --ramulator-stats results/1c/hbm3/ramulator/641.leela_s-1083B.yaml --json results/1c/hbm3/champsim/641.leela_s-1083B.json traces/641.leela_s-1083B.champsimtrace.xz
325	:	1790237158.572	  8067.688	0	34262	0	0	./bin/champsim_goldencove_1c_hbm3 --warmup-instructions 200000000 --ramulator-stats results/1c/hbm3/ramulator/641.leela_s-149B.yaml --json results/1c/hbm3/champsim/641.leela_s-149B.json traces/641.leela_s-149B.champsimtrace.xz
326	:	1790237787.087	  8321.839	0	34291	0	0	./bin/champsim_goldencove_1c_hbm3 --warmup-instructions 200000000 --ramulator-stats results/1c/hbm3/ramulator/641.leela_s-334B.yaml --json results/1c/hbm3/champsim/641.leela_s-334B.json traces/641.leela_s-334B.champsimtrace.xz
272	:	1790225355.023	 21193.819	0	34693	0	0	./bin/champsim_goldencove_1c_hbm3 --warmup-instructions 200000000 --ramulator-stats results/1c/hbm3/ramulator/602.gcc_s-2226B.yaml --json results/1c/hbm3/champsim/602.gcc_s-2226B.json traces/602.gcc_s-2226B.champsimtrace.xz
327	:	1790238885.871	  8087.190	0	34258	0	0	./bin/champsim_goldencove_1c_hbm3 --warmup-instructions 200000000 --ramulator-stats results/1c/hbm3/ramulator/641.leela_s-602B.yaml --json results/1c/hbm3/champsim/641.leela_s-602B.json traces/641.leela_s-602B.champsimtrace.xz
330	:	1790239902.413	  7220.243	0	34204	0	0	./bin/champsim_goldencove_1c_hbm3 --warmup-instructions 200000000 --ramulator-stats results/1c/hbm3/ramulator/644.nab_s-12459B.yaml --json results/1c/hbm3/champsim/644.nab_s-12459B.json traces/644.nab_s-12459B.champsimtrace.xz
328	:	1790239329.853	  7929.689	0	34265	0	0	./bin/champsim_goldencove_1c_hbm3 --warmup-instructions 200000000 --ramulator-stats results/1c/hbm3/ramulator/641.leela_s-800B.yaml --json results/1c/hbm3/champsim/641.leela_s-800B.json traces/641.leela_s-800B.champsimtrace.xz
329	:	1790239362.452	  8046.648	0	34252	0	0	./bin/champsim_goldencove_1c_hbm3 --warmup-instructions 200000000 --ramulator-stats results/1c/hbm3/ramulator/641.leela_s-862B.yaml --json results/1c/hbm3/champsim/641.leela_s-862B.json traces/641.leela_s-862B.champsimtrace.xz
290	:	1790228537.678	 19176.199	0	34674	0	0	./bin/champsim_goldencove_1c_hbm3 --warmup-instructions 200000000 --ramulator-stats results/1c/hbm3/ramulator/605.mcf_s-994B.yaml --json results/1c/hbm3/champsim/605.mcf_s-994B.json traces/605.mcf_s-994B.champsimtrace.xz
287	:	1790228258.862	 19702.650	0	34734	0	0	./bin/champsim_goldencove_1c_hbm3 --warmup-instructions 200000000 --ramulator-stats results/1c/hbm3/ramulator/605.mcf_s-484B.yaml --json results/1c/hbm3/champsim/605.mcf_s-484B.json traces/605.mcf_s-484B.champsimtrace.xz
335	:	1790240956.485	  7850.914	0	34244	0	0	./bin/champsim_goldencove_1c_hbm3 --warmup-instructions 200000000 --ramulator-stats results/1c/hbm3/ramulator/648.exchange2_s-1227B.yaml --json results/1c/hbm3/champsim/648.exchange2_s-1227B.json traces/648.exchange2_s-1227B.champsimtrace.xz
300	:	1790230573.334	 18263.134	0	34697	0	0	./bin/champsim_goldencove_1c_hbm3 --warmup-instructions 200000000 --ramulator-stats results/1c/hbm3/ramulator/620.omnetpp_s-874B.yaml --json results/1c/hbm3/champsim/620.omnetpp_s-874B.json traces/620.omnetpp_s-874B.champsimtrace.xz
337	:	1790240983.047	  7908.802	0	33441	0	0	./bin/champsim_goldencove_1c_hbm3 --warmup-instructions 200000000 --ramulator-stats results/1c/hbm3/ramulator/648.exchange2_s-1511B.yaml --json results/1c/hbm3/champsim/648.exchange2_s-1511B.json traces/648.exchange2_s-1511B.champsimtrace.xz
336	:	1790240962.808	  7946.794	0	34244	0	0	./bin/champsim_goldencove_1c_hbm3 --warmup-instructions 200000000 --ramulator-stats results/1c/hbm3/ramulator/648.exchange2_s-1247B.yaml --json results/1c/hbm3/champsim/648.exchange2_s-1247B.json traces/648.exchange2_s-1247B.champsimtrace.xz
342	:	1790241642.151	  7280.282	0	33419	0	0	./bin/champsim_goldencove_1c_hbm3 --warmup-instructions 200000000 --ramulator-stats results/1c/hbm3/ramulator/648.exchange2_s-387B.yaml --json results/1c/hbm3/champsim/648.exchange2_s-387B.json traces/648.exchange2_s-387B.champsimtrace.xz
332	:	1790240359.330	  8829.501	0	34639	0	0	./bin/champsim_goldencove_1c_hbm3 --warmup-instructions 200000000 --ramulator-stats results/1c/hbm3/ramulator/644.nab_s-5853B.yaml --json results/1c/hbm3/champsim/644.nab_s-5853B.json traces/644.nab_s-5853B.champsimtrace.xz
351	:	1790243473.879	  5792.348	0	34168	0	0	./bin/champsim_goldencove_1c_hbm3 --warmup-instructions 200000000 --ramulator-stats results/1c/hbm3/ramulator/654.roms_s-1021B.yaml --json results/1c/hbm3/champsim/654.roms_s-1021B.json traces/654.roms_s-1021B.champsimtrace.xz
288	:	1790228274.515	 21045.526	0	34652	0	0	./bin/champsim_goldencove_1c_hbm3 --warmup-instructions 200000000 --ramulator-stats results/1c/hbm3/ramulator/605.mcf_s-665B.yaml --json results/1c/hbm3/champsim/605.mcf_s-665B.json traces/605.mcf_s-665B.champsimtrace.xz
333	:	1790240620.851	  8761.233	0	34223	0	0	./bin/champsim_goldencove_1c_hbm3 --warmup-instructions 200000000 --ramulator-stats results/1c/hbm3/ramulator/644.nab_s-7928B.yaml --json results/1c/hbm3/champsim/644.nab_s-7928B.json traces/644.nab_s-7928B.champsimtrace.xz
331	:	1790240013.264	  9425.591	0	34259	0	0	./bin/champsim_goldencove_1c_hbm3 --warmup-instructions 200000000 --ramulator-stats results/1c/hbm3/ramulator/644.nab_s-12521B.yaml --json results/1c/hbm3/champsim/644.nab_s-12521B.json traces/644.nab_s-12521B.champsimtrace.xz
341	:	1790241521.413	  8063.753	0	34227	0	0	./bin/champsim_goldencove_1c_hbm3 --warmup-instructions 200000000 --ramulator-stats results/1c/hbm3/ramulator/648.exchange2_s-353B.yaml --json results/1c/hbm3/champsim/648.exchange2_s-353B.json traces/648.exchange2_s-353B.champsimtrace.xz
334	:	1790240710.207	  8903.052	0	34208	0	0	./bin/champsim_goldencove_1c_hbm3 --warmup-instructions 200000000 --ramulator-stats results/1c/hbm3/ramulator/644.nab_s-9322B.yaml --json results/1c/hbm3/champsim/644.nab_s-9322B.json traces/644.nab_s-9322B.champsimtrace.xz
338	:	1790241176.960	  8541.588	0	33458	0	0	./bin/champsim_goldencove_1c_hbm3 --warmup-instructions 200000000 --ramulator-stats results/1c/hbm3/ramulator/648.exchange2_s-1699B.yaml --json results/1c/hbm3/champsim/648.exchange2_s-1699B.json traces/648.exchange2_s-1699B.champsimtrace.xz
286	:	1790228236.531	 21559.950	0	34718	0	0	./bin/champsim_goldencove_1c_hbm3 --warmup-instructions 200000000 --ramulator-stats results/1c/hbm3/ramulator/605.mcf_s-472B.yaml --json results/1c/hbm3/champsim/605.mcf_s-472B.json traces/605.mcf_s-472B.champsimtrace.xz
299	:	1790230454.346	 19363.845	0	34652	0	0	./bin/champsim_goldencove_1c_hbm3 --warmup-instructions 200000000 --ramulator-stats results/1c/hbm3/ramulator/620.omnetpp_s-141B.yaml --json results/1c/hbm3/champsim/620.omnetpp_s-141B.json traces/620.omnetpp_s-141B.champsimtrace.xz
339	:	1790241360.012	  8461.101	0	34263	0	0	./bin/champsim_goldencove_1c_hbm3 --warmup-instructions 200000000 --ramulator-stats results/1c/hbm3/ramulator/648.exchange2_s-1712B.yaml --json results/1c/hbm3/champsim/648.exchange2_s-1712B.json traces/648.exchange2_s-1712B.champsimtrace.xz
340	:	1790241383.539	  8440.030	0	34240	0	0	./bin/champsim_goldencove_1c_hbm3 --warmup-instructions 200000000 --ramulator-stats results/1c/hbm3/ramulator/648.exchange2_s-210B.yaml --json results/1c/hbm3/champsim/648.exchange2_s-210B.json traces/648.exchange2_s-210B.champsimtrace.xz
343	:	1790241892.908	  8265.934	0	34221	0	0	./bin/champsim_goldencove_1c_hbm3 --warmup-instructions 200000000 --ramulator-stats results/1c/hbm3/ramulator/648.exchange2_s-584B.yaml --json results/1c/hbm3/champsim/648.exchange2_s-584B.json traces/648.exchange2_s-584B.champsimtrace.xz
347	:	1790242238.359	  8006.210	0	34245	0	0	./bin/champsim_goldencove_1c_hbm3 --warmup-instructions 200000000 --ramulator-stats results/1c/hbm3/ramulator/649.fotonik3d_s-1B.yaml --json results/1c/hbm3/champsim/649.fotonik3d_s-1B.json traces/649.fotonik3d_s-1B.champsimtrace.xz
344	:	1790242036.848	  8364.392	0	34223	0	0	./bin/champsim_goldencove_1c_hbm3 --warmup-instructions 200000000 --ramulator-stats results/1c/hbm3/ramulator/648.exchange2_s-72B.yaml --json results/1c/hbm3/champsim/648.exchange2_s-72B.json traces/648.exchange2_s-72B.champsimtrace.xz
362	:	1790246108.933	  5094.403	0	34146	0	0	./bin/champsim_goldencove_1c_hbm3 --warmup-instructions 200000000 --ramulator-stats results/1c/hbm3/ramulator/657.xz_s-56B.yaml --json results/1c/hbm3/champsim/657.xz_s-56B.json traces/657.xz_s-56B.champsimtrace.xz
361	:	1790245226.267	  6643.269	0	34219	0	0	./bin/champsim_goldencove_1c_hbm3 --warmup-instructions 200000000 --ramulator-stats results/1c/hbm3/ramulator/657.xz_s-4994B.yaml --json results/1c/hbm3/champsim/657.xz_s-4994B.json traces/657.xz_s-4994B.champsimtrace.xz
358	:	1790244255.854	  8573.811	0	34286	0	0	./bin/champsim_goldencove_1c_hbm3 --warmup-instructions 200000000 --ramulator-stats results/1c/hbm3/ramulator/654.roms_s-842B.yaml --json results/1c/hbm3/champsim/654.roms_s-842B.json traces/654.roms_s-842B.champsimtrace.xz
360	:	1790245119.546	  7989.283	0	34275	0	0	./bin/champsim_goldencove_1c_hbm3 --warmup-instructions 200000000 --ramulator-stats results/1c/hbm3/ramulator/657.xz_s-3167B.yaml --json results/1c/hbm3/champsim/657.xz_s-3167B.json traces/657.xz_s-3167B.champsimtrace.xz
359	:	1790244790.463	  8815.029	0	34443	0	0	./bin/champsim_goldencove_1c_hbm3 --warmup-instructions 200000000 --ramulator-stats results/1c/hbm3/ramulator/657.xz_s-2302B.yaml --json results/1c/hbm3/champsim/657.xz_s-2302B.json traces/657.xz_s-2302B.champsimtrace.xz
356	:	1790244155.147	  9693.881	0	34399	0	0	./bin/champsim_goldencove_1c_hbm3 --warmup-instructions 200000000 --ramulator-stats results/1c/hbm3/ramulator/654.roms_s-294B.yaml --json results/1c/hbm3/champsim/654.roms_s-294B.json traces/654.roms_s-294B.champsimtrace.xz
354	:	1790243594.523	 10357.865	0	34477	0	0	./bin/champsim_goldencove_1c_hbm3 --warmup-instructions 200000000 --ramulator-stats results/1c/hbm3/ramulator/654.roms_s-1613B.yaml --json results/1c/hbm3/champsim/654.roms_s-1613B.json traces/654.roms_s-1613B.champsimtrace.xz
346	:	1790242216.811	 12092.561	0	34597	0	0	./bin/champsim_goldencove_1c_hbm3 --warmup-instructions 200000000 --ramulator-stats results/1c/hbm3/ramulator/649.fotonik3d_s-1176B.yaml --json results/1c/hbm3/champsim/649.fotonik3d_s-1176B.json traces/649.fotonik3d_s-1176B.champsimtrace.xz
305	:	1790233001.053	 21867.259	0	34676	0	0	./bin/champsim_goldencove_1c_hbm3 --warmup-instructions 200000000 --ramulator-stats results/1c/hbm3/ramulator/623.xalancbmk_s-10B.yaml --json results/1c/hbm3/champsim/623.xalancbmk_s-10B.json traces/623.xalancbmk_s-10B.champsimtrace.xz
349	:	1790243152.818	 11899.633	0	34614	0	0	./bin/champsim_goldencove_1c_hbm3 --warmup-instructions 200000000 --ramulator-stats results/1c/hbm3/ramulator/649.fotonik3d_s-8225B.yaml --json results/1c/hbm3/champsim/649.fotonik3d_s-8225B.json traces/649.fotonik3d_s-8225B.champsimtrace.xz
374	:	1790248922.439	  6345.101	0	34866	0	0	./bin/champsim_goldencove_1c_hbm3_llc --warmup-instructions 200000000 --ramulator-stats results/1c/hbm3_llc/ramulator/603.bwaves_s-3699B.yaml --json results/1c/hbm3_llc/champsim/603.bwaves_s-3699B.json traces/603.bwaves_s-3699B.champsimtrace.xz
375	:	1790249188.837	  6145.291	0	34905	0	0	./bin/champsim_goldencove_1c_hbm3_llc --warmup-instructions 200000000 --ramulator-stats results/1c/hbm3_llc/ramulator/603.bwaves_s-5359B.yaml --json results/1c/hbm3_llc/champsim/603.bwaves_s-5359B.json traces/603.bwaves_s-5359B.champsimtrace.xz
350	:	1790243218.899	 12261.735	0	34586	0	0	./bin/champsim_goldencove_1c_hbm3 --warmup-instructions 200000000 --ramulator-stats results/1c/hbm3/ramulator/654.roms_s-1007B.yaml --json results/1c/hbm3/champsim/654.roms_s-1007B.json traces/654.roms_s-1007B.champsimtrace.xz
352	:	1790243497.995	 12060.043	0	34609	0	0	./bin/champsim_goldencove_1c_hbm3 --warmup-instructions 200000000 --ramulator-stats results/1c/hbm3/ramulator/654.roms_s-1070B.yaml --json results/1c/hbm3/champsim/654.roms_s-1070B.json traces/654.roms_s-1070B.champsimtrace.xz
370	:	1790248807.405	  6786.964	0	34897	0	0	./bin/champsim_goldencove_1c_hbm3_llc --warmup-instructions 200000000 --ramulator-stats results/1c/hbm3_llc/ramulator/603.bwaves_s-1080B.yaml --json results/1c/hbm3_llc/champsim/603.bwaves_s-1080B.json traces/603.bwaves_s-1080B.champsimtrace.xz
363	:	1790246548.848	  9164.767	0	34998	0	0	./bin/champsim_goldencove_1c_hbm3_llc --warmup-instructions 200000000 --ramulator-stats results/1c/hbm3_llc/ramulator/600.perlbench_s-1273B.yaml --json results/1c/hbm3_llc/champsim/600.perlbench_s-1273B.json traces/600.perlbench_s-1273B.champsimtrace.xz
282	:	1790227656.594	 28131.824	0	34679	0	0	./bin/champsim_goldencove_1c_hbm3 --warmup-instructions 200000000 --ramulator-stats results/1c/hbm3/ramulator/605.mcf_s-1152B.yaml --json results/1c/hbm3/champsim/605.mcf_s-1152B.json traces/605.mcf_s-1152B.champsimtrace.xz
355	:	1790244026.160	 11798.404	0	34565	0	0	./bin/champsim_goldencove_1c_hbm3 --warmup-instructions 200000000 --ramulator-stats results/1c/hbm3/ramulator/654.roms_s-293B.yaml --json results/1c/hbm3/champsim/654.roms_s-293B.json traces/654.roms_s-293B.champsimtrace.xz
364	:	1790246973.068	  9108.322	0	35035	0	0	./bin/champsim_goldencove_1c_hbm3_llc --warmup-instructions 200000000 --ramulator-stats results/1c/hbm3_llc/ramulator/600.perlbench_s-210B.yaml --json results/1c/hbm3_llc/champsim/600.perlbench_s-210B.json traces/600.perlbench_s-210B.champsimtrace.xz
365	:	1790247122.663	  9165.207	0	35004	0	0	./bin/champsim_goldencove_1c_hbm3_llc --warmup-instructions 200000000 --ramulator-stats results/1c/hbm3_llc/ramulator/600.perlbench_s-570B.yaml --json results/1c/hbm3_llc/champsim/600.perlbench_s-570B.json traces/600.perlbench_s-570B.champsimtrace.xz
369	:	1790247961.517	  8379.240	0	34944	0	0	./bin/champsim_goldencove_1c_hbm3_llc --warmup-instructions 200000000 --ramulator-stats results/1c/hbm3_llc/ramulator/602.gcc_s-734B.yaml --json results/1c/hbm3_llc/champsim/602.gcc_s-734B.json traces/602.gcc_s-734B.champsimtrace.xz
348	:	1790242457.151	 13924.868	0	34440	0	0	./bin/champsim_goldencove_1c_hbm3 --warmup-instructions 200000000 --ramulator-stats results/1c/hbm3/ramulator/649.fotonik3d_s-7084B.yaml --json results/1c/hbm3/champsim/649.fotonik3d_s-7084B.json traces/649.fotonik3d_s-7084B.champsimtrace.xz
283	:	1790227690.293	 28830.865	0	34682	0	0	./bin/champsim_goldencove_1c_hbm3 --warmup-instructions 200000000 --ramulator-stats results/1c/hbm3/ramulator/605.mcf_s-1536B.yaml --json results/1c/hbm3/champsim/605.mcf_s-1536B.json traces/605.mcf_s-1536B.champsimtrace.xz
389	:	1790250401.255	  6282.680	0	34917	0	0	./bin/champsim_goldencove_1c_hbm3_llc --warmup-instructions 200000000 --ramulator-stats results/1c/hbm3_llc/ramulator/607.cactuBSSN_s-4248B.yaml --json results/1c/hbm3_llc/champsim/607.cactuBSSN_s-4248B.json traces/607.cactuBSSN_s-4248B.champsimtrace.xz
353	:	1790243587.613	 13227.638	0	34605	0	0	./bin/champsim_goldencove_1c_hbm3 --warmup-instructions 200000000 --ramulator-stats results/1c/hbm3/ramulator/654.roms_s-1390B.yaml --json results/1c/hbm3/champsim/654.roms_s-1390B.json traces/654.roms_s-1390B.champsimtrace.xz
357	:	1790244182.663	 12646.452	0	34606	0	0	./bin/champsim_goldencove_1c_hbm3 --warmup-instructions 200000000 --ramulator-stats results/1c/hbm3/ramulator/654.roms_s-523B.yaml --json results/1c/hbm3/champsim/654.roms_s-523B.json traces/654.roms_s-523B.champsimtrace.xz
368	:	1790247713.883	  9237.774	0	35129	0	0	./bin/champsim_goldencove_1c_hbm3_llc --warmup-instructions 200000000 --ramulator-stats results/1c/hbm3_llc/ramulator/602.gcc_s-2375B.yaml --json results/1c/hbm3_llc/champsim/602.gcc_s-2375B.json traces/602.gcc_s-2375B.champsimtrace.xz
345	:	1790242070.876	 16366.524	0	34666	0	0	./bin/champsim_goldencove_1c_hbm3 --warmup-instructions 200000000 --ramulator-stats results/1c/hbm3/ramulator/649.fotonik3d_s-10881B.yaml --json results/1c/hbm3/champsim/649.fotonik3d_s-10881B.json traces/649.fotonik3d_s-10881B.champsimtrace.xz
284	:	1790227889.650	 32290.508	0	34694	0	0	./bin/champsim_goldencove_1c_hbm3 --warmup-instructions 200000000 --ramulator-stats results/1c/hbm3/ramulator/605.mcf_s-1554B.yaml --json results/1c/hbm3/champsim/605.mcf_s-1554B.json traces/605.mcf_s-1554B.champsimtrace.xz
373	:	1790248909.609	 11452.493	0	34788	0	0	./bin/champsim_goldencove_1c_hbm3_llc --warmup-instructions 200000000 --ramulator-stats results/1c/hbm3_llc/ramulator/603.bwaves_s-2931B.yaml --json results/1c/hbm3_llc/champsim/603.bwaves_s-2931B.json traces/603.bwaves_s-2931B.champsimtrace.xz
366	:	1790247259.546	 13955.726	0	35394	0	0	./bin/champsim_goldencove_1c_hbm3_llc --warmup-instructions 200000000 --ramulator-stats results/1c/hbm3_llc/ramulator/602.gcc_s-1850B.yaml --json results/1c/hbm3_llc/champsim/602.gcc_s-1850B.json traces/602.gcc_s-1850B.champsimtrace.xz
386	:	1790249823.575	 11461.592	0	35020	0	0	./bin/champsim_goldencove_1c_hbm3_llc --warmup-instructions 200000000 --ramulator-stats results/1c/hbm3_llc/ramulator/607.cactuBSSN_s-2421B.yaml --json results/1c/hbm3_llc/champsim/607.cactuBSSN_s-2421B.json traces/607.cactuBSSN_s-2421B.champsimtrace.xz
415	:	1790256829.122	  4693.792	0	34662	0	0	./bin/champsim_goldencove_1c_hbm3_llc --warmup-instructions 200000000 --ramulator-stats results/1c/hbm3_llc/ramulator/638.imagick_s-10316B.yaml --json results/1c/hbm3_llc/champsim/638.imagick_s-10316B.json traces/638.imagick_s-10316B.champsimtrace.xz
371	:	1790248836.473	 13171.184	0	35379	0	0	./bin/champsim_goldencove_1c_hbm3_llc --warmup-instructions 200000000 --ramulator-stats results/1c/hbm3_llc/ramulator/603.bwaves_s-1740B.yaml --json results/1c/hbm3_llc/champsim/603.bwaves_s-1740B.json traces/603.bwaves_s-1740B.champsimtrace.xz
387	:	1790250158.848	 11885.072	0	35117	0	0	./bin/champsim_goldencove_1c_hbm3_llc --warmup-instructions 200000000 --ramulator-stats results/1c/hbm3_llc/ramulator/607.cactuBSSN_s-3477B.yaml --json results/1c/hbm3_llc/champsim/607.cactuBSSN_s-3477B.json traces/607.cactuBSSN_s-3477B.champsimtrace.xz
372	:	1790248891.853	 13162.854	0	35352	0	0	./bin/champsim_goldencove_1c_hbm3_llc --warmup-instructions 200000000 --ramulator-stats results/1c/hbm3_llc/ramulator/603.bwaves_s-2609B.yaml --json results/1c/hbm3_llc/champsim/603.bwaves_s-2609B.json traces/603.bwaves_s-2609B.champsimtrace.xz
376	:	1790249266.232	 12855.886	0	35373	0	0	./bin/champsim_goldencove_1c_hbm3_llc --warmup-instructions 200000000 --ramulator-stats results/1c/hbm3_llc/ramulator/603.bwaves_s-891B.yaml --json results/1c/hbm3_llc/champsim/603.bwaves_s-891B.json traces/603.bwaves_s-891B.champsimtrace.xz
388	:	1790250244.576	 11911.344	0	35037	0	0	./bin/champsim_goldencove_1c_hbm3_llc --warmup-instructions 200000000 --ramulator-stats results/1c/hbm3_llc/ramulator/607.cactuBSSN_s-4004B.yaml --json results/1c/hbm3_llc/champsim/607.cactuBSSN_s-4004B.json traces/607.cactuBSSN_s-4004B.champsimtrace.xz
396	:	1790253952.394	  9264.401	0	34994	0	0	./bin/champsim_goldencove_1c_hbm3_llc --warmup-instructions 200000000 --ramulator-stats results/1c/hbm3_llc/ramulator/621.wrf_s-575B.yaml --json results/1c/hbm3_llc/champsim/621.wrf_s-575B.json traces/621.wrf_s-575B.champsimtrace.xz
407	:	1790255824.572	  7429.494	0	34946	0	0	./bin/champsim_goldencove_1c_hbm3_llc --warmup-instructions 200000000 --ramulator-stats results/1c/hbm3_llc/ramulator/625.x264_s-18B.yaml --json results/1c/hbm3_llc/champsim/625.x264_s-18B.json traces/625.x264_s-18B.champsimtrace.xz
397	:	1790254309.378	  9125.514	0	35035	0	0	./bin/champsim_goldencove_1c_hbm3_llc --warmup-instructions 200000000 --ramulator-stats results/1c/hbm3_llc/ramulator/621.wrf_s-6673B.yaml --json results/1c/hbm3_llc/champsim/621.wrf_s-6673B.json traces/621.wrf_s-6673B.champsimtrace.xz
406	:	1790255788.425	  7691.314	0	34930	0	0	./bin/champsim_goldencove_1c_hbm3_llc --warmup-instructions 200000000 --ramulator-stats results/1c/hbm3_llc/ramulator/625.x264_s-12B.yaml --json results/1c/hbm3_llc/champsim/625.x264_s-12B.json traces/625.x264_s-12B.champsimtrace.xz
412	:	1790256521.163	  6959.694	0	34934	0	0	./bin/champsim_goldencove_1c_hbm3_llc --warmup-instructions 200000000 --ramulator-stats results/1c/hbm3_llc/ramulator/627.cam4_s-573B.yaml --json results/1c/hbm3_llc/champsim/627.cam4_s-573B.json traces/627.cam4_s-573B.champsimtrace.xz
408	:	1790256081.395	  7446.512	0	34938	0	0	./bin/champsim_goldencove_1c_hbm3_llc --warmup-instructions 200000000 --ramulator-stats results/1c/hbm3_llc/ramulator/625.x264_s-20B.yaml --json results/1c/hbm3_llc/champsim/625.x264_s-20B.json traces/625.x264_s-20B.champsimtrace.xz
380	:	1790249585.172	 14061.341	0	35478	0	0	./bin/champsim_goldencove_1c_hbm3_llc --warmup-instructions 200000000 --ramulator-stats results/1c/hbm3_llc/ramulator/605.mcf_s-1644B.yaml --json results/1c/hbm3_llc/champsim/605.mcf_s-1644B.json traces/605.mcf_s-1644B.champsimtrace.xz
410	:	1790256340.764	  7372.230	0	34947	0	0	./bin/champsim_goldencove_1c_hbm3_llc --warmup-instructions 200000000 --ramulator-stats results/1c/hbm3_llc/ramulator/625.x264_s-39B.yaml --json results/1c/hbm3_llc/champsim/625.x264_s-39B.json traces/625.x264_s-39B.champsimtrace.xz
409	:	1790256287.877	  7442.010	0	34947	0	0	./bin/champsim_goldencove_1c_hbm3_llc --warmup-instructions 200000000 --ramulator-stats results/1c/hbm3_llc/ramulator/625.x264_s-33B.yaml --json results/1c/hbm3_llc/champsim/625.x264_s-33B.json traces/625.x264_s-33B.champsimtrace.xz
398	:	1790254868.320	  9128.373	0	35023	0	0	./bin/champsim_goldencove_1c_hbm3_llc --warmup-instructions 200000000 --ramulator-stats results/1c/hbm3_llc/ramulator/621.wrf_s-8065B.yaml --json results/1c/hbm3_llc/champsim/621.wrf_s-8065B.json traces/621.wrf_s-8065B.champsimtrace.xz
399	:	1790255052.456	  9041.916	0	35041	0	0	./bin/champsim_goldencove_1c_hbm3_llc --warmup-instructions 200000000 --ramulator-stats results/1c/hbm3_llc/ramulator/621.wrf_s-8100B.yaml --json results/1c/hbm3_llc/champsim/621.wrf_s-8100B.json traces/621.wrf_s-8100B.champsimtrace.xz
401	:	1790255334.133	  8925.028	0	34976	0	0	./bin/champsim_goldencove_1c_hbm3_llc --warmup-instructions 200000000 --ramulator-stats results/1c/hbm3_llc/ramulator/623.xalancbmk_s-165B.yaml --json results/1c/hbm3_llc/champsim/623.xalancbmk_s-165B.json traces/623.xalancbmk_s-165B.champsimtrace.xz
413	:	1790256683.942	  7691.922	0	34963	0	0	./bin/champsim_goldencove_1c_hbm3_llc --warmup-instructions 200000000 --ramulator-stats results/1c/hbm3_llc/ramulator/628.pop2_s-17B.yaml --json results/1c/hbm3_llc/champsim/628.pop2_s-17B.json traces/628.pop2_s-17B.champsimtrace.xz
416	:	1790256951.664	  7579.506	0	34994	0	0	./bin/champsim_goldencove_1c_hbm3_llc --warmup-instructions 200000000 --ramulator-stats results/1c/hbm3_llc/ramulator/638.imagick_s-4128B.yaml --json results/1c/hbm3_llc/champsim/638.imagick_s-4128B.json traces/638.imagick_s-4128B.champsimtrace.xz
402	:	1790255480.639	  9071.068	0	34979	0	0	./bin/champsim_goldencove_1c_hbm3_llc --warmup-instructions 200000000 --ramulator-stats results/1c/hbm3_llc/ramulator/623.xalancbmk_s-202B.yaml --json results/1c/hbm3_llc/champsim/623.xalancbmk_s-202B.json traces/623.xalancbmk_s-202B.champsimtrace.xz
390	:	1790251203.344	 13559.712	0	35374	0	0	./bin/champsim_goldencove_1c_hbm3_llc --warmup-instructions 200000000 --ramulator-stats results/1c/hbm3_llc/ramulator/619.lbm_s-2676B.yaml --json results/1c/hbm3_llc/champsim/619.lbm_s-2676B.json traces/619.lbm_s-2676B.champsimtrace.xz
411	:	1790256382.026	  8535.496	0	34976	0	0	./bin/champsim_goldencove_1c_hbm3_llc --warmup-instructions 200000000 --ramulator-stats results/1c/hbm3_llc/ramulator/627.cam4_s-490B.yaml --json results/1c/hbm3_llc/champsim/627.cam4_s-490B.json traces/627.cam4_s-490B.champsimtrace.xz
383	:	1790249796.488	 15401.358	0	35385	0	0	./bin/champsim_goldencove_1c_hbm3_llc --warmup-instructions 200000000 --ramulator-stats results/1c/hbm3_llc/ramulator/605.mcf_s-665B.yaml --json results/1c/hbm3_llc/champsim/605.mcf_s-665B.json traces/605.mcf_s-665B.champsimtrace.xz
403	:	1790255558.043	 10051.742	0	35096	0	0	./bin/champsim_goldencove_1c_hbm3_llc --warmup-instructions 200000000 --ramulator-stats results/1c/hbm3_llc/ramulator/623.xalancbmk_s-325B.yaml --json results/1c/hbm3_llc/champsim/623.xalancbmk_s-325B.json traces/623.xalancbmk_s-325B.champsimtrace.xz
404	:	1790255594.375	 10103.744	0	35097	0	0	./bin/champsim_goldencove_1c_hbm3_llc --warmup-instructions 200000000 --ramulator-stats results/1c/hbm3_llc/ramulator/623.xalancbmk_s-592B.yaml --json results/1c/hbm3_llc/champsim/623.xalancbmk_s-592B.json traces/623.xalancbmk_s-592B.champsimtrace.xz
391	:	1790251869.543	 13983.464	0	35380	0	0	./bin/champsim_goldencove_1c_hbm3_llc --warmup-instructions 200000000 --ramulator-stats results/1c/hbm3_llc/ramulator/619.lbm_s-2677B.yaml --json results/1c/hbm3_llc/champsim/619.lbm_s-2677B.json traces/619.lbm_s-2677B.champsimtrace.xz
414	:	1790256815.258	  9111.164	0	34979	0	0	./bin/champsim_goldencove_1c_hbm3_llc --warmup-instructions 200000000 --ramulator-stats results/1c/hbm3_llc/ramulator/631.deepsjeng_s-928B.yaml --json results/1c/hbm3_llc/champsim/631.deepsjeng_s-928B.json traces/631.deepsjeng_s-928B.champsimtrace.xz
417	:	1790258437.406	  8011.731	0	34931	0	0	./bin/champsim_goldencove_1c_hbm3_llc --warmup-instructions 200000000 --ramulator-stats results/1c/hbm3_llc/ramulator/638.imagick_s-824B.yaml --json results/1c/hbm3_llc/champsim/638.imagick_s-824B.json traces/638.imagick_s-824B.champsimtrace.xz
405	:	1790255713.623	 10857.706	0	35292	0	0	./bin/champsim_goldencove_1c_hbm3_llc --warmup-instructions 200000000 --ramulator-stats results/1c/hbm3_llc/ramulator/623.xalancbmk_s-700B.yaml --json results/1c/hbm3_llc/champsim/623.xalancbmk_s-700B.json traces/623.xalancbmk_s-700B.champsimtrace.xz
393	:	1790253108.837	 13488.800	0	35373	0	0	./bin/champsim_goldencove_1c_hbm3_llc --warmup-instructions 200000000 --ramulator-stats results/1c/hbm3_llc/ramulator/619.lbm_s-4268B.yaml --json results/1c/hbm3_llc/champsim/619.lbm_s-4268B.json traces/619.lbm_s-4268B.champsimtrace.xz
385	:	1790249821.118	 17500.838	0	35388	0	0	./bin/champsim_goldencove_1c_hbm3_llc --warmup-instructions 200000000 --ramulator-stats results/1c/hbm3_llc/ramulator/605.mcf_s-994B.yaml --json results/1c/hbm3_llc/champsim/605.mcf_s-994B.json traces/605.mcf_s-994B.champsimtrace.xz
392	:	1790252829.671	 14518.800	0	35345	0	0	./bin/champsim_goldencove_1c_hbm3_llc --warmup-instructions 200000000 --ramulator-stats results/1c/hbm3_llc/ramulator/619.lbm_s-3766B.yaml --json results/1c/hbm3_llc/champsim/619.lbm_s-3766B.json traces/619.lbm_s-3766B.champsimtrace.xz
395	:	1790253849.033	 13839.545	0	35388	0	0	./bin/champsim_goldencove_1c_hbm3_llc --warmup-instructions 200000000 --ramulator-stats results/1c/hbm3_llc/ramulator/620.omnetpp_s-874B.yaml --json results/1c/hbm3_llc/champsim/620.omnetpp_s-874B.json traces/620.omnetpp_s-874B.champsimtrace.xz
394	:	1790253605.500	 14244.835	0	35384	0	0	./bin/champsim_goldencove_1c_hbm3_llc --warmup-instructions 200000000 --ramulator-stats results/1c/hbm3_llc/ramulator/620.omnetpp_s-141B.yaml --json results/1c/hbm3_llc/champsim/620.omnetpp_s-141B.json traces/620.omnetpp_s-141B.champsimtrace.xz
400	:	1790255267.547	 12790.970	0	35378	0	0	./bin/champsim_goldencove_1c_hbm3_llc --warmup-instructions 200000000 --ramulator-stats results/1c/hbm3_llc/ramulator/623.xalancbmk_s-10B.yaml --json results/1c/hbm3_llc/champsim/623.xalancbmk_s-10B.json traces/623.xalancbmk_s-10B.champsimtrace.xz
378	:	1790249382.090	 19213.347	0	35417	0	0	./bin/champsim_goldencove_1c_hbm3_llc --warmup-instructions 200000000 --ramulator-stats results/1c/hbm3_llc/ramulator/605.mcf_s-1536B.yaml --json results/1c/hbm3_llc/champsim/605.mcf_s-1536B.json traces/605.mcf_s-1536B.champsimtrace.xz
377	:	1790249320.048	 19428.698	0	35411	0	0	./bin/champsim_goldencove_1c_hbm3_llc --warmup-instructions 200000000 --ramulator-stats results/1c/hbm3_llc/ramulator/605.mcf_s-1152B.yaml --json results/1c/hbm3_llc/champsim/605.mcf_s-1152B.json traces/605.mcf_s-1152B.champsimtrace.xz
381	:	1790249613.264	 19147.496	0	35435	0	0	./bin/champsim_goldencove_1c_hbm3_llc --warmup-instructions 200000000 --ramulator-stats results/1c/hbm3_llc/ramulator/605.mcf_s-472B.yaml --json results/1c/hbm3_llc/champsim/605.mcf_s-472B.json traces/605.mcf_s-472B.champsimtrace.xz
418	:	1790260180.165	  8692.907	0	34999	0	0	./bin/champsim_goldencove_1c_hbm3_llc --warmup-instructions 200000000 --ramulator-stats results/1c/hbm3_llc/ramulator/641.leela_s-1052B.yaml --json results/1c/hbm3_llc/champsim/641.leela_s-1052B.json traces/641.leela_s-1052B.champsimtrace.xz
419	:	1790260362.108	  8589.756	0	35041	0	0	./bin/champsim_goldencove_1c_hbm3_llc --warmup-instructions 200000000 --ramulator-stats results/1c/hbm3_llc/ramulator/641.leela_s-1083B.yaml --json results/1c/hbm3_llc/champsim/641.leela_s-1083B.json traces/641.leela_s-1083B.champsimtrace.xz
379	:	1790249438.862	 19690.358	0	35419	0	0	./bin/champsim_goldencove_1c_hbm3_llc --warmup-instructions 200000000 --ramulator-stats results/1c/hbm3_llc/ramulator/605.mcf_s-1554B.yaml --json results/1c/hbm3_llc/champsim/605.mcf_s-1554B.json traces/605.mcf_s-1554B.champsimtrace.xz
425	:	1790262054.715	  7308.569	0	34920	0	0	./bin/champsim_goldencove_1c_hbm3_llc --warmup-instructions 200000000 --ramulator-stats results/1c/hbm3_llc/ramulator/644.nab_s-12459B.yaml --json results/1c/hbm3_llc/champsim/644.nab_s-12459B.json traces/644.nab_s-12459B.champsimtrace.xz
420	:	1790261215.278	  8438.239	0	34934	0	0	./bin/champsim_goldencove_1c_hbm3_llc --warmup-instructions 200000000 --ramulator-stats results/1c/hbm3_llc/ramulator/641.leela_s-149B.yaml --json results/1c/hbm3_llc/champsim/641.leela_s-149B.json traces/641.leela_s-149B.champsimtrace.xz
421	:	1790261285.174	  8706.687	0	35022	0	0	./bin/champsim_goldencove_1c_hbm3_llc --warmup-instructions 200000000 --ramulator-stats results/1c/hbm3_llc/ramulator/641.leela_s-334B.yaml --json results/1c/hbm3_llc/champsim/641.leela_s-334B.json traces/641.leela_s-334B.champsimtrace.xz
422	:	1790261522.921	  8546.944	0	35008	0	0	./bin/champsim_goldencove_1c_hbm3_llc --warmup-instructions 200000000 --ramulator-stats results/1c/hbm3_llc/ramulator/641.leela_s-602B.yaml --json results/1c/hbm3_llc/champsim/641.leela_s-602B.json traces/641.leela_s-602B.champsimtrace.xz
423	:	1790262007.675	  8295.656	0	35005	0	0	./bin/champsim_goldencove_1c_hbm3_llc --warmup-instructions 200000000 --ramulator-stats results/1c/hbm3_llc/ramulator/641.leela_s-800B.yaml --json results/1c/hbm3_llc/champsim/641.leela_s-800B.json traces/641.leela_s-800B.champsimtrace.xz
424	:	1790262043.927	  8437.009	0	34996	0	0	./bin/champsim_goldencove_1c_hbm3_llc --warmup-instructions 200000000 --ramulator-stats results/1c/hbm3_llc/ramulator/641.leela_s-862B.yaml --json results/1c/hbm3_llc/champsim/641.leela_s-862B.json traces/641.leela_s-862B.champsimtrace.xz
427	:	1790262155.928	  9211.569	0	35369	0	0	./bin/champsim_goldencove_1c_hbm3_llc --warmup-instructions 200000000 --ramulator-stats results/1c/hbm3_llc/ramulator/644.nab_s-5853B.yaml --json results/1c/hbm3_llc/champsim/644.nab_s-5853B.json traces/644.nab_s-5853B.champsimtrace.xz
430	:	1790263434.901	  8055.667	0	34982	0	0	./bin/champsim_goldencove_1c_hbm3_llc --warmup-instructions 200000000 --ramulator-stats results/1c/hbm3_llc/ramulator/648.exchange2_s-1227B.yaml --json results/1c/hbm3_llc/champsim/648.exchange2_s-1227B.json traces/648.exchange2_s-1227B.champsimtrace.xz
446	:	1790265609.790	  5911.000	0	34903	0	0	./bin/champsim_goldencove_1c_hbm3_llc --warmup-instructions 200000000 --ramulator-stats results/1c/hbm3_llc/ramulator/654.roms_s-1021B.yaml --json results/1c/hbm3_llc/champsim/654.roms_s-1021B.json traces/654.roms_s-1021B.champsimtrace.xz
437	:	1790263996.703	  7593.037	0	34150	0	0	./bin/champsim_goldencove_1c_hbm3_llc --warmup-instructions 200000000 --ramulator-stats results/1c/hbm3_llc/ramulator/648.exchange2_s-387B.yaml --json results/1c/hbm3_llc/champsim/648.exchange2_s-387B.json traces/648.exchange2_s-387B.champsimtrace.xz
432	:	1790263480.868	  8160.022	0	34171	0	0	./bin/champsim_goldencove_1c_hbm3_llc --warmup-instructions 200000000 --ramulator-stats results/1c/hbm3_llc/ramulator/648.exchange2_s-1511B.yaml --json results/1c/hbm3_llc/champsim/648.exchange2_s-1511B.json traces/648.exchange2_s-1511B.champsimtrace.xz
426	:	1790262122.125	  9529.721	0	34996	0	0	./bin/champsim_goldencove_1c_hbm3_llc --warmup-instructions 200000000 --ramulator-stats results/1c/hbm3_llc/ramulator/644.nab_s-12521B.yaml --json results/1c/hbm3_llc/champsim/644.nab_s-12521B.json traces/644.nab_s-12521B.champsimtrace.xz
431	:	1790263479.748	  8227.813	0	34976	0	0	./bin/champsim_goldencove_1c_hbm3_llc --warmup-instructions 200000000 --ramulator-stats results/1c/hbm3_llc/ramulator/648.exchange2_s-1247B.yaml --json results/1c/hbm3_llc/champsim/648.exchange2_s-1247B.json traces/648.exchange2_s-1247B.champsimtrace.xz
382	:	1790249718.556	 22348.851	0	35469	0	0	./bin/champsim_goldencove_1c_hbm3_llc --warmup-instructions 200000000 --ramulator-stats results/1c/hbm3_llc/ramulator/605.mcf_s-484B.yaml --json results/1c/hbm3_llc/champsim/605.mcf_s-484B.json traces/605.mcf_s-484B.champsimtrace.xz
436	:	1790263729.894	  8435.497	0	34956	0	0	./bin/champsim_goldencove_1c_hbm3_llc --warmup-instructions 200000000 --ramulator-stats results/1c/hbm3_llc/ramulator/648.exchange2_s-353B.yaml --json results/1c/hbm3_llc/champsim/648.exchange2_s-353B.json traces/648.exchange2_s-353B.champsimtrace.xz
433	:	1790263527.915	  8714.615	0	34190	0	0	./bin/champsim_goldencove_1c_hbm3_llc --warmup-instructions 200000000 --ramulator-stats results/1c/hbm3_llc/ramulator/648.exchange2_s-1699B.yaml --json results/1c/hbm3_llc/champsim/648.exchange2_s-1699B.json traces/648.exchange2_s-1699B.champsimtrace.xz
434	:	1790263646.518	  8636.623	0	34996	0	0	./bin/champsim_goldencove_1c_hbm3_llc --warmup-instructions 200000000 --ramulator-stats results/1c/hbm3_llc/ramulator/648.exchange2_s-1712B.yaml --json results/1c/hbm3_llc/champsim/648.exchange2_s-1712B.json traces/648.exchange2_s-1712B.champsimtrace.xz
428	:	1790263216.803	  9078.805	0	34968	0	0	./bin/champsim_goldencove_1c_hbm3_llc --warmup-instructions 200000000 --ramulator-stats results/1c/hbm3_llc/ramulator/644.nab_s-7928B.yaml --json results/1c/hbm3_llc/champsim/644.nab_s-7928B.json traces/644.nab_s-7928B.champsimtrace.xz
429	:	1790263254.073	  9092.344	0	34892	0	0	./bin/champsim_goldencove_1c_hbm3_llc --warmup-instructions 200000000 --ramulator-stats results/1c/hbm3_llc/ramulator/644.nab_s-9322B.yaml --json results/1c/hbm3_llc/champsim/644.nab_s-9322B.json traces/644.nab_s-9322B.champsimtrace.xz
435	:	1790263713.000	  8773.392	0	34973	0	0	./bin/champsim_goldencove_1c_hbm3_llc --warmup-instructions 200000000 --ramulator-stats results/1c/hbm3_llc/ramulator/648.exchange2_s-210B.yaml --json results/1c/hbm3_llc/champsim/648.exchange2_s-210B.json traces/648.exchange2_s-210B.champsimtrace.xz
439	:	1790264259.169	  8360.302	0	34960	0	0	./bin/champsim_goldencove_1c_hbm3_llc --warmup-instructions 200000000 --ramulator-stats results/1c/hbm3_llc/ramulator/648.exchange2_s-72B.yaml --json results/1c/hbm3_llc/champsim/648.exchange2_s-72B.json traces/648.exchange2_s-72B.champsimtrace.xz
442	:	1790264551.713	  8111.648	0	34977	0	0	./bin/champsim_goldencove_1c_hbm3_llc --warmup-instructions 200000000 --ramulator-stats results/1c/hbm3_llc/ramulator/649.fotonik3d_s-1B.yaml --json results/1c/hbm3_llc/champsim/649.fotonik3d_s-1B.json traces/649.fotonik3d_s-1B.champsimtrace.xz
438	:	1790264094.378	  8617.599	0	34953	0	0	./bin/champsim_goldencove_1c_hbm3_llc --warmup-instructions 200000000 --ramulator-stats results/1c/hbm3_llc/ramulator/648.exchange2_s-584B.yaml --json results/1c/hbm3_llc/champsim/648.exchange2_s-584B.json traces/648.exchange2_s-584B.champsimtrace.xz
457	:	1790268058.525	  5333.063	0	34878	0	0	./bin/champsim_goldencove_1c_hbm3_llc --warmup-instructions 200000000 --ramulator-stats results/1c/hbm3_llc/ramulator/657.xz_s-56B.yaml --json results/1c/hbm3_llc/champsim/657.xz_s-56B.json traces/657.xz_s-56B.champsimtrace.xz
456	:	1790267850.342	  6745.517	0	34957	0	0	./bin/champsim_goldencove_1c_hbm3_llc --warmup-instructions 200000000 --ramulator-stats results/1c/hbm3_llc/ramulator/657.xz_s-4994B.yaml --json results/1c/hbm3_llc/champsim/657.xz_s-4994B.json traces/657.xz_s-4994B.champsimtrace.xz
454	:	1790267348.482	  7818.876	0	34973	0	0	./bin/champsim_goldencove_1c_hbm3_llc --warmup-instructions 200000000 --ramulator-stats results/1c/hbm3_llc/ramulator/657.xz_s-2302B.yaml --json results/1c/hbm3_llc/champsim/657.xz_s-2302B.json traces/657.xz_s-2302B.champsimtrace.xz
455	:	1790267688.582	  7561.970	0	34951	0	0	./bin/champsim_goldencove_1c_hbm3_llc --warmup-instructions 200000000 --ramulator-stats results/1c/hbm3_llc/ramulator/657.xz_s-3167B.yaml --json results/1c/hbm3_llc/champsim/657.xz_s-3167B.json traces/657.xz_s-3167B.champsimtrace.xz
453	:	1790267321.962	  8769.435	0	35008	0	0	./bin/champsim_goldencove_1c_hbm3_llc --warmup-instructions 200000000 --ramulator-stats results/1c/hbm3_llc/ramulator/654.roms_s-842B.yaml --json results/1c/hbm3_llc/champsim/654.roms_s-842B.json traces/654.roms_s-842B.champsimtrace.xz
465	:	1790269653.524	  6617.815	0	34179	0	0	./bin/champsim_goldencove_1c_hbm4 --warmup-instructions 200000000 --ramulator-stats results/1c/hbm4/ramulator/603.bwaves_s-1080B.yaml --json results/1c/hbm4/champsim/603.bwaves_s-1080B.json traces/603.bwaves_s-1080B.champsimtrace.xz
449	:	1790265926.426	 10445.299	0	35151	0	0	./bin/champsim_goldencove_1c_hbm3_llc --warmup-instructions 200000000 --ramulator-stats results/1c/hbm3_llc/ramulator/654.roms_s-1613B.yaml --json results/1c/hbm3_llc/champsim/654.roms_s-1613B.json traces/654.roms_s-1613B.champsimtrace.xz
451	:	1790266571.334	 10051.720	0	35147	0	0	./bin/champsim_goldencove_1c_hbm3_llc --warmup-instructions 200000000 --ramulator-stats results/1c/hbm3_llc/ramulator/654.roms_s-294B.yaml --json results/1c/hbm3_llc/champsim/654.roms_s-294B.json traces/654.roms_s-294B.champsimtrace.xz
469	:	1790270480.942	  6366.894	0	34125	0	0	./bin/champsim_goldencove_1c_hbm4 --warmup-instructions 200000000 --ramulator-stats results/1c/hbm4/ramulator/603.bwaves_s-3699B.yaml --json results/1c/hbm4/champsim/603.bwaves_s-3699B.json traces/603.bwaves_s-3699B.champsimtrace.xz
367	:	1790247409.106	 30019.774	0	35441	0	0	./bin/champsim_goldencove_1c_hbm3_llc --warmup-instructions 200000000 --ramulator-stats results/1c/hbm3_llc/ramulator/602.gcc_s-2226B.yaml --json results/1c/hbm3_llc/champsim/602.gcc_s-2226B.json traces/602.gcc_s-2226B.champsimtrace.xz
470	:	1790271367.503	  6186.635	0	34171	0	0	./bin/champsim_goldencove_1c_hbm4 --warmup-instructions 200000000 --ramulator-stats results/1c/hbm4/ramulator/603.bwaves_s-5359B.yaml --json results/1c/hbm4/champsim/603.bwaves_s-5359B.json traces/603.bwaves_s-5359B.champsimtrace.xz
445	:	1790265197.853	 12387.131	0	35306	0	0	./bin/champsim_goldencove_1c_hbm3_llc --warmup-instructions 200000000 --ramulator-stats results/1c/hbm3_llc/ramulator/654.roms_s-1007B.yaml --json results/1c/hbm3_llc/champsim/654.roms_s-1007B.json traces/654.roms_s-1007B.champsimtrace.xz
458	:	1790268595.442	  9175.398	0	34279	0	0	./bin/champsim_goldencove_1c_hbm4 --warmup-instructions 200000000 --ramulator-stats results/1c/hbm4/ramulator/600.perlbench_s-1273B.yaml --json results/1c/hbm4/champsim/600.perlbench_s-1273B.json traces/600.perlbench_s-1273B.champsimtrace.xz
447	:	1790265698.125	 12076.161	0	35336	0	0	./bin/champsim_goldencove_1c_hbm3_llc --warmup-instructions 200000000 --ramulator-stats results/1c/hbm3_llc/ramulator/654.roms_s-1070B.yaml --json results/1c/hbm3_llc/champsim/654.roms_s-1070B.json traces/654.roms_s-1070B.champsimtrace.xz
460	:	1790268760.767	  9194.781	0	34283	0	0	./bin/champsim_goldencove_1c_hbm4 --warmup-instructions 200000000 --ramulator-stats results/1c/hbm4/ramulator/600.perlbench_s-570B.yaml --json results/1c/hbm4/champsim/600.perlbench_s-570B.json traces/600.perlbench_s-570B.champsimtrace.xz
459	:	1790268748.754	  9315.466	0	34315	0	0	./bin/champsim_goldencove_1c_hbm4 --warmup-instructions 200000000 --ramulator-stats results/1c/hbm4/ramulator/600.perlbench_s-210B.yaml --json results/1c/hbm4/champsim/600.perlbench_s-210B.json traces/600.perlbench_s-210B.champsimtrace.xz
464	:	1790269363.292	  9181.294	0	34240	0	0	./bin/champsim_goldencove_1c_hbm4 --warmup-instructions 200000000 --ramulator-stats results/1c/hbm4/ramulator/602.gcc_s-734B.yaml --json results/1c/hbm4/champsim/602.gcc_s-734B.json traces/602.gcc_s-734B.champsimtrace.xz
463	:	1790269129.225	  9516.447	0	34593	0	0	./bin/champsim_goldencove_1c_hbm4 --warmup-instructions 200000000 --ramulator-stats results/1c/hbm4/ramulator/602.gcc_s-2375B.yaml --json results/1c/hbm4/champsim/602.gcc_s-2375B.json traces/602.gcc_s-2375B.champsimtrace.xz
450	:	1790266449.143	 12409.001	0	35295	0	0	./bin/champsim_goldencove_1c_hbm3_llc --warmup-instructions 200000000 --ramulator-stats results/1c/hbm3_llc/ramulator/654.roms_s-293B.yaml --json results/1c/hbm3_llc/champsim/654.roms_s-293B.json traces/654.roms_s-293B.champsimtrace.xz
484	:	1790272619.477	  6246.855	0	34135	0	0	./bin/champsim_goldencove_1c_hbm4 --warmup-instructions 200000000 --ramulator-stats results/1c/hbm4/ramulator/607.cactuBSSN_s-4248B.yaml --json results/1c/hbm4/champsim/607.cactuBSSN_s-4248B.json traces/607.cactuBSSN_s-4248B.champsimtrace.xz
448	:	1790265853.016	 13457.631	0	35341	0	0	./bin/champsim_goldencove_1c_hbm3_llc --warmup-instructions 200000000 --ramulator-stats results/1c/hbm3_llc/ramulator/654.roms_s-1390B.yaml --json results/1c/hbm3_llc/champsim/654.roms_s-1390B.json traces/654.roms_s-1390B.champsimtrace.xz
452	:	1790266597.644	 12905.937	0	35302	0	0	./bin/champsim_goldencove_1c_hbm3_llc --warmup-instructions 200000000 --ramulator-stats results/1c/hbm3_llc/ramulator/654.roms_s-523B.yaml --json results/1c/hbm3_llc/champsim/654.roms_s-523B.json traces/654.roms_s-523B.champsimtrace.xz
443	:	1790264763.063	 14771.324	0	35394	0	0	./bin/champsim_goldencove_1c_hbm3_llc --warmup-instructions 200000000 --ramulator-stats results/1c/hbm3_llc/ramulator/649.fotonik3d_s-7084B.yaml --json results/1c/hbm3_llc/champsim/649.fotonik3d_s-7084B.json traces/649.fotonik3d_s-7084B.champsimtrace.xz
461	:	1790268873.077	 11624.932	0	34577	0	0	./bin/champsim_goldencove_1c_hbm4 --warmup-instructions 200000000 --ramulator-stats results/1c/hbm4/ramulator/602.gcc_s-1850B.yaml --json results/1c/hbm4/champsim/602.gcc_s-1850B.json traces/602.gcc_s-1850B.champsimtrace.xz
440	:	1790264375.874	 16917.422	0	35380	0	0	./bin/champsim_goldencove_1c_hbm3_llc --warmup-instructions 200000000 --ramulator-stats results/1c/hbm3_llc/ramulator/649.fotonik3d_s-10881B.yaml --json results/1c/hbm3_llc/champsim/649.fotonik3d_s-10881B.json traces/649.fotonik3d_s-10881B.champsimtrace.xz
468	:	1790270303.339	 11264.148	0	34226	0	0	./bin/champsim_goldencove_1c_hbm4 --warmup-instructions 200000000 --ramulator-stats results/1c/hbm4/ramulator/603.bwaves_s-2931B.yaml --json results/1c/hbm4/champsim/603.bwaves_s-2931B.json traces/603.bwaves_s-2931B.champsimtrace.xz
441	:	1790264531.175	 17297.542	0	35311	0	0	./bin/champsim_goldencove_1c_hbm3_llc --warmup-instructions 200000000 --ramulator-stats results/1c/hbm3_llc/ramulator/649.fotonik3d_s-1176B.yaml --json results/1c/hbm3_llc/champsim/649.fotonik3d_s-1176B.json traces/649.fotonik3d_s-1176B.champsimtrace.xz
444	:	1790264917.527	 17616.992	0	35403	0	0	./bin/champsim_goldencove_1c_hbm3_llc --warmup-instructions 200000000 --ramulator-stats results/1c/hbm3_llc/ramulator/649.fotonik3d_s-8225B.yaml --json results/1c/hbm3_llc/champsim/649.fotonik3d_s-8225B.json traces/649.fotonik3d_s-8225B.champsimtrace.xz
466	:	1790269991.869	 12834.236	0	34643	0	0	./bin/champsim_goldencove_1c_hbm4 --warmup-instructions 200000000 --ramulator-stats results/1c/hbm4/ramulator/603.bwaves_s-1740B.yaml --json results/1c/hbm4/champsim/603.bwaves_s-1740B.json traces/603.bwaves_s-1740B.champsimtrace.xz
467	:	1790270069.872	 12948.970	0	34638	0	0	./bin/champsim_goldencove_1c_hbm4 --warmup-instructions 200000000 --ramulator-stats results/1c/hbm4/ramulator/603.bwaves_s-2609B.yaml --json results/1c/hbm4/champsim/603.bwaves_s-2609B.json traces/603.bwaves_s-2609B.champsimtrace.xz
471	:	1790271490.572	 11551.096	0	34580	0	0	./bin/champsim_goldencove_1c_hbm4 --warmup-instructions 200000000 --ramulator-stats results/1c/hbm4/ramulator/603.bwaves_s-891B.yaml --json results/1c/hbm4/champsim/603.bwaves_s-891B.json traces/603.bwaves_s-891B.champsimtrace.xz
481	:	1790272295.614	 11496.789	0	34208	0	0	./bin/champsim_goldencove_1c_hbm4 --warmup-instructions 200000000 --ramulator-stats results/1c/hbm4/ramulator/607.cactuBSSN_s-2421B.yaml --json results/1c/hbm4/champsim/607.cactuBSSN_s-2421B.json traces/607.cactuBSSN_s-2421B.champsimtrace.xz
384	:	1790249818.196	 34224.333	0	35425	0	0	./bin/champsim_goldencove_1c_hbm3_llc --warmup-instructions 200000000 --ramulator-stats results/1c/hbm3_llc/ramulator/605.mcf_s-782B.yaml --json results/1c/hbm3_llc/champsim/605.mcf_s-782B.json traces/605.mcf_s-782B.champsimtrace.xz
482	:	1790272346.422	 11963.991	0	34393	0	0	./bin/champsim_goldencove_1c_hbm4 --warmup-instructions 200000000 --ramulator-stats results/1c/hbm4/ramulator/607.cactuBSSN_s-3477B.yaml --json results/1c/hbm4/champsim/607.cactuBSSN_s-3477B.json traces/607.cactuBSSN_s-3477B.champsimtrace.xz
483	:	1790272486.398	 11877.344	0	34245	0	0	./bin/champsim_goldencove_1c_hbm4 --warmup-instructions 200000000 --ramulator-stats results/1c/hbm4/ramulator/607.cactuBSSN_s-4004B.yaml --json results/1c/hbm4/champsim/607.cactuBSSN_s-4004B.json traces/607.cactuBSSN_s-4004B.champsimtrace.xz
289	:	1790228466.668	 56041.289	0	35130	0	0	./bin/champsim_goldencove_1c_hbm3 --warmup-instructions 200000000 --ramulator-stats results/1c/hbm3/ramulator/605.mcf_s-782B.yaml --json results/1c/hbm3/champsim/605.mcf_s-782B.json traces/605.mcf_s-782B.champsimtrace.xz
510	:	1790280498.016	  4637.802	0	33931	0	0	./bin/champsim_goldencove_1c_hbm4 --warmup-instructions 200000000 --ramulator-stats results/1c/hbm4/ramulator/638.imagick_s-10316B.yaml --json results/1c/hbm4/champsim/638.imagick_s-10316B.json traces/638.imagick_s-10316B.champsimtrace.xz
501	:	1790277955.555	  7410.437	0	34199	0	0	./bin/champsim_goldencove_1c_hbm4 --warmup-instructions 200000000 --ramulator-stats results/1c/hbm4/ramulator/625.x264_s-12B.yaml --json results/1c/hbm4/champsim/625.x264_s-12B.json traces/625.x264_s-12B.champsimtrace.xz
502	:	1790278064.225	  7465.554	0	34206	0	0	./bin/champsim_goldencove_1c_hbm4 --warmup-instructions 200000000 --ramulator-stats results/1c/hbm4/ramulator/625.x264_s-18B.yaml --json results/1c/hbm4/champsim/625.x264_s-18B.json traces/625.x264_s-18B.champsimtrace.xz
485	:	1790272663.367	 12899.220	0	34519	0	0	./bin/champsim_goldencove_1c_hbm4 --warmup-instructions 200000000 --ramulator-stats results/1c/hbm4/ramulator/619.lbm_s-2676B.yaml --json results/1c/hbm4/champsim/619.lbm_s-2676B.json traces/619.lbm_s-2676B.champsimtrace.xz
492	:	1790276271.345	  9428.566	0	34424	0	0	./bin/champsim_goldencove_1c_hbm4 --warmup-instructions 200000000 --ramulator-stats results/1c/hbm4/ramulator/621.wrf_s-6673B.yaml --json results/1c/hbm4/champsim/621.wrf_s-6673B.json traces/621.wrf_s-6673B.champsimtrace.xz
493	:	1790276371.730	  9469.091	0	34429	0	0	./bin/champsim_goldencove_1c_hbm4 --warmup-instructions 200000000 --ramulator-stats results/1c/hbm4/ramulator/621.wrf_s-8065B.yaml --json results/1c/hbm4/champsim/621.wrf_s-8065B.json traces/621.wrf_s-8065B.champsimtrace.xz
494	:	1790276623.060	  9318.812	0	34334	0	0	./bin/champsim_goldencove_1c_hbm4 --warmup-instructions 200000000 --ramulator-stats results/1c/hbm4/ramulator/621.wrf_s-8100B.yaml --json results/1c/hbm4/champsim/621.wrf_s-8100B.json traces/621.wrf_s-8100B.champsimtrace.xz
491	:	1790276091.402	  9869.059	0	34333	0	0	./bin/champsim_goldencove_1c_hbm4 --warmup-instructions 200000000 --ramulator-stats results/1c/hbm4/ramulator/621.wrf_s-575B.yaml --json results/1c/hbm4/champsim/621.wrf_s-575B.json traces/621.wrf_s-575B.champsimtrace.xz
503	:	1790278544.593	  7445.151	0	34219	0	0	./bin/champsim_goldencove_1c_hbm4 --warmup-instructions 200000000 --ramulator-stats results/1c/hbm4/ramulator/625.x264_s-20B.yaml --json results/1c/hbm4/champsim/625.x264_s-20B.json traces/625.x264_s-20B.champsimtrace.xz
504	:	1790278645.677	  7424.789	0	34213	0	0	./bin/champsim_goldencove_1c_hbm4 --warmup-instructions 200000000 --ramulator-stats results/1c/hbm4/ramulator/625.x264_s-33B.yaml --json results/1c/hbm4/champsim/625.x264_s-33B.json traces/625.x264_s-33B.champsimtrace.xz
505	:	1790278858.154	  7238.914	0	34218	0	0	./bin/champsim_goldencove_1c_hbm4 --warmup-instructions 200000000 --ramulator-stats results/1c/hbm4/ramulator/625.x264_s-39B.yaml --json results/1c/hbm4/champsim/625.x264_s-39B.json traces/625.x264_s-39B.champsimtrace.xz
486	:	1790272711.984	 13562.529	0	34559	0	0	./bin/champsim_goldencove_1c_hbm4 --warmup-instructions 200000000 --ramulator-stats results/1c/hbm4/ramulator/619.lbm_s-2677B.yaml --json results/1c/hbm4/champsim/619.lbm_s-2677B.json traces/619.lbm_s-2677B.champsimtrace.xz
507	:	1790279310.653	  7217.143	0	34180	0	0	./bin/champsim_goldencove_1c_hbm4 --warmup-instructions 200000000 --ramulator-stats results/1c/hbm4/ramulator/627.cam4_s-573B.yaml --json results/1c/hbm4/champsim/627.cam4_s-573B.json traces/627.cam4_s-573B.champsimtrace.xz
508	:	1790279503.588	  7684.500	0	34212	0	0	./bin/champsim_goldencove_1c_hbm4 --warmup-instructions 200000000 --ramulator-stats results/1c/hbm4/ramulator/628.pop2_s-17B.yaml --json results/1c/hbm4/champsim/628.pop2_s-17B.json traces/628.pop2_s-17B.champsimtrace.xz
496	:	1790277428.888	  9794.055	0	34253	0	0	./bin/champsim_goldencove_1c_hbm4 --warmup-instructions 200000000 --ramulator-stats results/1c/hbm4/ramulator/623.xalancbmk_s-165B.yaml --json results/1c/hbm4/champsim/623.xalancbmk_s-165B.json traces/623.xalancbmk_s-165B.champsimtrace.xz
475	:	1790271651.854	 15765.641	0	34744	0	0	./bin/champsim_goldencove_1c_hbm4 --warmup-instructions 200000000 --ramulator-stats results/1c/hbm4/ramulator/605.mcf_s-1644B.yaml --json results/1c/hbm4/champsim/605.mcf_s-1644B.json traces/605.mcf_s-1644B.champsimtrace.xz
487	:	1790273391.596	 14161.857	0	34589	0	0	./bin/champsim_goldencove_1c_hbm4 --warmup-instructions 200000000 --ramulator-stats results/1c/hbm4/ramulator/619.lbm_s-3766B.yaml --json results/1c/hbm4/champsim/619.lbm_s-3766B.json traces/619.lbm_s-3766B.champsimtrace.xz
498	:	1790277584.995	 10054.774	0	34460	0	0	./bin/champsim_goldencove_1c_hbm4 --warmup-instructions 200000000 --ramulator-stats results/1c/hbm4/ramulator/623.xalancbmk_s-325B.yaml --json results/1c/hbm4/champsim/623.xalancbmk_s-325B.json traces/623.xalancbmk_s-325B.champsimtrace.xz
488	:	1790274595.868	 13119.796	0	34576	0	0	./bin/champsim_goldencove_1c_hbm4 --warmup-instructions 200000000 --ramulator-stats results/1c/hbm4/ramulator/619.lbm_s-4268B.yaml --json results/1c/hbm4/champsim/619.lbm_s-4268B.json traces/619.lbm_s-4268B.champsimtrace.xz
506	:	1790278866.339	  8882.059	0	34267	0	0	./bin/champsim_goldencove_1c_hbm4 --warmup-instructions 200000000 --ramulator-stats results/1c/hbm4/ramulator/627.cam4_s-490B.yaml --json results/1c/hbm4/champsim/627.cam4_s-490B.json traces/627.cam4_s-490B.champsimtrace.xz
499	:	1790277770.847	 10242.283	0	34375	0	0	./bin/champsim_goldencove_1c_hbm4 --warmup-instructions 200000000 --ramulator-stats results/1c/hbm4/ramulator/623.xalancbmk_s-592B.yaml --json results/1c/hbm4/champsim/623.xalancbmk_s-592B.json traces/623.xalancbmk_s-592B.champsimtrace.xz
497	:	1790277554.144	 10810.646	0	34352	0	0	./bin/champsim_goldencove_1c_hbm4 --warmup-instructions 200000000 --ramulator-stats results/1c/hbm4/ramulator/623.xalancbmk_s-202B.yaml --json results/1c/hbm4/champsim/623.xalancbmk_s-202B.json traces/623.xalancbmk_s-202B.champsimtrace.xz
509	:	1790279534.393	  8928.847	0	34260	0	0	./bin/champsim_goldencove_1c_hbm4 --warmup-instructions 200000000 --ramulator-stats results/1c/hbm4/ramulator/631.deepsjeng_s-928B.yaml --json results/1c/hbm4/champsim/631.deepsjeng_s-928B.json traces/631.deepsjeng_s-928B.champsimtrace.xz
500	:	1790277774.291	 10761.089	0	34587	0	0	./bin/champsim_goldencove_1c_hbm4 --warmup-instructions 200000000 --ramulator-stats results/1c/hbm4/ramulator/623.xalancbmk_s-700B.yaml --json results/1c/hbm4/champsim/623.xalancbmk_s-700B.json traces/623.xalancbmk_s-700B.champsimtrace.xz
511	:	1790281293.302	  7388.851	0	34174	0	0	./bin/champsim_goldencove_1c_hbm4 --warmup-instructions 200000000 --ramulator-stats results/1c/hbm4/ramulator/638.imagick_s-4128B.yaml --json results/1c/hbm4/champsim/638.imagick_s-4128B.json traces/638.imagick_s-4128B.champsimtrace.xz
462	:	1790268951.871	 19901.066	0	34661	0	0	./bin/champsim_goldencove_1c_hbm4 --warmup-instructions 200000000 --ramulator-stats results/1c/hbm4/ramulator/602.gcc_s-2226B.yaml --json results/1c/hbm4/champsim/602.gcc_s-2226B.json traces/602.gcc_s-2226B.champsimtrace.xz
512	:	1790281567.492	  7921.540	0	34200	0	0	./bin/champsim_goldencove_1c_hbm4 --warmup-instructions 200000000 --ramulator-stats results/1c/hbm4/ramulator/638.imagick_s-824B.yaml --json results/1c/hbm4/champsim/638.imagick_s-824B.json traces/638.imagick_s-824B.champsimtrace.xz
513	:	1790281828.727	  8449.776	0	34261	0	0	./bin/champsim_goldencove_1c_hbm4 --warmup-instructions 200000000 --ramulator-stats results/1c/hbm4/ramulator/641.leela_s-1052B.yaml --json results/1c/hbm4/champsim/641.leela_s-1052B.json traces/641.leela_s-1052B.champsimtrace.xz
515	:	1790282826.110	  8105.415	0	34239	0	0	./bin/champsim_goldencove_1c_hbm4 --warmup-instructions 200000000 --ramulator-stats results/1c/hbm4/ramulator/641.leela_s-149B.yaml --json results/1c/hbm4/champsim/641.leela_s-149B.json traces/641.leela_s-149B.champsimtrace.xz
514	:	1790282534.526	  8454.954	0	34335	0	0	./bin/champsim_goldencove_1c_hbm4 --warmup-instructions 200000000 --ramulator-stats results/1c/hbm4/ramulator/641.leela_s-1083B.yaml --json results/1c/hbm4/champsim/641.leela_s-1083B.json traces/641.leela_s-1083B.champsimtrace.xz
517	:	1790283041.674	  8287.167	0	34256	0	0	./bin/champsim_goldencove_1c_hbm4 --warmup-instructions 200000000 --ramulator-stats results/1c/hbm4/ramulator/641.leela_s-602B.yaml --json results/1c/hbm4/champsim/641.leela_s-602B.json traces/641.leela_s-602B.champsimtrace.xz
516	:	1790283018.853	  8388.811	0	34300	0	0	./bin/champsim_goldencove_1c_hbm4 --warmup-instructions 200000000 --ramulator-stats results/1c/hbm4/ramulator/641.leela_s-334B.yaml --json results/1c/hbm4/champsim/641.leela_s-334B.json traces/641.leela_s-334B.champsimtrace.xz
520	:	1790284310.419	  7215.340	0	34195	0	0	./bin/champsim_goldencove_1c_hbm4 --warmup-instructions 200000000 --ramulator-stats results/1c/hbm4/ramulator/644.nab_s-12459B.yaml --json results/1c/hbm4/champsim/644.nab_s-12459B.json traces/644.nab_s-12459B.champsimtrace.xz
480	:	1790272283.147	 19644.832	0	34671	0	0	./bin/champsim_goldencove_1c_hbm4 --warmup-instructions 200000000 --ramulator-stats results/1c/hbm4/ramulator/605.mcf_s-994B.yaml --json results/1c/hbm4/champsim/605.mcf_s-994B.json traces/605.mcf_s-994B.champsimtrace.xz
518	:	1790283792.411	  8146.808	0	34258	0	0	./bin/champsim_goldencove_1c_hbm4 --warmup-instructions 200000000 --ramulator-stats results/1c/hbm4/ramulator/641.leela_s-800B.yaml --json results/1c/hbm4/champsim/641.leela_s-800B.json traces/641.leela_s-800B.champsimtrace.xz
477	:	1790272067.415	 19955.398	0	34742	0	0	./bin/champsim_goldencove_1c_hbm4 --warmup-instructions 200000000 --ramulator-stats results/1c/hbm4/ramulator/605.mcf_s-484B.yaml --json results/1c/hbm4/champsim/605.mcf_s-484B.json traces/605.mcf_s-484B.champsimtrace.xz
519	:	1790284042.537	  8277.815	0	34254	0	0	./bin/champsim_goldencove_1c_hbm4 --warmup-instructions 200000000 --ramulator-stats results/1c/hbm4/ramulator/641.leela_s-862B.yaml --json results/1c/hbm4/champsim/641.leela_s-862B.json traces/641.leela_s-862B.champsimtrace.xz
478	:	1790272165.398	 20973.221	0	34651	0	0	./bin/champsim_goldencove_1c_hbm4 --warmup-instructions 200000000 --ramulator-stats results/1c/hbm4/ramulator/605.mcf_s-665B.yaml --json results/1c/hbm4/champsim/605.mcf_s-665B.json traces/605.mcf_s-665B.champsimtrace.xz
522	:	1790284507.964	  8912.566	0	34606	0	0	./bin/champsim_goldencove_1c_hbm4 --warmup-instructions 200000000 --ramulator-stats results/1c/hbm4/ramulator/644.nab_s-5853B.yaml --json results/1c/hbm4/champsim/644.nab_s-5853B.json traces/644.nab_s-5853B.champsimtrace.xz
532	:	1790286070.474	  7396.250	0	33419	0	0	./bin/champsim_goldencove_1c_hbm4 --warmup-instructions 200000000 --ramulator-stats results/1c/hbm4/ramulator/648.exchange2_s-387B.yaml --json results/1c/hbm4/champsim/648.exchange2_s-387B.json traces/648.exchange2_s-387B.champsimtrace.xz
541	:	1790287715.671	  5804.950	0	34172	0	0	./bin/champsim_goldencove_1c_hbm4 --warmup-instructions 200000000 --ramulator-stats results/1c/hbm4/ramulator/654.roms_s-1021B.yaml --json results/1c/hbm4/champsim/654.roms_s-1021B.json traces/654.roms_s-1021B.champsimtrace.xz
490	:	1790275250.559	 18282.981	0	34685	0	0	./bin/champsim_goldencove_1c_hbm4 --warmup-instructions 200000000 --ramulator-stats results/1c/hbm4/ramulator/620.omnetpp_s-874B.yaml --json results/1c/hbm4/champsim/620.omnetpp_s-874B.json traces/620.omnetpp_s-874B.champsimtrace.xz
525	:	1790285529.783	  8067.358	0	34249	0	0	./bin/champsim_goldencove_1c_hbm4 --warmup-instructions 200000000 --ramulator-stats results/1c/hbm4/ramulator/648.exchange2_s-1227B.yaml --json results/1c/hbm4/champsim/648.exchange2_s-1227B.json traces/648.exchange2_s-1227B.champsimtrace.xz
526	:	1790285562.594	  8080.616	0	34242	0	0	./bin/champsim_goldencove_1c_hbm4 --warmup-instructions 200000000 --ramulator-stats results/1c/hbm4/ramulator/648.exchange2_s-1247B.yaml --json results/1c/hbm4/champsim/648.exchange2_s-1247B.json traces/648.exchange2_s-1247B.champsimtrace.xz
527	:	1790285699.919	  7987.811	0	33441	0	0	./bin/champsim_goldencove_1c_hbm4 --warmup-instructions 200000000 --ramulator-stats results/1c/hbm4/ramulator/648.exchange2_s-1511B.yaml --json results/1c/hbm4/champsim/648.exchange2_s-1511B.json traces/648.exchange2_s-1511B.champsimtrace.xz
521	:	1790284363.749	  9463.996	0	34268	0	0	./bin/champsim_goldencove_1c_hbm4 --warmup-instructions 200000000 --ramulator-stats results/1c/hbm4/ramulator/644.nab_s-12521B.yaml --json results/1c/hbm4/champsim/644.nab_s-12521B.json traces/644.nab_s-12521B.champsimtrace.xz
476	:	1790271707.570	 22122.213	0	34734	0	0	./bin/champsim_goldencove_1c_hbm4 --warmup-instructions 200000000 --ramulator-stats results/1c/hbm4/ramulator/605.mcf_s-472B.yaml --json results/1c/hbm4/champsim/605.mcf_s-472B.json traces/605.mcf_s-472B.champsimtrace.xz
523	:	1790285135.826	  8991.775	0	34224	0	0	./bin/champsim_goldencove_1c_hbm4 --warmup-instructions 200000000 --ramulator-stats results/1c/hbm4/ramulator/644.nab_s-7928B.yaml --json results/1c/hbm4/champsim/644.nab_s-7928B.json traces/644.nab_s-7928B.champsimtrace.xz
524	:	1790285366.002	  8806.243	0	34156	0	0	./bin/champsim_goldencove_1c_hbm4 --warmup-instructions 200000000 --ramulator-stats results/1c/hbm4/ramulator/644.nab_s-9322B.yaml --json results/1c/hbm4/champsim/644.nab_s-9322B.json traces/644.nab_s-9322B.champsimtrace.xz
531	:	1790285989.750	  8340.332	0	34223	0	0	./bin/champsim_goldencove_1c_hbm4 --warmup-instructions 200000000 --ramulator-stats results/1c/hbm4/ramulator/648.exchange2_s-353B.yaml --json results/1c/hbm4/champsim/648.exchange2_s-353B.json traces/648.exchange2_s-353B.champsimtrace.xz
533	:	1790286097.074	  8277.854	0	34220	0	0	./bin/champsim_goldencove_1c_hbm4 --warmup-instructions 200000000 --ramulator-stats results/1c/hbm4/ramulator/648.exchange2_s-584B.yaml --json results/1c/hbm4/champsim/648.exchange2_s-584B.json traces/648.exchange2_s-584B.champsimtrace.xz
529	:	1790285941.880	  8454.354	0	34264	0	0	./bin/champsim_goldencove_1c_hbm4 --warmup-instructions 200000000 --ramulator-stats results/1c/hbm4/ramulator/648.exchange2_s-1712B.yaml --json results/1c/hbm4/champsim/648.exchange2_s-1712B.json traces/648.exchange2_s-1712B.champsimtrace.xz
489	:	1790275167.364	 19270.596	0	34673	0	0	./bin/champsim_goldencove_1c_hbm4 --warmup-instructions 200000000 --ramulator-stats results/1c/hbm4/ramulator/620.omnetpp_s-141B.yaml --json results/1c/hbm4/champsim/620.omnetpp_s-141B.json traces/620.omnetpp_s-141B.champsimtrace.xz
530	:	1790285960.466	  8551.059	0	34243	0	0	./bin/champsim_goldencove_1c_hbm4 --warmup-instructions 200000000 --ramulator-stats results/1c/hbm4/ramulator/648.exchange2_s-210B.yaml --json results/1c/hbm4/champsim/648.exchange2_s-210B.json traces/648.exchange2_s-210B.champsimtrace.xz
528	:	1790285840.827	  8674.633	0	33458	0	0	./bin/champsim_goldencove_1c_hbm4 --warmup-instructions 200000000 --ramulator-stats results/1c/hbm4/ramulator/648.exchange2_s-1699B.yaml --json results/1c/hbm4/champsim/648.exchange2_s-1699B.json traces/648.exchange2_s-1699B.champsimtrace.xz
534	:	1790286274.518	  8317.758	0	34225	0	0	./bin/champsim_goldencove_1c_hbm4 --warmup-instructions 200000000 --ramulator-stats results/1c/hbm4/ramulator/648.exchange2_s-72B.yaml --json results/1c/hbm4/champsim/648.exchange2_s-72B.json traces/648.exchange2_s-72B.champsimtrace.xz
537	:	1790287222.950	  7945.139	0	34245	0	0	./bin/champsim_goldencove_1c_hbm4 --warmup-instructions 200000000 --ramulator-stats results/1c/hbm4/ramulator/649.fotonik3d_s-1B.yaml --json results/1c/hbm4/champsim/649.fotonik3d_s-1B.json traces/649.fotonik3d_s-1B.champsimtrace.xz
552	:	1790290989.486	  5258.589	0	34145	0	0	./bin/champsim_goldencove_1c_hbm4 --warmup-instructions 200000000 --ramulator-stats results/1c/hbm4/ramulator/657.xz_s-56B.yaml --json results/1c/hbm4/champsim/657.xz_s-56B.json traces/657.xz_s-56B.champsimtrace.xz
548	:	1790288852.945	  8750.002	0	34299	0	0	./bin/champsim_goldencove_1c_hbm4 --warmup-instructions 200000000 --ramulator-stats results/1c/hbm4/ramulator/654.roms_s-842B.yaml --json results/1c/hbm4/champsim/654.roms_s-842B.json traces/654.roms_s-842B.champsimtrace.xz
551	:	1790290931.531	  6690.143	0	34218	0	0	./bin/champsim_goldencove_1c_hbm4 --warmup-instructions 200000000 --ramulator-stats results/1c/hbm4/ramulator/657.xz_s-4994B.yaml --json results/1c/hbm4/champsim/657.xz_s-4994B.json traces/657.xz_s-4994B.champsimtrace.xz
550	:	1790290278.510	  8091.430	0	34282	0	0	./bin/champsim_goldencove_1c_hbm4 --warmup-instructions 200000000 --ramulator-stats results/1c/hbm4/ramulator/657.xz_s-3167B.yaml --json results/1c/hbm4/champsim/657.xz_s-3167B.json traces/657.xz_s-3167B.champsimtrace.xz
546	:	1790288535.389	  9897.114	0	34404	0	0	./bin/champsim_goldencove_1c_hbm4 --warmup-instructions 200000000 --ramulator-stats results/1c/hbm4/ramulator/654.roms_s-294B.yaml --json results/1c/hbm4/champsim/654.roms_s-294B.json traces/654.roms_s-294B.champsimtrace.xz
549	:	1790289489.037	  8970.315	0	34423	0	0	./bin/champsim_goldencove_1c_hbm4 --warmup-instructions 200000000 --ramulator-stats results/1c/hbm4/ramulator/657.xz_s-2302B.yaml --json results/1c/hbm4/champsim/657.xz_s-2302B.json traces/657.xz_s-2302B.champsimtrace.xz
544	:	1790288364.797	 10540.268	0	34465	0	0	./bin/champsim_goldencove_1c_hbm4 --warmup-instructions 200000000 --ramulator-stats results/1c/hbm4/ramulator/654.roms_s-1613B.yaml --json results/1c/hbm4/champsim/654.roms_s-1613B.json traces/654.roms_s-1613B.champsimtrace.xz
495	:	1790276847.843	 22242.373	0	34700	0	0	./bin/champsim_goldencove_1c_hbm4 --warmup-instructions 200000000 --ramulator-stats results/1c/hbm4/ramulator/623.xalancbmk_s-10B.yaml --json results/1c/hbm4/champsim/623.xalancbmk_s-10B.json traces/623.xalancbmk_s-10B.champsimtrace.xz
536	:	1790287188.093	 12331.927	0	34660	0	0	./bin/champsim_goldencove_1c_hbm4 --warmup-instructions 200000000 --ramulator-stats results/1c/hbm4/ramulator/649.fotonik3d_s-1176B.yaml --json results/1c/hbm4/champsim/649.fotonik3d_s-1176B.json traces/649.fotonik3d_s-1176B.champsimtrace.xz
539	:	1790287553.459	 12158.496	0	34654	0	0	./bin/champsim_goldencove_1c_hbm4 --warmup-instructions 200000000 --ramulator-stats results/1c/hbm4/ramulator/649.fotonik3d_s-8225B.yaml --json results/1c/hbm4/champsim/649.fotonik3d_s-8225B.json traces/649.fotonik3d_s-8225B.champsimtrace.xz
542	:	1790287748.403	 12077.301	0	34616	0	0	./bin/champsim_goldencove_1c_hbm4 --warmup-instructions 200000000 --ramulator-stats results/1c/hbm4/ramulator/654.roms_s-1070B.yaml --json results/1c/hbm4/champsim/654.roms_s-1070B.json traces/654.roms_s-1070B.champsimtrace.xz
564	:	1790293533.547	  6327.685	0	34851	0	0	./bin/champsim_goldencove_1c_hbm4_llc --warmup-instructions 200000000 --ramulator-stats results/1c/hbm4_llc/ramulator/603.bwaves_s-3699B.yaml --json results/1c/hbm4_llc/champsim/603.bwaves_s-3699B.json traces/603.bwaves_s-3699B.champsimtrace.xz
472	:	1790271520.797	 28341.584	0	34670	0	0	./bin/champsim_goldencove_1c_hbm4 --warmup-instructions 200000000 --ramulator-stats results/1c/hbm4/ramulator/605.mcf_s-1152B.yaml --json results/1c/hbm4/champsim/605.mcf_s-1152B.json traces/605.mcf_s-1152B.champsimtrace.xz
565	:	1790293597.145	  6282.726	0	34908	0	0	./bin/champsim_goldencove_1c_hbm4_llc --warmup-instructions 200000000 --ramulator-stats results/1c/hbm4_llc/ramulator/603.bwaves_s-5359B.yaml --json results/1c/hbm4_llc/champsim/603.bwaves_s-5359B.json traces/603.bwaves_s-5359B.champsimtrace.xz
560	:	1790293138.628	  6800.661	0	34907	0	0	./bin/champsim_goldencove_1c_hbm4_llc --warmup-instructions 200000000 --ramulator-stats results/1c/hbm4_llc/ramulator/603.bwaves_s-1080B.yaml --json results/1c/hbm4_llc/champsim/603.bwaves_s-1080B.json traces/603.bwaves_s-1080B.champsimtrace.xz
540	:	1790287639.775	 12537.641	0	34586	0	0	./bin/champsim_goldencove_1c_hbm4 --warmup-instructions 200000000 --ramulator-stats results/1c/hbm4/ramulator/654.roms_s-1007B.yaml --json results/1c/hbm4/champsim/654.roms_s-1007B.json traces/654.roms_s-1007B.champsimtrace.xz
553	:	1790291328.846	  9145.937	0	34997	0	0	./bin/champsim_goldencove_1c_hbm4_llc --warmup-instructions 200000000 --ramulator-stats results/1c/hbm4_llc/ramulator/600.perlbench_s-1273B.yaml --json results/1c/hbm4_llc/champsim/600.perlbench_s-1273B.json traces/600.perlbench_s-1273B.champsimtrace.xz
545	:	1790288463.249	 12140.409	0	34545	0	0	./bin/champsim_goldencove_1c_hbm4 --warmup-instructions 200000000 --ramulator-stats results/1c/hbm4/ramulator/654.roms_s-293B.yaml --json results/1c/hbm4/champsim/654.roms_s-293B.json traces/654.roms_s-293B.champsimtrace.xz
554	:	1790291407.671	  9268.806	0	35032	0	0	./bin/champsim_goldencove_1c_hbm4_llc --warmup-instructions 200000000 --ramulator-stats results/1c/hbm4_llc/ramulator/600.perlbench_s-210B.yaml --json results/1c/hbm4_llc/champsim/600.perlbench_s-210B.json traces/600.perlbench_s-210B.champsimtrace.xz
473	:	1790271589.746	 29113.717	0	34683	0	0	./bin/champsim_goldencove_1c_hbm4 --warmup-instructions 200000000 --ramulator-stats results/1c/hbm4/ramulator/605.mcf_s-1536B.yaml --json results/1c/hbm4/champsim/605.mcf_s-1536B.json traces/605.mcf_s-1536B.champsimtrace.xz
559	:	1790292320.374	  8386.438	0	34943	0	0	./bin/champsim_goldencove_1c_hbm4_llc --warmup-instructions 200000000 --ramulator-stats results/1c/hbm4_llc/ramulator/602.gcc_s-734B.yaml --json results/1c/hbm4_llc/champsim/602.gcc_s-734B.json traces/602.gcc_s-734B.champsimtrace.xz
555	:	1790291525.764	  9253.174	0	35002	0	0	./bin/champsim_goldencove_1c_hbm4_llc --warmup-instructions 200000000 --ramulator-stats results/1c/hbm4_llc/ramulator/600.perlbench_s-570B.yaml --json results/1c/hbm4_llc/champsim/600.perlbench_s-570B.json traces/600.perlbench_s-570B.champsimtrace.xz
558	:	1790292022.821	  9369.434	0	35147	0	0	./bin/champsim_goldencove_1c_hbm4_llc --warmup-instructions 200000000 --ramulator-stats results/1c/hbm4_llc/ramulator/602.gcc_s-2375B.yaml --json results/1c/hbm4_llc/champsim/602.gcc_s-2375B.json traces/602.gcc_s-2375B.champsimtrace.xz
543	:	1790288013.136	 13452.434	0	34627	0	0	./bin/champsim_goldencove_1c_hbm4 --warmup-instructions 200000000 --ramulator-stats results/1c/hbm4/ramulator/654.roms_s-1390B.yaml --json results/1c/hbm4/champsim/654.roms_s-1390B.json traces/654.roms_s-1390B.champsimtrace.xz
538	:	1790287417.502	 14051.149	0	34421	0	0	./bin/champsim_goldencove_1c_hbm4 --warmup-instructions 200000000 --ramulator-stats results/1c/hbm4/ramulator/649.fotonik3d_s-7084B.yaml --json results/1c/hbm4/champsim/649.fotonik3d_s-7084B.json traces/649.fotonik3d_s-7084B.champsimtrace.xz
579	:	1790295168.098	  6324.039	0	34933	0	0	./bin/champsim_goldencove_1c_hbm4_llc --warmup-instructions 200000000 --ramulator-stats results/1c/hbm4_llc/ramulator/607.cactuBSSN_s-4248B.yaml --json results/1c/hbm4_llc/champsim/607.cactuBSSN_s-4248B.json traces/607.cactuBSSN_s-4248B.champsimtrace.xz
547	:	1790288682.158	 12842.740	0	34592	0	0	./bin/champsim_goldencove_1c_hbm4 --warmup-instructions 200000000 --ramulator-stats results/1c/hbm4/ramulator/654.roms_s-523B.yaml --json results/1c/hbm4/champsim/654.roms_s-523B.json traces/654.roms_s-523B.champsimtrace.xz
535	:	1790286527.801	 16464.132	0	34673	0	0	./bin/champsim_goldencove_1c_hbm4 --warmup-instructions 200000000 --ramulator-stats results/1c/hbm4/ramulator/649.fotonik3d_s-10881B.yaml --json results/1c/hbm4/champsim/649.fotonik3d_s-10881B.json traces/649.fotonik3d_s-10881B.champsimtrace.xz
474	:	1790271640.899	 32400.081	0	34711	0	0	./bin/champsim_goldencove_1c_hbm4 --warmup-instructions 200000000 --ramulator-stats results/1c/hbm4/ramulator/605.mcf_s-1554B.yaml --json results/1c/hbm4/champsim/605.mcf_s-1554B.json traces/605.mcf_s-1554B.champsimtrace.xz
563	:	1790293520.628	 11557.421	0	35018	0	0	./bin/champsim_goldencove_1c_hbm4_llc --warmup-instructions 200000000 --ramulator-stats results/1c/hbm4_llc/ramulator/603.bwaves_s-2931B.yaml --json results/1c/hbm4_llc/champsim/603.bwaves_s-2931B.json traces/603.bwaves_s-2931B.champsimtrace.xz
556	:	1790291927.987	 13648.210	0	35366	0	0	./bin/champsim_goldencove_1c_hbm4_llc --warmup-instructions 200000000 --ramulator-stats results/1c/hbm4_llc/ramulator/602.gcc_s-1850B.yaml --json results/1c/hbm4_llc/champsim/602.gcc_s-1850B.json traces/602.gcc_s-1850B.champsimtrace.xz
576	:	1790294511.530	 11490.627	0	35020	0	0	./bin/champsim_goldencove_1c_hbm4_llc --warmup-instructions 200000000 --ramulator-stats results/1c/hbm4_llc/ramulator/607.cactuBSSN_s-2421B.yaml --json results/1c/hbm4_llc/champsim/607.cactuBSSN_s-2421B.json traces/607.cactuBSSN_s-2421B.champsimtrace.xz
566	:	1790293643.216	 12646.305	0	35364	0	0	./bin/champsim_goldencove_1c_hbm4_llc --warmup-instructions 200000000 --ramulator-stats results/1c/hbm4_llc/ramulator/603.bwaves_s-891B.yaml --json results/1c/hbm4_llc/champsim/603.bwaves_s-891B.json traces/603.bwaves_s-891B.champsimtrace.xz
605	:	1790301492.142	  4802.164	0	34659	0	0	./bin/champsim_goldencove_1c_hbm4_llc --warmup-instructions 200000000 --ramulator-stats results/1c/hbm4_llc/ramulator/638.imagick_s-10316B.yaml --json results/1c/hbm4_llc/champsim/638.imagick_s-10316B.json traces/638.imagick_s-10316B.champsimtrace.xz
577	:	1790294515.467	 12142.492	0	35098	0	0	./bin/champsim_goldencove_1c_hbm4_llc --warmup-instructions 200000000 --ramulator-stats results/1c/hbm4_llc/ramulator/607.cactuBSSN_s-3477B.yaml --json results/1c/hbm4_llc/champsim/607.cactuBSSN_s-3477B.json traces/607.cactuBSSN_s-3477B.champsimtrace.xz
578	:	1790294592.282	 12114.740	0	35045	0	0	./bin/champsim_goldencove_1c_hbm4_llc --warmup-instructions 200000000 --ramulator-stats results/1c/hbm4_llc/ramulator/607.cactuBSSN_s-4004B.yaml --json results/1c/hbm4_llc/champsim/607.cactuBSSN_s-4004B.json traces/607.cactuBSSN_s-4004B.champsimtrace.xz
561	:	1790293420.538	 13479.613	0	35377	0	0	./bin/champsim_goldencove_1c_hbm4_llc --warmup-instructions 200000000 --ramulator-stats results/1c/hbm4_llc/ramulator/603.bwaves_s-1740B.yaml --json results/1c/hbm4_llc/champsim/603.bwaves_s-1740B.json traces/603.bwaves_s-1740B.champsimtrace.xz
562	:	1790293466.729	 13544.122	0	35378	0	0	./bin/champsim_goldencove_1c_hbm4_llc --warmup-instructions 200000000 --ramulator-stats results/1c/hbm4_llc/ramulator/603.bwaves_s-2609B.yaml --json results/1c/hbm4_llc/champsim/603.bwaves_s-2609B.json traces/603.bwaves_s-2609B.champsimtrace.xz
596	:	1790300474.788	  7469.076	0	34958	0	0	./bin/champsim_goldencove_1c_hbm4_llc --warmup-instructions 200000000 --ramulator-stats results/1c/hbm4_llc/ramulator/625.x264_s-12B.yaml --json results/1c/hbm4_llc/champsim/625.x264_s-12B.json traces/625.x264_s-12B.champsimtrace.xz
597	:	1790300603.663	  7434.360	0	34945	0	0	./bin/champsim_goldencove_1c_hbm4_llc --warmup-instructions 200000000 --ramulator-stats results/1c/hbm4_llc/ramulator/625.x264_s-18B.yaml --json results/1c/hbm4_llc/champsim/625.x264_s-18B.json traces/625.x264_s-18B.champsimtrace.xz
600	:	1790300706.819	  7333.454	0	34943	0	0	./bin/champsim_goldencove_1c_hbm4_llc --warmup-instructions 200000000 --ramulator-stats results/1c/hbm4_llc/ramulator/625.x264_s-39B.yaml --json results/1c/hbm4_llc/champsim/625.x264_s-39B.json traces/625.x264_s-39B.champsimtrace.xz
598	:	1790300676.483	  7475.411	0	34959	0	0	./bin/champsim_goldencove_1c_hbm4_llc --warmup-instructions 200000000 --ramulator-stats results/1c/hbm4_llc/ramulator/625.x264_s-20B.yaml --json results/1c/hbm4_llc/champsim/625.x264_s-20B.json traces/625.x264_s-20B.champsimtrace.xz
599	:	1790300703.471	  7512.983	0	34947	0	0	./bin/champsim_goldencove_1c_hbm4_llc --warmup-instructions 200000000 --ramulator-stats results/1c/hbm4_llc/ramulator/625.x264_s-33B.yaml --json results/1c/hbm4_llc/champsim/625.x264_s-33B.json traces/625.x264_s-33B.champsimtrace.xz
586	:	1790298905.069	  9331.157	0	34987	0	0	./bin/champsim_goldencove_1c_hbm4_llc --warmup-instructions 200000000 --ramulator-stats results/1c/hbm4_llc/ramulator/621.wrf_s-575B.yaml --json results/1c/hbm4_llc/champsim/621.wrf_s-575B.json traces/621.wrf_s-575B.champsimtrace.xz
587	:	1790299090.222	  9173.304	0	35032	0	0	./bin/champsim_goldencove_1c_hbm4_llc --warmup-instructions 200000000 --ramulator-stats results/1c/hbm4_llc/ramulator/621.wrf_s-6673B.yaml --json results/1c/hbm4_llc/champsim/621.wrf_s-6673B.json traces/621.wrf_s-6673B.champsimtrace.xz
570	:	1790294127.606	 14164.920	0	35484	0	0	./bin/champsim_goldencove_1c_hbm4_llc --warmup-instructions 200000000 --ramulator-stats results/1c/hbm4_llc/ramulator/605.mcf_s-1644B.yaml --json results/1c/hbm4_llc/champsim/605.mcf_s-1644B.json traces/605.mcf_s-1644B.champsimtrace.xz
602	:	1790301392.261	  7094.297	0	34929	0	0	./bin/champsim_goldencove_1c_hbm4_llc --warmup-instructions 200000000 --ramulator-stats results/1c/hbm4_llc/ramulator/627.cam4_s-573B.yaml --json results/1c/hbm4_llc/champsim/627.cam4_s-573B.json traces/627.cam4_s-573B.champsimtrace.xz
589	:	1790299711.963	  9005.467	0	35026	0	0	./bin/champsim_goldencove_1c_hbm4_llc --warmup-instructions 200000000 --ramulator-stats results/1c/hbm4_llc/ramulator/621.wrf_s-8100B.yaml --json results/1c/hbm4_llc/champsim/621.wrf_s-8100B.json traces/621.wrf_s-8100B.champsimtrace.xz
588	:	1790299520.025	  9206.821	0	35024	0	0	./bin/champsim_goldencove_1c_hbm4_llc --warmup-instructions 200000000 --ramulator-stats results/1c/hbm4_llc/ramulator/621.wrf_s-8065B.yaml --json results/1c/hbm4_llc/champsim/621.wrf_s-8065B.json traces/621.wrf_s-8065B.champsimtrace.xz
591	:	1790299861.241	  9098.917	0	34983	0	0	./bin/champsim_goldencove_1c_hbm4_llc --warmup-instructions 200000000 --ramulator-stats results/1c/hbm4_llc/ramulator/623.xalancbmk_s-165B.yaml --json results/1c/hbm4_llc/champsim/623.xalancbmk_s-165B.json traces/623.xalancbmk_s-165B.champsimtrace.xz
592	:	1790299862.387	  9246.043	0	34974	0	0	./bin/champsim_goldencove_1c_hbm4_llc --warmup-instructions 200000000 --ramulator-stats results/1c/hbm4_llc/ramulator/623.xalancbmk_s-202B.yaml --json results/1c/hbm4_llc/champsim/623.xalancbmk_s-202B.json traces/623.xalancbmk_s-202B.champsimtrace.xz
603	:	1790301465.578	  7669.101	0	34955	0	0	./bin/champsim_goldencove_1c_hbm4_llc --warmup-instructions 200000000 --ramulator-stats results/1c/hbm4_llc/ramulator/628.pop2_s-17B.yaml --json results/1c/hbm4_llc/champsim/628.pop2_s-17B.json traces/628.pop2_s-17B.champsimtrace.xz
606	:	1790301524.904	  7707.190	0	34997	0	0	./bin/champsim_goldencove_1c_hbm4_llc --warmup-instructions 200000000 --ramulator-stats results/1c/hbm4_llc/ramulator/638.imagick_s-4128B.yaml --json results/1c/hbm4_llc/champsim/638.imagick_s-4128B.json traces/638.imagick_s-4128B.champsimtrace.xz
601	:	1790300778.945	  8605.241	0	34980	0	0	./bin/champsim_goldencove_1c_hbm4_llc --warmup-instructions 200000000 --ramulator-stats results/1c/hbm4_llc/ramulator/627.cam4_s-490B.yaml --json results/1c/hbm4_llc/champsim/627.cam4_s-490B.json traces/627.cam4_s-490B.champsimtrace.xz
573	:	1790294374.935	 15386.265	0	35380	0	0	./bin/champsim_goldencove_1c_hbm4_llc --warmup-instructions 200000000 --ramulator-stats results/1c/hbm4_llc/ramulator/605.mcf_s-665B.yaml --json results/1c/hbm4_llc/champsim/605.mcf_s-665B.json traces/605.mcf_s-665B.champsimtrace.xz
580	:	1790296248.080	 13580.341	0	35378	0	0	./bin/champsim_goldencove_1c_hbm4_llc --warmup-instructions 200000000 --ramulator-stats results/1c/hbm4_llc/ramulator/619.lbm_s-2676B.yaml --json results/1c/hbm4_llc/champsim/619.lbm_s-2676B.json traces/619.lbm_s-2676B.champsimtrace.xz
593	:	1790299879.875	 10173.778	0	35100	0	0	./bin/champsim_goldencove_1c_hbm4_llc --warmup-instructions 200000000 --ramulator-stats results/1c/hbm4_llc/ramulator/623.xalancbmk_s-325B.yaml --json results/1c/hbm4_llc/champsim/623.xalancbmk_s-325B.json traces/623.xalancbmk_s-325B.champsimtrace.xz
594	:	1790299939.294	 10301.674	0	35101	0	0	./bin/champsim_goldencove_1c_hbm4_llc --warmup-instructions 200000000 --ramulator-stats results/1c/hbm4_llc/ramulator/623.xalancbmk_s-592B.yaml --json results/1c/hbm4_llc/champsim/623.xalancbmk_s-592B.json traces/623.xalancbmk_s-592B.champsimtrace.xz
604	:	1790301468.659	  9099.180	0	34990	0	0	./bin/champsim_goldencove_1c_hbm4_llc --warmup-instructions 200000000 --ramulator-stats results/1c/hbm4_llc/ramulator/631.deepsjeng_s-928B.yaml --json results/1c/hbm4_llc/champsim/631.deepsjeng_s-928B.json traces/631.deepsjeng_s-928B.champsimtrace.xz
607	:	1790302991.939	  8150.398	0	34931	0	0	./bin/champsim_goldencove_1c_hbm4_llc --warmup-instructions 200000000 --ramulator-stats results/1c/hbm4_llc/ramulator/638.imagick_s-824B.yaml --json results/1c/hbm4_llc/champsim/638.imagick_s-824B.json traces/638.imagick_s-824B.champsimtrace.xz
595	:	1790300177.423	 11029.964	0	35283	0	0	./bin/champsim_goldencove_1c_hbm4_llc --warmup-instructions 200000000 --ramulator-stats results/1c/hbm4_llc/ramulator/623.xalancbmk_s-700B.yaml --json results/1c/hbm4_llc/champsim/623.xalancbmk_s-700B.json traces/623.xalancbmk_s-700B.champsimtrace.xz
581	:	1790297602.953	 13817.300	0	35361	0	0	./bin/champsim_goldencove_1c_hbm4_llc --warmup-instructions 200000000 --ramulator-stats results/1c/hbm4_llc/ramulator/619.lbm_s-2677B.yaml --json results/1c/hbm4_llc/champsim/619.lbm_s-2677B.json traces/619.lbm_s-2677B.champsimtrace.xz
583	:	1790298369.947	 13504.657	0	35382	0	0	./bin/champsim_goldencove_1c_hbm4_llc --warmup-instructions 200000000 --ramulator-stats results/1c/hbm4_llc/ramulator/619.lbm_s-4268B.yaml --json results/1c/hbm4_llc/champsim/619.lbm_s-4268B.json traces/619.lbm_s-4268B.champsimtrace.xz
575	:	1790294437.968	 17667.450	0	35402	0	0	./bin/champsim_goldencove_1c_hbm4_llc --warmup-instructions 200000000 --ramulator-stats results/1c/hbm4_llc/ramulator/605.mcf_s-994B.yaml --json results/1c/hbm4_llc/champsim/605.mcf_s-994B.json traces/605.mcf_s-994B.champsimtrace.xz
585	:	1790298459.358	 13989.359	0	35404	0	0	./bin/champsim_goldencove_1c_hbm4_llc --warmup-instructions 200000000 --ramulator-stats results/1c/hbm4_llc/ramulator/620.omnetpp_s-874B.yaml --json results/1c/hbm4_llc/champsim/620.omnetpp_s-874B.json traces/620.omnetpp_s-874B.champsimtrace.xz
582	:	1790297621.678	 14890.523	0	35343	0	0	./bin/champsim_goldencove_1c_hbm4_llc --warmup-instructions 200000000 --ramulator-stats results/1c/hbm4_llc/ramulator/619.lbm_s-3766B.yaml --json results/1c/hbm4_llc/champsim/619.lbm_s-3766B.json traces/619.lbm_s-3766B.champsimtrace.xz
590	:	1790299825.712	 12744.138	0	35391	0	0	./bin/champsim_goldencove_1c_hbm4_llc --warmup-instructions 200000000 --ramulator-stats results/1c/hbm4_llc/ramulator/623.xalancbmk_s-10B.yaml --json results/1c/hbm4_llc/champsim/623.xalancbmk_s-10B.json traces/623.xalancbmk_s-10B.champsimtrace.xz
584	:	1790298432.508	 14140.572	0	35391	0	0	./bin/champsim_goldencove_1c_hbm4_llc --warmup-instructions 200000000 --ramulator-stats results/1c/hbm4_llc/ramulator/620.omnetpp_s-141B.yaml --json results/1c/hbm4_llc/champsim/620.omnetpp_s-141B.json traces/620.omnetpp_s-141B.champsimtrace.xz
608	:	1790304040.988	  8725.648	0	35000	0	0	./bin/champsim_goldencove_1c_hbm4_llc --warmup-instructions 200000000 --ramulator-stats results/1c/hbm4_llc/ramulator/641.leela_s-1052B.yaml --json results/1c/hbm4_llc/champsim/641.leela_s-1052B.json traces/641.leela_s-1052B.champsimtrace.xz
568	:	1790293827.752	 19132.085	0	35396	0	0	./bin/champsim_goldencove_1c_hbm4_llc --warmup-instructions 200000000 --ramulator-stats results/1c/hbm4_llc/ramulator/605.mcf_s-1536B.yaml --json results/1c/hbm4_llc/champsim/605.mcf_s-1536B.json traces/605.mcf_s-1536B.champsimtrace.xz
567	:	1790293687.737	 19584.293	0	35398	0	0	./bin/champsim_goldencove_1c_hbm4_llc --warmup-instructions 200000000 --ramulator-stats results/1c/hbm4_llc/ramulator/605.mcf_s-1152B.yaml --json results/1c/hbm4_llc/champsim/605.mcf_s-1152B.json traces/605.mcf_s-1152B.champsimtrace.xz
571	:	1790294172.253	 19277.250	0	35448	0	0	./bin/champsim_goldencove_1c_hbm4_llc --warmup-instructions 200000000 --ramulator-stats results/1c/hbm4_llc/ramulator/605.mcf_s-472B.yaml --json results/1c/hbm4_llc/champsim/605.mcf_s-472B.json traces/605.mcf_s-472B.champsimtrace.xz
609	:	1790305078.054	  8707.693	0	35050	0	0	./bin/champsim_goldencove_1c_hbm4_llc --warmup-instructions 200000000 --ramulator-stats results/1c/hbm4_llc/ramulator/641.leela_s-1083B.yaml --json results/1c/hbm4_llc/champsim/641.leela_s-1083B.json traces/641.leela_s-1083B.champsimtrace.xz
569	:	1790293829.793	 20030.838	0	35425	0	0	./bin/champsim_goldencove_1c_hbm4_llc --warmup-instructions 200000000 --ramulator-stats results/1c/hbm4_llc/ramulator/605.mcf_s-1554B.yaml --json results/1c/hbm4_llc/champsim/605.mcf_s-1554B.json traces/605.mcf_s-1554B.champsimtrace.xz
610	:	1790305576.202	  8530.730	0	34932	0	0	./bin/champsim_goldencove_1c_hbm4_llc --warmup-instructions 200000000 --ramulator-stats results/1c/hbm4_llc/ramulator/641.leela_s-149B.yaml --json results/1c/hbm4_llc/champsim/641.leela_s-149B.json traces/641.leela_s-149B.champsimtrace.xz
615	:	1790306707.028	  7504.977	0	34917	0	0	./bin/champsim_goldencove_1c_hbm4_llc --warmup-instructions 200000000 --ramulator-stats results/1c/hbm4_llc/ramulator/644.nab_s-12459B.yaml --json results/1c/hbm4_llc/champsim/644.nab_s-12459B.json traces/644.nab_s-12459B.champsimtrace.xz
612	:	1790306289.528	  8499.734	0	35007	0	0	./bin/champsim_goldencove_1c_hbm4_llc --warmup-instructions 200000000 --ramulator-stats results/1c/hbm4_llc/ramulator/641.leela_s-602B.yaml --json results/1c/hbm4_llc/champsim/641.leela_s-602B.json traces/641.leela_s-602B.champsimtrace.xz
611	:	1790306002.163	  8806.438	0	35008	0	0	./bin/champsim_goldencove_1c_hbm4_llc --warmup-instructions 200000000 --ramulator-stats results/1c/hbm4_llc/ramulator/641.leela_s-334B.yaml --json results/1c/hbm4_llc/champsim/641.leela_s-334B.json traces/641.leela_s-334B.champsimtrace.xz
613	:	1790306294.314	  8536.236	0	35004	0	0	./bin/champsim_goldencove_1c_hbm4_llc --warmup-instructions 200000000 --ramulator-stats results/1c/hbm4_llc/ramulator/641.leela_s-800B.yaml --json results/1c/hbm4_llc/champsim/641.leela_s-800B.json traces/641.leela_s-800B.champsimtrace.xz
614	:	1790306657.969	  8431.056	0	35003	0	0	./bin/champsim_goldencove_1c_hbm4_llc --warmup-instructions 200000000 --ramulator-stats results/1c/hbm4_llc/ramulator/641.leela_s-862B.yaml --json results/1c/hbm4_llc/champsim/641.leela_s-862B.json traces/641.leela_s-862B.champsimtrace.xz
636	:	1790310053.660	  5990.929	0	34904	0	0	./bin/champsim_goldencove_1c_hbm4_llc --warmup-instructions 200000000 --ramulator-stats results/1c/hbm4_llc/ramulator/654.roms_s-1021B.yaml --json results/1c/hbm4_llc/champsim/654.roms_s-1021B.json traces/654.roms_s-1021B.champsimtrace.xz
572	:	1790294330.088	 21860.431	0	35457	0	0	./bin/champsim_goldencove_1c_hbm4_llc --warmup-instructions 200000000 --ramulator-stats results/1c/hbm4_llc/ramulator/605.mcf_s-484B.yaml --json results/1c/hbm4_llc/champsim/605.mcf_s-484B.json traces/605.mcf_s-484B.champsimtrace.xz
617	:	1790307010.858	  9200.003	0	35370	0	0	./bin/champsim_goldencove_1c_hbm4_llc --warmup-instructions 200000000 --ramulator-stats results/1c/hbm4_llc/ramulator/644.nab_s-5853B.yaml --json results/1c/hbm4_llc/champsim/644.nab_s-5853B.json traces/644.nab_s-5853B.champsimtrace.xz
620	:	1790308040.279	  8184.276	0	34982	0	0	./bin/champsim_goldencove_1c_hbm4_llc --warmup-instructions 200000000 --ramulator-stats results/1c/hbm4_llc/ramulator/648.exchange2_s-1227B.yaml --json results/1c/hbm4_llc/champsim/648.exchange2_s-1227B.json traces/648.exchange2_s-1227B.champsimtrace.xz
622	:	1790308216.463	  8051.154	0	34172	0	0	./bin/champsim_goldencove_1c_hbm4_llc --warmup-instructions 200000000 --ramulator-stats results/1c/hbm4_llc/ramulator/648.exchange2_s-1511B.yaml --json results/1c/hbm4_llc/champsim/648.exchange2_s-1511B.json traces/648.exchange2_s-1511B.champsimtrace.xz
627	:	1790308717.436	  7579.969	0	34151	0	0	./bin/champsim_goldencove_1c_hbm4_llc --warmup-instructions 200000000 --ramulator-stats results/1c/hbm4_llc/ramulator/648.exchange2_s-387B.yaml --json results/1c/hbm4_llc/champsim/648.exchange2_s-387B.json traces/648.exchange2_s-387B.champsimtrace.xz
621	:	1790308151.902	  8261.432	0	34973	0	0	./bin/champsim_goldencove_1c_hbm4_llc --warmup-instructions 200000000 --ramulator-stats results/1c/hbm4_llc/ramulator/648.exchange2_s-1247B.yaml --json results/1c/hbm4_llc/champsim/648.exchange2_s-1247B.json traces/648.exchange2_s-1247B.champsimtrace.xz
616	:	1790306900.162	  9573.901	0	34994	0	0	./bin/champsim_goldencove_1c_hbm4_llc --warmup-instructions 200000000 --ramulator-stats results/1c/hbm4_llc/ramulator/644.nab_s-12521B.yaml --json results/1c/hbm4_llc/champsim/644.nab_s-12521B.json traces/644.nab_s-12521B.champsimtrace.xz
624	:	1790308263.532	  8536.365	0	34998	0	0	./bin/champsim_goldencove_1c_hbm4_llc --warmup-instructions 200000000 --ramulator-stats results/1c/hbm4_llc/ramulator/648.exchange2_s-1712B.yaml --json results/1c/hbm4_llc/champsim/648.exchange2_s-1712B.json traces/648.exchange2_s-1712B.champsimtrace.xz
618	:	1790307943.872	  9004.143	0	34958	0	0	./bin/champsim_goldencove_1c_hbm4_llc --warmup-instructions 200000000 --ramulator-stats results/1c/hbm4_llc/ramulator/644.nab_s-7928B.yaml --json results/1c/hbm4_llc/champsim/644.nab_s-7928B.json traces/644.nab_s-7928B.champsimtrace.xz
626	:	1790308486.567	  8492.126	0	34959	0	0	./bin/champsim_goldencove_1c_hbm4_llc --warmup-instructions 200000000 --ramulator-stats results/1c/hbm4_llc/ramulator/648.exchange2_s-353B.yaml --json results/1c/hbm4_llc/champsim/648.exchange2_s-353B.json traces/648.exchange2_s-353B.champsimtrace.xz
625	:	1790308292.532	  8744.096	0	34976	0	0	./bin/champsim_goldencove_1c_hbm4_llc --warmup-instructions 200000000 --ramulator-stats results/1c/hbm4_llc/ramulator/648.exchange2_s-210B.yaml --json results/1c/hbm4_llc/champsim/648.exchange2_s-210B.json traces/648.exchange2_s-210B.champsimtrace.xz
623	:	1790308236.231	  8808.641	0	34190	0	0	./bin/champsim_goldencove_1c_hbm4_llc --warmup-instructions 200000000 --ramulator-stats results/1c/hbm4_llc/ramulator/648.exchange2_s-1699B.yaml --json results/1c/hbm4_llc/champsim/648.exchange2_s-1699B.json traces/648.exchange2_s-1699B.champsimtrace.xz
619	:	1790308038.029	  9102.391	0	34913	0	0	./bin/champsim_goldencove_1c_hbm4_llc --warmup-instructions 200000000 --ramulator-stats results/1c/hbm4_llc/ramulator/644.nab_s-9322B.yaml --json results/1c/hbm4_llc/champsim/644.nab_s-9322B.json traces/644.nab_s-9322B.champsimtrace.xz
628	:	1790308726.854	  8528.247	0	34953	0	0	./bin/champsim_goldencove_1c_hbm4_llc --warmup-instructions 200000000 --ramulator-stats results/1c/hbm4_llc/ramulator/648.exchange2_s-584B.yaml --json results/1c/hbm4_llc/champsim/648.exchange2_s-584B.json traces/648.exchange2_s-584B.champsimtrace.xz
629	:	1790308960.162	  8401.970	0	34959	0	0	./bin/champsim_goldencove_1c_hbm4_llc --warmup-instructions 200000000 --ramulator-stats results/1c/hbm4_llc/ramulator/648.exchange2_s-72B.yaml --json results/1c/hbm4_llc/champsim/648.exchange2_s-72B.json traces/648.exchange2_s-72B.champsimtrace.xz
632	:	1790309232.100	  8186.268	0	34977	0	0	./bin/champsim_goldencove_1c_hbm4_llc --warmup-instructions 200000000 --ramulator-stats results/1c/hbm4_llc/ramulator/649.fotonik3d_s-1B.yaml --json results/1c/hbm4_llc/champsim/649.fotonik3d_s-1B.json traces/649.fotonik3d_s-1B.champsimtrace.xz
647	:	1790312573.085	  5235.756	0	34874	0	0	./bin/champsim_goldencove_1c_hbm4_llc --warmup-instructions 200000000 --ramulator-stats results/1c/hbm4_llc/ramulator/657.xz_s-56B.yaml --json results/1c/hbm4_llc/champsim/657.xz_s-56B.json traces/657.xz_s-56B.champsimtrace.xz
646	:	1790312569.856	  6593.670	0	34952	0	0	./bin/champsim_goldencove_1c_hbm4_llc --warmup-instructions 200000000 --ramulator-stats results/1c/hbm4_llc/ramulator/657.xz_s-4994B.yaml --json results/1c/hbm4_llc/champsim/657.xz_s-4994B.json traces/657.xz_s-4994B.champsimtrace.xz
645	:	1790312512.208	  7440.443	0	34968	0	0	./bin/champsim_goldencove_1c_hbm4_llc --warmup-instructions 200000000 --ramulator-stats results/1c/hbm4_llc/ramulator/657.xz_s-3167B.yaml --json results/1c/hbm4_llc/champsim/657.xz_s-3167B.json traces/657.xz_s-3167B.champsimtrace.xz
644	:	1790312448.725	  7633.815	0	34959	0	0	./bin/champsim_goldencove_1c_hbm4_llc --warmup-instructions 200000000 --ramulator-stats results/1c/hbm4_llc/ramulator/657.xz_s-2302B.yaml --json results/1c/hbm4_llc/champsim/657.xz_s-2302B.json traces/657.xz_s-2302B.champsimtrace.xz
643	:	1790312105.425	  8511.542	0	34999	0	0	./bin/champsim_goldencove_1c_hbm4_llc --warmup-instructions 200000000 --ramulator-stats results/1c/hbm4_llc/ramulator/654.roms_s-842B.yaml --json results/1c/hbm4_llc/champsim/654.roms_s-842B.json traces/654.roms_s-842B.champsimtrace.xz
557	:	1790291939.226	 28951.543	0	35427	0	0	./bin/champsim_goldencove_1c_hbm4_llc --warmup-instructions 200000000 --ramulator-stats results/1c/hbm4_llc/ramulator/602.gcc_s-2226B.yaml --json results/1c/hbm4_llc/champsim/602.gcc_s-2226B.json traces/602.gcc_s-2226B.champsimtrace.xz
641	:	1790311420.259	  9728.856	0	35139	0	0	./bin/champsim_goldencove_1c_hbm4_llc --warmup-instructions 200000000 --ramulator-stats results/1c/hbm4_llc/ramulator/654.roms_s-294B.yaml --json results/1c/hbm4_llc/champsim/654.roms_s-294B.json traces/654.roms_s-294B.champsimtrace.xz
639	:	1790311142.344	 10097.567	0	35153	0	0	./bin/champsim_goldencove_1c_hbm4_llc --warmup-instructions 200000000 --ramulator-stats results/1c/hbm4_llc/ramulator/654.roms_s-1613B.yaml --json results/1c/hbm4_llc/champsim/654.roms_s-1613B.json traces/654.roms_s-1613B.champsimtrace.xz
637	:	1790310240.974	 11752.551	0	35321	0	0	./bin/champsim_goldencove_1c_hbm4_llc --warmup-instructions 200000000 --ramulator-stats results/1c/hbm4_llc/ramulator/654.roms_s-1070B.yaml --json results/1c/hbm4_llc/champsim/654.roms_s-1070B.json traces/654.roms_s-1070B.champsimtrace.xz
635	:	1790309828.425	 12277.476	0	35325	0	0	./bin/champsim_goldencove_1c_hbm4_llc --warmup-instructions 200000000 --ramulator-stats results/1c/hbm4_llc/ramulator/654.roms_s-1007B.yaml --json results/1c/hbm4_llc/champsim/654.roms_s-1007B.json traces/654.roms_s-1007B.champsimtrace.xz
640	:	1790311207.394	 12088.777	0	35280	0	0	./bin/champsim_goldencove_1c_hbm4_llc --warmup-instructions 200000000 --ramulator-stats results/1c/hbm4_llc/ramulator/654.roms_s-293B.yaml --json results/1c/hbm4_llc/champsim/654.roms_s-293B.json traces/654.roms_s-293B.champsimtrace.xz
638	:	1790310567.846	 13044.779	0	35324	0	0	./bin/champsim_goldencove_1c_hbm4_llc --warmup-instructions 200000000 --ramulator-stats results/1c/hbm4_llc/ramulator/654.roms_s-1390B.yaml --json results/1c/hbm4_llc/champsim/654.roms_s-1390B.json traces/654.roms_s-1390B.champsimtrace.xz
633	:	1790309384.194	 14332.526	0	35178	0	0	./bin/champsim_goldencove_1c_hbm4_llc --warmup-instructions 200000000 --ramulator-stats results/1c/hbm4_llc/ramulator/649.fotonik3d_s-7084B.yaml --json results/1c/hbm4_llc/champsim/649.fotonik3d_s-7084B.json traces/649.fotonik3d_s-7084B.champsimtrace.xz
642	:	1790311874.612	 12690.542	0	35307	0	0	./bin/champsim_goldencove_1c_hbm4_llc --warmup-instructions 200000000 --ramulator-stats results/1c/hbm4_llc/ramulator/654.roms_s-523B.yaml --json results/1c/hbm4_llc/champsim/654.roms_s-523B.json traces/654.roms_s-523B.champsimtrace.xz
631	:	1790309134.686	 16399.811	0	35408	0	0	./bin/champsim_goldencove_1c_hbm4_llc --warmup-instructions 200000000 --ramulator-stats results/1c/hbm4_llc/ramulator/649.fotonik3d_s-1176B.yaml --json results/1c/hbm4_llc/champsim/649.fotonik3d_s-1176B.json traces/649.fotonik3d_s-1176B.champsimtrace.xz
630	:	1790309108.437	 16725.609	0	35397	0	0	./bin/champsim_goldencove_1c_hbm4_llc --warmup-instructions 200000000 --ramulator-stats results/1c/hbm4_llc/ramulator/649.fotonik3d_s-10881B.yaml --json results/1c/hbm4_llc/champsim/649.fotonik3d_s-10881B.json traces/649.fotonik3d_s-10881B.champsimtrace.xz
634	:	1790309761.205	 16805.860	0	35366	0	0	./bin/champsim_goldencove_1c_hbm4_llc --warmup-instructions 200000000 --ramulator-stats results/1c/hbm4_llc/ramulator/649.fotonik3d_s-8225B.yaml --json results/1c/hbm4_llc/champsim/649.fotonik3d_s-8225B.json traces/649.fotonik3d_s-8225B.champsimtrace.xz
574	:	1790294396.240	 33867.420	0	35441	0	0	./bin/champsim_goldencove_1c_hbm4_llc --warmup-instructions 200000000 --ramulator-stats results/1c/hbm4_llc/ramulator/605.mcf_s-782B.yaml --json results/1c/hbm4_llc/champsim/605.mcf_s-782B.json traces/605.mcf_s-782B.champsimtrace.xz
479	:	1790272242.536	 56271.283	0	35110	0	0	./bin/champsim_goldencove_1c_hbm4 --warmup-instructions 200000000 --ramulator-stats results/1c/hbm4/ramulator/605.mcf_s-782B.yaml --json results/1c/hbm4/champsim/605.mcf_s-782B.json traces/605.mcf_s-782B.champsimtrace.xz
